productName,category,batchNum,supplier,date,availableQty,damageQty,displayQty,description,isNil,isCancelled
RP 1 HG,REAL PLUS,0,KETONE LAMINATES LLP,08-08-2026,8,0,0,,FALSE,FALSE
RP 2 HG,REAL PLUS,0,KETONE LAMINATES LLP,08-08-2026,7,0,0,,FALSE,FALSE
2061 VNR,REAL PLUS,0,KETONE LAMINATES LLP,08-08-2026,4,0,0,,FALSE,FALSE
E25 2040 HZ,REAL PLUS,0,KETONE LAMINATES LLP,08-08-2026,6,0,0,,FALSE,FALSE
E25 2041 HZ,REAL PLUS,0,KETONE LAMINATES LLP,08-08-2026,7,0,0,,FALSE,FALSE
E35 563 ,REAL PLUS,0,KETONE LAMINATES LLP,08-08-2026,8,0,0,,FALSE,FALSE
E35 576,REAL PLUS,0,KETONE LAMINATES LLP,08-08-2026,4,1,0,,FALSE,FALSE
E35 1083,REAL PLUS,0,KETONE LAMINATES LLP,08-08-2026,8,0,0,,FALSE,FALSE
E35 1135,REAL PLUS,0,KETONE LAMINATES LLP,08-08-2026,6,0,0,,FALSE,FALSE
E36 1077,REAL PLUS,0,KETONE LAMINATES LLP,08-08-2026,6,0,0,,FALSE,FALSE
E36 1083,REAL PLUS,0,KETONE LAMINATES LLP,08-08-2026,6,0,0,,FALSE,FALSE
 E37 1165 HZ,REAL PLUS,0,KETONE LAMINATES LLP,08-08-2026,7,0,0,,FALSE,FALSE
E37 1185 HZ,REAL PLUS,0,KETONE LAMINATES LLP,08-08-2026,7,3,0,,FALSE,FALSE
E37 1186 HZ,REAL PLUS,0,KETONE LAMINATES LLP,08-08-2026,5,0,0,,FALSE,FALSE
E37 2042 HZ,REAL PLUS,0,KETONE LAMINATES LLP,08-08-2026,7,0,0,,FALSE,FALSE
E40 1166,REAL PLUS,0,KETONE LAMINATES LLP,08-08-2026,6,4,0,,FALSE,FALSE
E40 1170,REAL PLUS,0,KETONE LAMINATES LLP,08-08-2026,4,0,0,,FALSE,FALSE
E40 1171,REAL PLUS,0,KETONE LAMINATES LLP,08-08-2026,9,0,0,,FALSE,FALSE
E40 2020,REAL PLUS,0,KETONE LAMINATES LLP,08-08-2026,7,0,0,,FALSE,FALSE
E40 2021,REAL PLUS,0,KETONE LAMINATES LLP,08-08-2026,7,0,0,,FALSE,FALSE
E40 2038,REAL PLUS,0,KETONE LAMINATES LLP,08-08-2026,3,0,0,,FALSE,FALSE
E40 2058,REAL PLUS,0,KETONE LAMINATES LLP,08-08-2026,9,0,0,,FALSE,FALSE
E40 2062,REAL PLUS,0,KETONE LAMINATES LLP,08-08-2026,21,0,0,,FALSE,FALSE
E40 2063,REAL PLUS,0,KETONE LAMINATES LLP,08-08-2026,14,0,0,,FALSE,FALSE
E42 1179,REAL PLUS,0,KETONE LAMINATES LLP,08-08-2026,10,0,0,,FALSE,FALSE
E42 1180,REAL PLUS,0,KETONE LAMINATES LLP,08-08-2026,2,0,0,,FALSE,FALSE
E42 2037,REAL PLUS,0,KETONE LAMINATES LLP,08-08-2026,12,0,0,,FALSE,FALSE
E42 2059,REAL PLUS,0,KETONE LAMINATES LLP,08-08-2026,4,0,0,,FALSE,FALSE
E43 534,REAL PLUS,0,KETONE LAMINATES LLP,08-08-2026,3,0,0,,FALSE,FALSE
E43 1181,REAL PLUS,0,KETONE LAMINATES LLP,08-08-2026,8,1,0,,FALSE,FALSE
E43 1183,REAL PLUS,0,KETONE LAMINATES LLP,08-08-2026,15,0,0,,FALSE,FALSE
E43 1184,REAL PLUS,0,KETONE LAMINATES LLP,08-08-2026,7,0,0,,FALSE,FALSE
E44 1166 HZ,REAL PLUS,0,KETONE LAMINATES LLP,08-08-2026,3,0,0,,FALSE,FALSE
E45 1137,REAL PLUS,0,KETONE LAMINATES LLP,08-08-2026,4,1,0,,FALSE,FALSE
E45 1138,REAL PLUS,0,KETONE LAMINATES LLP,08-08-2026,4,0,0,,FALSE,FALSE
E45 1165,REAL PLUS,0,KETONE LAMINATES LLP,08-08-2026,7,1,0,,FALSE,FALSE
E45 1169,REAL PLUS,0,KETONE LAMINATES LLP,08-08-2026,0,0,0,,FALSE,FALSE
E45 2014,REAL PLUS,0,KETONE LAMINATES LLP,08-08-2026,0,0,0,,FALSE,FALSE
E45 2035,REAL PLUS,0,KETONE LAMINATES LLP,08-08-2026,9,0,0,,FALSE,FALSE
E45 2036,REAL PLUS,0,KETONE LAMINATES LLP,08-08-2026,9,0,0,,FALSE,FALSE
E46 2040,REAL PLUS,0,KETONE LAMINATES LLP,08-08-2026,3,1,0,,FALSE,FALSE
E48 1168,REAL PLUS,0,KETONE LAMINATES LLP,08-08-2026,9,0,0,,FALSE,FALSE
E48 2011,REAL PLUS,0,KETONE LAMINATES LLP,08-08-2026,0,0,0,,TRUE,FALSE
E48 2015,REAL PLUS,0,KETONE LAMINATES LLP,08-08-2026,3,0,0,,FALSE,FALSE
E48 2018,REAL PLUS,0,KETONE LAMINATES LLP,08-08-2026,3,1,0,,FALSE,FALSE
E49 2014,REAL PLUS,0,KETONE LAMINATES LLP,08-08-2026,3,0,0,,FALSE,FALSE
E49 2022,REAL PLUS,0,KETONE LAMINATES LLP,08-08-2026,3,0,0,,FALSE,FALSE
E50 2015,REAL PLUS,0,KETONE LAMINATES LLP,08-08-2026,4,0,0,,FALSE,FALSE
E50 2018,REAL PLUS,0,KETONE LAMINATES LLP,08-08-2026,5,1,0,,FALSE,FALSE
E50 2020,REAL PLUS,0,KETONE LAMINATES LLP,08-08-2026,7,0,0,,FALSE,FALSE
E50 2022,REAL PLUS,0,KETONE LAMINATES LLP,08-08-2026,12,0,0,,FALSE,FALSE
E51 1077,REAL PLUS,0,KETONE LAMINATES LLP,08-08-2026,6,2,0,,FALSE,FALSE
E51 1165,REAL PLUS,0,KETONE LAMINATES LLP,08-08-2026,7,0,0,,FALSE,FALSE
E51 1169,REAL PLUS,0,KETONE LAMINATES LLP,08-08-2026,5,0,0,,FALSE,FALSE
E51 2040,REAL PLUS,0,KETONE LAMINATES LLP,08-08-2026,4,0,0,,FALSE,FALSE
E51 2041,REAL PLUS,0,KETONE LAMINATES LLP,08-08-2026,13,1,0,,FALSE,FALSE
E52 1135,REAL PLUS,0,KETONE LAMINATES LLP,08-08-2026,4,0,0,,FALSE,FALSE
E52 2035,REAL PLUS,0,KETONE LAMINATES LLP,08-08-2026,5,1,0,,FALSE,FALSE
E52 2036,REAL PLUS,0,KETONE LAMINATES LLP,08-08-2026,8,0,0,,FALSE,FALSE
E52 2039,REAL PLUS,0,KETONE LAMINATES LLP,08-08-2026,6,2,0,,FALSE,FALSE
E53 2033,REAL PLUS,0,KETONE LAMINATES LLP,08-08-2026,0,0,0,,TRUE,FALSE
E53 2034,REAL PLUS,0,KETONE LAMINATES LLP,08-08-2026,0,0,0,,TRUE,FALSE
E53 2053,REAL PLUS,0,KETONE LAMINATES LLP,08-08-2026,1,0,0,,FALSE,FALSE
E53 2060,REAL PLUS,0,KETONE LAMINATES LLP,08-08-2026,7,0,0,,FALSE,FALSE
E54 2043,REAL PLUS,0,KETONE LAMINATES LLP,08-08-2026,6,0,0,,FALSE,FALSE
E54 2044,REAL PLUS,0,KETONE LAMINATES LLP,08-08-2026,2,0,0,,FALSE,FALSE
E54 2045,REAL PLUS,0,KETONE LAMINATES LLP,08-08-2026,4,0,0,,FALSE,FALSE
E54 2046,REAL PLUS,0,KETONE LAMINATES LLP,08-08-2026,13,0,0,,FALSE,FALSE
E56 2054,REAL PLUS,0,KETONE LAMINATES LLP,08-08-2026,6,0,0,,FALSE,FALSE
E56 2055,REAL PLUS,0,KETONE LAMINATES LLP,08-08-2026,9,0,0,,FALSE,FALSE
E56 2056,REAL PLUS,0,KETONE LAMINATES LLP,08-08-2026,6,0,0,,FALSE,FALSE
E56 2057,REAL PLUS,0,KETONE LAMINATES LLP,08-08-2026,6,2,0,,FALSE,FALSE
E57 2058,REAL PLUS,0,KETONE LAMINATES LLP,08-08-2026,5,0,0,,FALSE,FALSE
E58 616,REAL PLUS,0,KETONE LAMINATES LLP,08-08-2026,11,0,0,,FALSE,FALSE
E58 626,REAL PLUS,0,KETONE LAMINATES LLP,08-08-2026,1,0,0,,FALSE,FALSE
E58 627,REAL PLUS,0,KETONE LAMINATES LLP,08-08-2026,8,0,0,,FALSE,FALSE
E58 628,REAL PLUS,0,KETONE LAMINATES LLP,08-08-2026,7,0,0,,FALSE,FALSE
E58 629,REAL PLUS,0,KETONE LAMINATES LLP,08-08-2026,6,0,0,,FALSE,FALSE
E58 630,REAL PLUS,0,KETONE LAMINATES LLP,08-08-2026,5,0,0,,FALSE,FALSE
E58 631,REAL PLUS,0,KETONE LAMINATES LLP,08-08-2026,10,0,0,,FALSE,FALSE
E58 632,REAL PLUS,0,KETONE LAMINATES LLP,08-08-2026,5,0,0,,FALSE,FALSE
E58 633,REAL PLUS,0,KETONE LAMINATES LLP,08-08-2026,12,0,0,,FALSE,FALSE
E58 634,REAL PLUS,0,KETONE LAMINATES LLP,08-08-2026,6,0,0,,FALSE,FALSE
E58 635,REAL PLUS,0,KETONE LAMINATES LLP,08-08-2026,17,0,0,,FALSE,FALSE
E58 636,REAL PLUS,0,KETONE LAMINATES LLP,08-08-2026,8,0,0,,FALSE,FALSE
E58 637,REAL PLUS,0,KETONE LAMINATES LLP,08-08-2026,6,0,0,,FALSE,FALSE
E58 638,REAL PLUS,0,KETONE LAMINATES LLP,08-08-2026,11,0,0,,FALSE,FALSE
E58 640,REAL PLUS,0,KETONE LAMINATES LLP,08-08-2026,7,0,0,,FALSE,FALSE
E58 1077,REAL PLUS,0,KETONE LAMINATES LLP,08-08-2026,6,0,0,,FALSE,FALSE
E58 2048,REAL PLUS,0,KETONE LAMINATES LLP,08-08-2026,9,0,0,,FALSE,FALSE
E58 2051,REAL PLUS,0,KETONE LAMINATES LLP,08-08-2026,8,0,0,,FALSE,FALSE
E59 2051,REAL PLUS,0,KETONE LAMINATES LLP,08-08-2026,10,0,0,,FALSE,FALSE
E59 2059,REAL PLUS,0,KETONE LAMINATES LLP,08-08-2026,7,0,0,,FALSE,FALSE
E59 2060,REAL PLUS,0,KETONE LAMINATES LLP,08-08-2026,5,0,0,,FALSE,FALSE
E60 509,REAL PLUS,0,KETONE LAMINATES LLP,08-08-2026,3,0,0,,FALSE,FALSE
E60 563,REAL PLUS,0,KETONE LAMINATES LLP,08-08-2026,4,0,0,,FALSE,FALSE
E60 1079,REAL PLUS,0,KETONE LAMINATES LLP,08-08-2026,6,0,0,,FALSE,FALSE
E60 1080,REAL PLUS,0,KETONE LAMINATES LLP,08-08-2026,4,0,0,,FALSE,FALSE
E61 2056,REAL PLUS,0,KETONE LAMINATES LLP,08-08-2026,10,0,0,,FALSE,FALSE
E61 2057,REAL PLUS,0,KETONE LAMINATES LLP,08-08-2026,21,0,0,,FALSE,FALSE
E62 1084,REAL PLUS,0,KETONE LAMINATES LLP,08-08-2026,7,0,0,,FALSE,FALSE
E62 1085,REAL PLUS,0,KETONE LAMINATES LLP,08-08-2026,8,0,0,,FALSE,FALSE
E63 2062,REAL PLUS,0,KETONE LAMINATES LLP,08-08-2026,6,0,0,,FALSE,FALSE
E63 2063,REAL PLUS,0,KETONE LAMINATES LLP,08-08-2026,4,0,0,,FALSE,FALSE
E63 2064,REAL PLUS,0,KETONE LAMINATES LLP,08-08-2026,3,0,0,,FALSE,FALSE
E63 2065,REAL PLUS,0,KETONE LAMINATES LLP,08-08-2026,5,0,0,,FALSE,FALSE
E63 2066,REAL PLUS,0,KETONE LAMINATES LLP,08-08-2026,8,0,0,,FALSE,FALSE
E63 2067,REAL PLUS,0,KETONE LAMINATES LLP,08-08-2026,13,0,0,,FALSE,FALSE
E64 2067,REAL PLUS,0,KETONE LAMINATES LLP,08-08-2026,5,0,0,,FALSE,FALSE
MT 501,REAL PLUS,0,KETONE LAMINATES LLP,08-08-2026,8,0,0,,FALSE,FALSE
MT 601,REAL PLUS,0,KETONE LAMINATES LLP,08-08-2026,5,0,0,,FALSE,FALSE
SF 501 ,REAL PLUS,0,KETONE LAMINATES LLP,08-08-2026,6,0,0,,FALSE,FALSE
SF 502 ,REAL PLUS,0,KETONE LAMINATES LLP,08-08-2026,2,1,0,,FALSE,FALSE
SF 507 ,REAL PLUS,0,KETONE LAMINATES LLP,08-08-2026,5,0,0,,FALSE,FALSE
SF 509 ,REAL PLUS,0,KETONE LAMINATES LLP,08-08-2026,1,3,0,COLOR DEFECT,FALSE,FALSE
SF 534 ,REAL PLUS,0,KETONE LAMINATES LLP,08-08-2026,6,0,0,,FALSE,FALSE
SF 563 ,REAL PLUS,0,KETONE LAMINATES LLP,08-08-2026,18,0,0,,FALSE,FALSE
SF 568 ,REAL PLUS,0,KETONE LAMINATES LLP,08-08-2026,3,0,0,,FALSE,FALSE
SF 576 ,REAL PLUS,0,KETONE LAMINATES LLP,08-08-2026,3,0,0,,FALSE,FALSE
SF 589 ,REAL PLUS,0,KETONE LAMINATES LLP,08-08-2026,5,0,0,,FALSE,FALSE
SF 593 ,REAL PLUS,0,KETONE LAMINATES LLP,08-08-2026,2,0,0,,FALSE,FALSE
SF 594 ,REAL PLUS,0,KETONE LAMINATES LLP,08-08-2026,4,1,0,,FALSE,FALSE
SF 595 ,REAL PLUS,0,KETONE LAMINATES LLP,08-08-2026,5,0,0,,FALSE,FALSE
SF 596 ,REAL PLUS,0,KETONE LAMINATES LLP,08-08-2026,8,0,0,,FALSE,FALSE
SF 598 ,REAL PLUS,0,KETONE LAMINATES LLP,08-08-2026,1,0,0,,FALSE,FALSE
SF 600 ,REAL PLUS,0,KETONE LAMINATES LLP,08-08-2026,4,0,0,,FALSE,FALSE
SF 605 ,REAL PLUS,0,KETONE LAMINATES LLP,08-08-2026,1,0,0,,FALSE,FALSE
SF 607 ,REAL PLUS,0,KETONE LAMINATES LLP,08-08-2026,1,0,0,,FALSE,FALSE
SF 611 ,REAL PLUS,0,KETONE LAMINATES LLP,08-08-2026,3,0,0,,FALSE,FALSE
SF 612 ,REAL PLUS,0,KETONE LAMINATES LLP,08-08-2026,0,0,0,,FALSE,FALSE
SF 614 ,REAL PLUS,0,KETONE LAMINATES LLP,08-08-2026,5,0,0,,FALSE,FALSE
SF 615 ,REAL PLUS,0,KETONE LAMINATES LLP,08-08-2026,6,0,0,,FALSE,FALSE
SF 616 ,REAL PLUS,0,KETONE LAMINATES LLP,08-08-2026,18,0,0,,FALSE,FALSE
SF 617 ,REAL PLUS,0,KETONE LAMINATES LLP,08-08-2026,10,0,0,,FALSE,FALSE
SF 618 ,REAL PLUS,0,KETONE LAMINATES LLP,08-08-2026,5,0,0,,FALSE,FALSE
SF 619 ,REAL PLUS,0,KETONE LAMINATES LLP,08-08-2026,0,0,0,,FALSE,TRUE
SF 621 ,REAL PLUS,0,KETONE LAMINATES LLP,08-08-2026,6,0,0,,FALSE,FALSE
SF 622 A ,REAL PLUS,0,KETONE LAMINATES LLP,08-08-2026,5,0,0,,FALSE,FALSE
SF 623 ,REAL PLUS,0,KETONE LAMINATES LLP,08-08-2026,10,0,0,,FALSE,FALSE
SF 624 ,REAL PLUS,0,KETONE LAMINATES LLP,08-08-2026,8,0,0,,FALSE,FALSE
SF 625 ,REAL PLUS,0,KETONE LAMINATES LLP,08-08-2026,10,0,0,,FALSE,FALSE
SF 626 ,REAL PLUS,0,KETONE LAMINATES LLP,08-08-2026,6,0,0,,FALSE,FALSE
SF 627 ,REAL PLUS,0,KETONE LAMINATES LLP,08-08-2026,5,0,0,,FALSE,FALSE
SF 628 ,REAL PLUS,0,KETONE LAMINATES LLP,08-08-2026,6,0,0,,FALSE,FALSE
SF 930 ,REAL PLUS,0,KETONE LAMINATES LLP,08-08-2026,4,0,0,,FALSE,FALSE
SF 1077 ,REAL PLUS,0,KETONE LAMINATES LLP,08-08-2026,5,0,0,,FALSE,FALSE
SF 1084 ,REAL PLUS,0,KETONE LAMINATES LLP,08-08-2026,4,0,0,,FALSE,FALSE
SF 1085 ,REAL PLUS,0,KETONE LAMINATES LLP,08-08-2026,4,0,0,,FALSE,FALSE
SF 1135 ,REAL PLUS,0,KETONE LAMINATES LLP,08-08-2026,6,0,0,,FALSE,FALSE
SF 1137 ,REAL PLUS,0,KETONE LAMINATES LLP,08-08-2026,5,0,0,,FALSE,FALSE
SF 1138 ,REAL PLUS,0,KETONE LAMINATES LLP,08-08-2026,3,0,0,,FALSE,FALSE
SF 1165 ,REAL PLUS,0,KETONE LAMINATES LLP,08-08-2026,6,0,0,,FALSE,FALSE
SF 1166 ,REAL PLUS,0,KETONE LAMINATES LLP,08-08-2026,4,0,0,,FALSE,FALSE
SF 1167 ,REAL PLUS,0,KETONE LAMINATES LLP,08-08-2026,4,0,0,,FALSE,FALSE
SF 1168 ,REAL PLUS,0,KETONE LAMINATES LLP,08-08-2026,6,0,0,,FALSE,FALSE
SF 1169 ,REAL PLUS,0,KETONE LAMINATES LLP,08-08-2026,7,0,0,,FALSE,FALSE
SF 1170 ,REAL PLUS,0,KETONE LAMINATES LLP,08-08-2026,14,0,0,,FALSE,FALSE
SF 1171 ,REAL PLUS,0,KETONE LAMINATES LLP,08-08-2026,5,1,0,,FALSE,FALSE
SF 1196 ,REAL PLUS,0,KETONE LAMINATES LLP,08-08-2026,0,0,0,,FALSE,TRUE
SF 2010 ,REAL PLUS,0,KETONE LAMINATES LLP,08-08-2026,5,0,0,,FALSE,FALSE
SF 2011 ,REAL PLUS,0,KETONE LAMINATES LLP,08-08-2026,0,0,0,,FALSE,TRUE
SF 2012 ,REAL PLUS,0,KETONE LAMINATES LLP,08-08-2026,5,0,0,,FALSE,FALSE
SF 2014 ,REAL PLUS,0,KETONE LAMINATES LLP,08-08-2026,0,0,0,,FALSE,FALSE
SF 2015 ,REAL PLUS,0,KETONE LAMINATES LLP,08-08-2026,1,0,0,,FALSE,FALSE
SF 2016 ,REAL PLUS,0,KETONE LAMINATES LLP,08-08-2026,5,2,0,,FALSE,FALSE
SF 2017 ,REAL PLUS,0,KETONE LAMINATES LLP,08-08-2026,6,0,0,,FALSE,FALSE
SF 2018 ,REAL PLUS,0,KETONE LAMINATES LLP,08-08-2026,13,0,0,,FALSE,FALSE
SF 2020 ,REAL PLUS,0,KETONE LAMINATES LLP,08-08-2026,5,0,0,,FALSE,FALSE
SF 2021 ,REAL PLUS,0,KETONE LAMINATES LLP,08-08-2026,9,2,0,,FALSE,FALSE
SF 2022 ,REAL PLUS,0,KETONE LAMINATES LLP,08-08-2026,9,0,0,,FALSE,FALSE
SF 2035 ,REAL PLUS,0,KETONE LAMINATES LLP,08-08-2026,4,0,0,,FALSE,FALSE
SF 2036 ,REAL PLUS,0,KETONE LAMINATES LLP,08-08-2026,1,0,0,,FALSE,FALSE
SF 2039 ,REAL PLUS,0,KETONE LAMINATES LLP,08-08-2026,2,0,0,,FALSE,FALSE
SF 2040 ,REAL PLUS,0,KETONE LAMINATES LLP,08-08-2026,2,0,0,,FALSE,FALSE
SF 2041 ,REAL PLUS,0,KETONE LAMINATES LLP,08-08-2026,3,0,0,,FALSE,FALSE
SF 2054 ,REAL PLUS,0,KETONE LAMINATES LLP,08-08-2026,0,0,0,,FALSE,FALSE
SF 2055 ,REAL PLUS,0,KETONE LAMINATES LLP,08-08-2026,5,0,0,,FALSE,FALSE
SF 2056 ,REAL PLUS,0,KETONE LAMINATES LLP,08-08-2026,1,0,0,,FALSE,FALSE
SF 2057 ,REAL PLUS,0,KETONE LAMINATES LLP,08-08-2026,3,0,0,,FALSE,FALSE
SF 2058 ,REAL PLUS,0,KETONE LAMINATES LLP,08-08-2026,3,0,0,,FALSE,FALSE
HG 650 SP,REAL PLUS,0,KETONE LAMINATES LLP,08-08-2026,4,0,0,,FALSE,FALSE
HG 651 SP,REAL PLUS,0,KETONE LAMINATES LLP,08-08-2026,3,0,0,,FALSE,FALSE
HG 652 SP,REAL PLUS,0,KETONE LAMINATES LLP,08-08-2026,0,0,0,,FALSE,FALSE
HG 653 SP,REAL PLUS,0,KETONE LAMINATES LLP,08-08-2026,11,0,0,,FALSE,FALSE
HG 654 SP,REAL PLUS,0,KETONE LAMINATES LLP,08-08-2026,7,0,0,,FALSE,FALSE
HG 655 SP,REAL PLUS,0,KETONE LAMINATES LLP,08-08-2026,6,0,0,,FALSE,FALSE
HG 656 SP,REAL PLUS,0,KETONE LAMINATES LLP,08-08-2026,5,0,0,,FALSE,FALSE
HG 657 SP,REAL PLUS,0,KETONE LAMINATES LLP,08-08-2026,6,0,0,,FALSE,FALSE
HG 501 ,REAL PLUS,0,KETONE LAMINATES LLP,08-08-2026,9,0,0,,FALSE,FALSE
HG 502 ,REAL PLUS,0,KETONE LAMINATES LLP,08-08-2026,7,0,0,,FALSE,FALSE
HG 507 ,REAL PLUS,0,KETONE LAMINATES LLP,08-08-2026,4,0,0,,FALSE,FALSE
HG 509 ,REAL PLUS,0,KETONE LAMINATES LLP,08-08-2026,6,0,0,,FALSE,FALSE
HG 534 ,REAL PLUS,0,KETONE LAMINATES LLP,08-08-2026,1,0,0,,FALSE,FALSE
HG 563 ,REAL PLUS,0,KETONE LAMINATES LLP,08-08-2026,11,2,0,,FALSE,FALSE
HG 568 ,REAL PLUS,0,KETONE LAMINATES LLP,08-08-2026,7,0,0,,FALSE,FALSE
HG 576 ,REAL PLUS,0,KETONE LAMINATES LLP,08-08-2026,4,1,0,,FALSE,FALSE
HG 589 ,REAL PLUS,0,KETONE LAMINATES LLP,08-08-2026,5,0,0,,FALSE,FALSE
HG 593 ,REAL PLUS,0,KETONE LAMINATES LLP,08-08-2026,3,0,0,,FALSE,FALSE
HG 594 ,REAL PLUS,0,KETONE LAMINATES LLP,08-08-2026,3,0,0,,FALSE,FALSE
HG 595 ,REAL PLUS,0,KETONE LAMINATES LLP,08-08-2026,4,0,0,,FALSE,FALSE
HG 596 ,REAL PLUS,0,KETONE LAMINATES LLP,08-08-2026,5,0,0,,FALSE,FALSE
HG 598 ,REAL PLUS,0,KETONE LAMINATES LLP,08-08-2026,2,0,0,,FALSE,FALSE
HG 600 ,REAL PLUS,0,KETONE LAMINATES LLP,08-08-2026,6,0,0,,FALSE,FALSE
HG 605 ,REAL PLUS,0,KETONE LAMINATES LLP,08-08-2026,2,2,0,COLOR VARATION,FALSE,FALSE
HG 607 ,REAL PLUS,0,KETONE LAMINATES LLP,08-08-2026,2,0,0,,FALSE,FALSE
HG 611 ,REAL PLUS,0,KETONE LAMINATES LLP,08-08-2026,6,0,0,,FALSE,FALSE
HG 612 ,REAL PLUS,0,KETONE LAMINATES LLP,08-08-2026,0,0,0,,FALSE,FALSE
HG 614 ,REAL PLUS,0,KETONE LAMINATES LLP,08-08-2026,6,0,0,,FALSE,FALSE
HG 615 ,REAL PLUS,0,KETONE LAMINATES LLP,08-08-2026,2,0,0,,FALSE,FALSE
HG 616 ,REAL PLUS,0,KETONE LAMINATES LLP,08-08-2026,8,0,0,,FALSE,FALSE
HG 617 ,REAL PLUS,0,KETONE LAMINATES LLP,08-08-2026,5,1,0,7X3,FALSE,FALSE
HG 618 ,REAL PLUS,0,KETONE LAMINATES LLP,08-08-2026,3,0,0,,FALSE,FALSE
HG 619 ,REAL PLUS,0,KETONE LAMINATES LLP,08-08-2026,0,0,0,,FALSE,TRUE
HG 621 ,REAL PLUS,0,KETONE LAMINATES LLP,08-08-2026,4,0,0,,FALSE,FALSE
HG 622 A ,REAL PLUS,0,KETONE LAMINATES LLP,08-08-2026,6,0,0,,FALSE,FALSE
HG 623 ,REAL PLUS,0,KETONE LAMINATES LLP,08-08-2026,10,0,0,,FALSE,FALSE
HG 624 ,REAL PLUS,0,KETONE LAMINATES LLP,08-08-2026,9,0,0,,FALSE,FALSE
HG 625 ,REAL PLUS,0,KETONE LAMINATES LLP,08-08-2026,8,0,0,,FALSE,FALSE
HG 626 ,REAL PLUS,0,KETONE LAMINATES LLP,08-08-2026,10,1,0,,FALSE,FALSE
HG 627 ,REAL PLUS,0,KETONE LAMINATES LLP,08-08-2026,11,0,0,,FALSE,FALSE
HG 628 ,REAL PLUS,0,KETONE LAMINATES LLP,08-08-2026,11,0,0,,FALSE,FALSE
HG 629 ,REAL PLUS,0,KETONE LAMINATES LLP,08-08-2026,4,0,0,,FALSE,FALSE
HG 630 ,REAL PLUS,0,KETONE LAMINATES LLP,08-08-2026,6,0,0,,FALSE,FALSE
HG 631 ,REAL PLUS,0,KETONE LAMINATES LLP,08-08-2026,6,0,0,,FALSE,FALSE
HG 632 ,REAL PLUS,0,KETONE LAMINATES LLP,08-08-2026,7,0,0,,FALSE,FALSE
HG 633 ,REAL PLUS,0,KETONE LAMINATES LLP,08-08-2026,9,0,0,,FALSE,FALSE
HG 634 ,REAL PLUS,0,KETONE LAMINATES LLP,08-08-2026,6,0,0,,FALSE,FALSE
HG 635 ,REAL PLUS,0,KETONE LAMINATES LLP,08-08-2026,7,0,0,,FALSE,FALSE
HG 636 ,REAL PLUS,0,KETONE LAMINATES LLP,08-08-2026,6,0,0,,FALSE,FALSE
HG 637 ,REAL PLUS,0,KETONE LAMINATES LLP,08-08-2026,8,0,0,,FALSE,FALSE
HG 638 ,REAL PLUS,0,KETONE LAMINATES LLP,08-08-2026,4,0,0,,FALSE,FALSE
HG 1137 ,REAL PLUS,0,KETONE LAMINATES LLP,08-08-2026,6,0,0,,FALSE,FALSE
HG 1138 ,REAL PLUS,0,KETONE LAMINATES LLP,08-08-2026,2,0,0,,FALSE,FALSE
HG 1179 ,REAL PLUS,0,KETONE LAMINATES LLP,08-08-2026,10,0,0,,FALSE,FALSE
HG 1180 ,REAL PLUS,0,KETONE LAMINATES LLP,08-08-2026,6,0,0,,FALSE,FALSE
HG 1183 ,REAL PLUS,0,KETONE LAMINATES LLP,08-08-2026,4,0,0,,FALSE,FALSE
HG 1184 ,REAL PLUS,0,KETONE LAMINATES LLP,08-08-2026,6,0,0,,FALSE,FALSE
HG 2011 ,REAL PLUS,0,KETONE LAMINATES LLP,08-08-2026,0,0,0,,FALSE,TRUE
HG 2012 ,REAL PLUS,0,KETONE LAMINATES LLP,08-08-2026,6,0,0,,FALSE,FALSE
HG 2016 ,REAL PLUS,0,KETONE LAMINATES LLP,08-08-2026,6,0,0,,FALSE,FALSE
HG 2017 ,REAL PLUS,0,KETONE LAMINATES LLP,08-08-2026,6,2,0,,FALSE,FALSE
HG 2033 ,REAL PLUS,0,KETONE LAMINATES LLP,08-08-2026,0,0,0,,FALSE,TRUE
HG 2034 ,REAL PLUS,0,KETONE LAMINATES LLP,08-08-2026,0,0,0,,FALSE,TRUE
HG 2035 ,REAL PLUS,0,KETONE LAMINATES LLP,08-08-2026,2,0,0,,FALSE,FALSE
HG 2036 ,REAL PLUS,0,KETONE LAMINATES LLP,08-08-2026,4,1,0,,FALSE,FALSE
HG 2037 ,REAL PLUS,0,KETONE LAMINATES LLP,08-08-2026,8,0,0,,FALSE,FALSE
HG 2038 ,REAL PLUS,0,KETONE LAMINATES LLP,08-08-2026,6,0,0,,FALSE,FALSE
HG 2039 ,REAL PLUS,0,KETONE LAMINATES LLP,08-08-2026,6,0,0,,FALSE,FALSE
HG 2042 ,REAL PLUS,0,KETONE LAMINATES LLP,08-08-2026,8,0,0,,FALSE,FALSE
HG 2047 ,REAL PLUS,0,KETONE LAMINATES LLP,08-08-2026,19,0,0,,FALSE,FALSE
HG 2049 ,REAL PLUS,0,KETONE LAMINATES LLP,08-08-2026,6,0,0,,FALSE,FALSE
HG 2050 ,REAL PLUS,0,KETONE LAMINATES LLP,08-08-2026,6,0,0,,FALSE,FALSE
HG 2052 ,REAL PLUS,0,KETONE LAMINATES LLP,08-08-2026,10,0,0,,FALSE,FALSE
HG 2053 ,REAL PLUS,0,KETONE LAMINATES LLP,08-08-2026,1,0,0,,FALSE,FALSE
HG 2054 ,REAL PLUS,0,KETONE LAMINATES LLP,08-08-2026,6,0,0,,FALSE,FALSE
HG 2055 ,REAL PLUS,0,KETONE LAMINATES LLP,08-08-2026,6,0,0,,FALSE,FALSE
HG 2064 ,REAL PLUS,0,KETONE LAMINATES LLP,08-08-2026,4,0,0,,FALSE,FALSE
HG 2065 ,REAL PLUS,0,KETONE LAMINATES LLP,08-08-2026,7,0,0,,FALSE,FALSE
HG 2066 ,REAL PLUS,0,KETONE LAMINATES LLP,08-08-2026,9,0,0,,FALSE,FALSE
BC 3403,FINE TOUCH LITE,0,SATVVA DECOR LLP,08-08-2026,8,0,0,,FALSE,FALSE
BC 3414,FINE TOUCH LITE,0,SATVVA DECOR LLP,08-08-2026,7,0,1,,FALSE,FALSE
BC 3415,FINE TOUCH LITE,0,SATVVA DECOR LLP,08-08-2026,10,0,1,,FALSE,FALSE
BC 3416,FINE TOUCH LITE,0,SATVVA DECOR LLP,08-08-2026,7,0,1,,FALSE,FALSE
BC 3418 ,FINE TOUCH LITE,0,SATVVA DECOR LLP,08-08-2026,14,0,1,,FALSE,FALSE
BC 3418 OLD,FINE TOUCH LITE,0,SATVVA DECOR LLP,08-08-2026,1,0,0,JUNI BATCH,FALSE,FALSE
BS 3401,FINE TOUCH LITE,0,SATVVA DECOR LLP,08-08-2026,10,1,1,,FALSE,FALSE
BS 3406,FINE TOUCH LITE,0,SATVVA DECOR LLP,08-08-2026,8,0,1,,FALSE,FALSE
BS 3408,FINE TOUCH LITE,0,SATVVA DECOR LLP,08-08-2026,7,0,1,,FALSE,FALSE
BS 3412,FINE TOUCH LITE,0,SATVVA DECOR LLP,08-08-2026,7,0,1,,FALSE,FALSE
CL 3105,FINE TOUCH LITE,0,SATVVA DECOR LLP,08-08-2026,9,0,1,,FALSE,FALSE
CL 3103,FINE TOUCH LITE,0,SATVVA DECOR LLP,08-08-2026,9,0,1,,FALSE,FALSE
CL 3109,FINE TOUCH LITE,0,SATVVA DECOR LLP,08-08-2026,9,0,1,,FALSE,FALSE
CL 3123,FINE TOUCH LITE,0,SATVVA DECOR LLP,08-08-2026,8,0,1,,FALSE,FALSE
CL 3125,FINE TOUCH LITE,0,SATVVA DECOR LLP,08-08-2026,7,0,1,,FALSE,FALSE
CL 3129,FINE TOUCH LITE,0,SATVVA DECOR LLP,08-08-2026,7,0,1,,FALSE,FALSE
CL 3131,FINE TOUCH LITE,0,SATVVA DECOR LLP,08-08-2026,5,0,1,,FALSE,FALSE
CL 3132,FINE TOUCH LITE,0,SATVVA DECOR LLP,08-08-2026,4,0,1,,FALSE,FALSE
CL 3218,FINE TOUCH LITE,0,SATVVA DECOR LLP,08-08-2026,8,0,1,,FALSE,FALSE
CL 3410,FINE TOUCH LITE,0,SATVVA DECOR LLP,08-08-2026,9,0,1,,FALSE,FALSE
CL 3414,FINE TOUCH LITE,0,SATVVA DECOR LLP,08-08-2026,6,0,1,,FALSE,FALSE
EK 3003,FINE TOUCH LITE,0,SATVVA DECOR LLP,08-08-2026,13,0,1,,FALSE,FALSE
EK 3005,FINE TOUCH LITE,0,SATVVA DECOR LLP,08-08-2026,10,0,1,,FALSE,FALSE
EK 3214,FINE TOUCH LITE,0,SATVVA DECOR LLP,08-08-2026,3,0,1,,FALSE,FALSE
EK 3304,FINE TOUCH LITE,0,SATVVA DECOR LLP,08-08-2026,7,0,1,,FALSE,FALSE
DG 200,FINE TOUCH LITE,0,SATVVA DECOR LLP,08-08-2026,0,1,1,,FALSE,FALSE
DG 300,FINE TOUCH LITE,0,SATVVA DECOR LLP,08-08-2026,4,0,1,,FALSE,FALSE
DG 400,FINE TOUCH LITE,0,SATVVA DECOR LLP,08-08-2026,2,0,1,,FALSE,FALSE
ES 3008,FINE TOUCH LITE,0,SATVVA DECOR LLP,08-08-2026,7,2,1,,FALSE,FALSE
ES 3201,FINE TOUCH LITE,0,SATVVA DECOR LLP,08-08-2026,10,0,1,,FALSE,FALSE
ES 3303,FINE TOUCH LITE,0,SATVVA DECOR LLP,08-08-2026,9,4,1,,FALSE,FALSE
ES 3312,FINE TOUCH LITE,0,SATVVA DECOR LLP,08-08-2026,11,0,1,,FALSE,FALSE
ES 3313,FINE TOUCH LITE,0,SATVVA DECOR LLP,08-08-2026,7,0,1,,FALSE,FALSE
FD 3001 ,FINE TOUCH LITE,0,SATVVA DECOR LLP,08-08-2026,10,0,0,,FALSE,FALSE
FD 3001 OLD,FINE TOUCH LITE,0,SATVVA DECOR LLP,08-08-2026,3,0,1,JUNI BATCH,FALSE,FALSE
FD 3211,FINE TOUCH LITE,0,SATVVA DECOR LLP,08-08-2026,5,0,1,,FALSE,FALSE
FD 3307,FINE TOUCH LITE,0,SATVVA DECOR LLP,08-08-2026,4,0,1,,FALSE,FALSE
FD 3311,FINE TOUCH LITE,0,SATVVA DECOR LLP,08-08-2026,6,0,1,,FALSE,FALSE
GT 3122,FINE TOUCH LITE,0,SATVVA DECOR LLP,08-08-2026,10,1,0,,FALSE,FALSE
GT 3415,FINE TOUCH LITE,0,SATVVA DECOR LLP,08-08-2026,10,0,1,,FALSE,FALSE
GT 3416,FINE TOUCH LITE,0,SATVVA DECOR LLP,08-08-2026,10,0,2,,FALSE,FALSE
GT 3502,FINE TOUCH LITE,0,SATVVA DECOR LLP,08-08-2026,10,0,0,,FALSE,FALSE
GT 3503,FINE TOUCH LITE,0,SATVVA DECOR LLP,08-08-2026,8,0,0,,FALSE,FALSE
GT 3504,FINE TOUCH LITE,0,SATVVA DECOR LLP,08-08-2026,6,0,0,,FALSE,FALSE
HR 3002,FINE TOUCH LITE,0,SATVVA DECOR LLP,08-08-2026,10,0,1,,FALSE,FALSE
HR 3208,FINE TOUCH LITE,0,SATVVA DECOR LLP,08-08-2026,7,1,1,5X4,FALSE,FALSE
HR 3218,FINE TOUCH LITE,0,SATVVA DECOR LLP,08-08-2026,11,0,1,,FALSE,FALSE
HR 3301,FINE TOUCH LITE,0,SATVVA DECOR LLP,08-08-2026,8,0,1,,FALSE,FALSE
HR 3308,FINE TOUCH LITE,0,SATVVA DECOR LLP,08-08-2026,3,1,1,,FALSE,FALSE
LR 3012,FINE TOUCH LITE,0,SATVVA DECOR LLP,08-08-2026,7,0,1,,FALSE,FALSE
LR 3211,FINE TOUCH LITE,0,SATVVA DECOR LLP,08-08-2026,11,0,1,,FALSE,FALSE
LR 3311,FINE TOUCH LITE,0,SATVVA DECOR LLP,08-08-2026,9,0,1,,FALSE,FALSE
MD 3205,FINE TOUCH LITE,0,SATVVA DECOR LLP,08-08-2026,0,0,1,,FALSE,FALSE
MD 3210,FINE TOUCH LITE,0,SATVVA DECOR LLP,08-08-2026,4,0,1,,FALSE,FALSE
MD 3217,FINE TOUCH LITE,0,SATVVA DECOR LLP,08-08-2026,7,0,1,,FALSE,FALSE
MD 3322,FINE TOUCH LITE,0,SATVVA DECOR LLP,08-08-2026,6,0,1,,FALSE,FALSE
OD 3009,FINE TOUCH LITE,0,SATVVA DECOR LLP,08-08-2026,3,0,1,,FALSE,FALSE
OD 3011,FINE TOUCH LITE,0,SATVVA DECOR LLP,08-08-2026,10,2,1,,FALSE,FALSE
OD 3209,FINE TOUCH LITE,0,SATVVA DECOR LLP,08-08-2026,4,0,1,,FALSE,FALSE
OD 3212,FINE TOUCH LITE,0,SATVVA DECOR LLP,08-08-2026,6,0,1,,FALSE,FALSE
OD 3302,FINE TOUCH LITE,0,SATVVA DECOR LLP,08-08-2026,4,0,0,,FALSE,FALSE
OD 3303,FINE TOUCH LITE,0,SATVVA DECOR LLP,08-08-2026,8,0,1,,FALSE,FALSE
OD 3309,FINE TOUCH LITE,0,SATVVA DECOR LLP,08-08-2026,6,1,1,,FALSE,FALSE
OD 3321,FINE TOUCH LITE,0,SATVVA DECOR LLP,08-08-2026,7,0,1,,FALSE,FALSE
OD 3324,FINE TOUCH LITE,0,SATVVA DECOR LLP,08-08-2026,8,0,1,,FALSE,FALSE
OE 3013,FINE TOUCH LITE,0,SATVVA DECOR LLP,08-08-2026,7,0,1,,FALSE,FALSE
OE 3014,FINE TOUCH LITE,0,SATVVA DECOR LLP,08-08-2026,9,0,1,,FALSE,FALSE
OE 3314,FINE TOUCH LITE,0,SATVVA DECOR LLP,08-08-2026,6,0,1,,FALSE,FALSE
OE 3315,FINE TOUCH LITE,0,SATVVA DECOR LLP,08-08-2026,10,0,1,,FALSE,FALSE
OE 3317,FINE TOUCH LITE,0,SATVVA DECOR LLP,08-08-2026,8,0,1,,FALSE,FALSE
PN 3402,FINE TOUCH LITE,0,SATVVA DECOR LLP,08-08-2026,12,0,2,,FALSE,FALSE
PN 3405,FINE TOUCH LITE,0,SATVVA DECOR LLP,08-08-2026,9,0,1,,FALSE,FALSE
PN 3407,FINE TOUCH LITE,0,SATVVA DECOR LLP,08-08-2026,10,0,1,,FALSE,FALSE
PN 3411,FINE TOUCH LITE,0,SATVVA DECOR LLP,08-08-2026,8,0,1,,FALSE,FALSE
QB 3210,FINE TOUCH LITE,0,SATVVA DECOR LLP,08-08-2026,4,0,1,,FALSE,FALSE
QB 3306,FINE TOUCH LITE,0,SATVVA DECOR LLP,08-08-2026,10,0,1,,FALSE,FALSE
RC 3216,FINE TOUCH LITE,0,SATVVA DECOR LLP,08-08-2026,1,0,1,,FALSE,FALSE
RC 3220,FINE TOUCH LITE,0,SATVVA DECOR LLP,08-08-2026,2,0,1,,FALSE,FALSE
RC 3221,FINE TOUCH LITE,0,SATVVA DECOR LLP,08-08-2026,5,0,1,,FALSE,FALSE
RC 3321,FINE TOUCH LITE,0,SATVVA DECOR LLP,08-08-2026,4,0,1,,FALSE,FALSE
RC 3323,FINE TOUCH LITE,0,SATVVA DECOR LLP,08-08-2026,5,0,1,,FALSE,FALSE
RE 3012,FINE TOUCH LITE,0,SATVVA DECOR LLP,08-08-2026,12,0,1,,FALSE,FALSE
RE 3213,FINE TOUCH LITE,0,SATVVA DECOR LLP,08-08-2026,7,0,1,,FALSE,FALSE
RE 3308,FINE TOUCH LITE,0,SATVVA DECOR LLP,08-08-2026,11,0,1,,FALSE,FALSE
SL 3103,FINE TOUCH LITE,0,SATVVA DECOR LLP,08-08-2026,7,0,0,,FALSE,FALSE
SL 3107,FINE TOUCH LITE,0,SATVVA DECOR LLP,08-08-2026,6,0,1,,FALSE,FALSE
SL 3122,FINE TOUCH LITE,0,SATVVA DECOR LLP,08-08-2026,7,0,0,,FALSE,FALSE
SL 3124,FINE TOUCH LITE,0,SATVVA DECOR LLP,08-08-2026,6,0,0,,FALSE,FALSE
SL 3125,FINE TOUCH LITE,0,SATVVA DECOR LLP,08-08-2026,7,0,0,,FALSE,FALSE
SL 3126,FINE TOUCH LITE,0,SATVVA DECOR LLP,08-08-2026,8,0,0,,FALSE,FALSE
SL 3127,FINE TOUCH LITE,0,SATVVA DECOR LLP,08-08-2026,6,0,0,,FALSE,FALSE
SL 3130,FINE TOUCH LITE,0,SATVVA DECOR LLP,08-08-2026,6,0,0,,FALSE,FALSE
SL 3131,FINE TOUCH LITE,0,SATVVA DECOR LLP,08-08-2026,4,0,0,,FALSE,FALSE
SL 3202,FINE TOUCH LITE,0,SATVVA DECOR LLP,08-08-2026,10,0,0,,FALSE,FALSE
SL 3320,FINE TOUCH LITE,0,SATVVA DECOR LLP,08-08-2026,5,0,0,,FALSE,FALSE
SL 3414,FINE TOUCH LITE,0,SATVVA DECOR LLP,08-08-2026,6,0,1,,FALSE,FALSE
SL 3417,FINE TOUCH LITE,0,SATVVA DECOR LLP,08-08-2026,8,0,1,,FALSE,FALSE
SL 3418,FINE TOUCH LITE,0,SATVVA DECOR LLP,08-08-2026,10,0,0,,FALSE,FALSE
SL 3418 OLD,FINE TOUCH LITE,0,SATVVA DECOR LLP,08-08-2026,0,0,1,JUNI BATCH,FALSE,FALSE
TS 3012,FINE TOUCH LITE,0,SATVVA DECOR LLP,08-08-2026,3,0,1,,FALSE,FALSE
TS 3213,FINE TOUCH LITE,0,SATVVA DECOR LLP,08-08-2026,9,0,1,,FALSE,FALSE
TS 3307,FINE TOUCH LITE,0,SATVVA DECOR LLP,08-08-2026,13,0,1,,FALSE,FALSE
TR 3103,FINE TOUCH LITE,0,SATVVA DECOR LLP,08-08-2026,7,0,2,,FALSE,FALSE
TR 3106,FINE TOUCH LITE,0,SATVVA DECOR LLP,08-08-2026,9,0,1,,FALSE,FALSE
TR 3126,FINE TOUCH LITE,0,SATVVA DECOR LLP,08-08-2026,9,0,1,,FALSE,FALSE
TR 3127,FINE TOUCH LITE,0,SATVVA DECOR LLP,08-08-2026,7,0,1,,FALSE,FALSE
TR 3130,FINE TOUCH LITE,0,SATVVA DECOR LLP,08-08-2026,8,0,1,,FALSE,FALSE
TR 3131,FINE TOUCH LITE,0,SATVVA DECOR LLP,08-08-2026,8,0,1,,FALSE,FALSE
TR 3222,FINE TOUCH LITE,0,SATVVA DECOR LLP,08-08-2026,9,0,1,,FALSE,FALSE
TR 3223,FINE TOUCH LITE,0,SATVVA DECOR LLP,08-08-2026,7,0,2,,FALSE,FALSE
TR 3402,FINE TOUCH LITE,0,SATVVA DECOR LLP,08-08-2026,11,0,1,,FALSE,FALSE
SGL 3601,FINE TOUCH LITE,0,SATVVA DECOR LLP,08-08-2026,3,0,0,,FALSE,FALSE
SGL 3602,FINE TOUCH LITE,0,SATVVA DECOR LLP,08-08-2026,4,0,0,,FALSE,FALSE
HGL 3002,FINE TOUCH LITE,0,SATVVA DECOR LLP,08-08-2026,7,0,0,,FALSE,FALSE
HGL 3007,FINE TOUCH LITE,0,SATVVA DECOR LLP,08-08-2026,4,1,0,,FALSE,FALSE
HGL 3008,FINE TOUCH LITE,0,SATVVA DECOR LLP,08-08-2026,5,0,0,,FALSE,FALSE
HGL 3011,FINE TOUCH LITE,0,SATVVA DECOR LLP,08-08-2026,5,0,0,,FALSE,FALSE
HGL 3012,FINE TOUCH LITE,0,SATVVA DECOR LLP,08-08-2026,10,0,0,,FALSE,FALSE
HGL 3101,FINE TOUCH LITE,0,SATVVA DECOR LLP,08-08-2026,15,0,0,,FALSE,FALSE
HGL 3102,FINE TOUCH LITE,0,SATVVA DECOR LLP,08-08-2026,26,0,0,,FALSE,FALSE
HGL 3103,FINE TOUCH LITE,0,SATVVA DECOR LLP,08-08-2026,18,0,0,,FALSE,FALSE
HGL 3104,FINE TOUCH LITE,0,SATVVA DECOR LLP,08-08-2026,4,0,0,,FALSE,FALSE
HGL 3105,FINE TOUCH LITE,0,SATVVA DECOR LLP,08-08-2026,10,0,0,,FALSE,FALSE
HGL 3106,FINE TOUCH LITE,0,SATVVA DECOR LLP,08-08-2026,8,0,0,,FALSE,FALSE
HGL 3107,FINE TOUCH LITE,0,SATVVA DECOR LLP,08-08-2026,10,0,0,,FALSE,FALSE
HGL 3108,FINE TOUCH LITE,0,SATVVA DECOR LLP,08-08-2026,6,0,0,,FALSE,FALSE
HGL 3109,FINE TOUCH LITE,0,SATVVA DECOR LLP,08-08-2026,2,0,0,,FALSE,FALSE
HGL 3110,FINE TOUCH LITE,0,SATVVA DECOR LLP,08-08-2026,6,0,0,,FALSE,FALSE
HGL 3111,FINE TOUCH LITE,0,SATVVA DECOR LLP,08-08-2026,7,0,0,,FALSE,FALSE
HGL 3112,FINE TOUCH LITE,0,SATVVA DECOR LLP,08-08-2026,5,0,0,,FALSE,FALSE
HGL 3113,FINE TOUCH LITE,0,SATVVA DECOR LLP,08-08-2026,7,0,0,,FALSE,FALSE
HGL 3114,FINE TOUCH LITE,0,SATVVA DECOR LLP,08-08-2026,4,0,0,,FALSE,FALSE
HGL 3115,FINE TOUCH LITE,0,SATVVA DECOR LLP,08-08-2026,7,0,0,,FALSE,FALSE
HGL 3116,FINE TOUCH LITE,0,SATVVA DECOR LLP,08-08-2026,6,0,0,,FALSE,FALSE
HGL 3117,FINE TOUCH LITE,0,SATVVA DECOR LLP,08-08-2026,9,0,0,,FALSE,FALSE
HGL 3118,FINE TOUCH LITE,0,SATVVA DECOR LLP,08-08-2026,2,0,0,,FALSE,FALSE
HGL 3119,FINE TOUCH LITE,0,SATVVA DECOR LLP,08-08-2026,2,0,0,,FALSE,FALSE
HGL 3120,FINE TOUCH LITE,0,SATVVA DECOR LLP,08-08-2026,4,0,0,,FALSE,FALSE
HGL 3121,FINE TOUCH LITE,0,SATVVA DECOR LLP,08-08-2026,6,0,0,,FALSE,FALSE
HGL 3122,FINE TOUCH LITE,0,SATVVA DECOR LLP,08-08-2026,10,1,0,,FALSE,FALSE
HGL 3123,FINE TOUCH LITE,0,SATVVA DECOR LLP,08-08-2026,10,0,0,,FALSE,FALSE
HGL 3124,FINE TOUCH LITE,0,SATVVA DECOR LLP,08-08-2026,21,0,0,,FALSE,FALSE
HGL 3125,FINE TOUCH LITE,0,SATVVA DECOR LLP,08-08-2026,8,0,0,,FALSE,FALSE
HGL 3126,FINE TOUCH LITE,0,SATVVA DECOR LLP,08-08-2026,10,0,0,,FALSE,FALSE
HGL 3127,FINE TOUCH LITE,0,SATVVA DECOR LLP,08-08-2026,4,0,0,,FALSE,FALSE
HGL 3129,FINE TOUCH LITE,0,SATVVA DECOR LLP,08-08-2026,16,0,0,,FALSE,FALSE
HGL 3130,FINE TOUCH LITE,0,SATVVA DECOR LLP,08-08-2026,12,0,0,,FALSE,FALSE
HGL 3131,FINE TOUCH LITE,0,SATVVA DECOR LLP,08-08-2026,21,0,0,,FALSE,FALSE
HGL 3132,FINE TOUCH LITE,0,SATVVA DECOR LLP,08-08-2026,3,0,0,,FALSE,FALSE
HGL 3201,FINE TOUCH LITE,0,SATVVA DECOR LLP,08-08-2026,8,0,0,,FALSE,FALSE
HGL 3205,FINE TOUCH LITE,0,SATVVA DECOR LLP,08-08-2026,13,1,0,,FALSE,FALSE
HGL 3206,FINE TOUCH LITE,0,SATVVA DECOR LLP,08-08-2026,10,1,0,,FALSE,FALSE
HGL 3207,FINE TOUCH LITE,0,SATVVA DECOR LLP,08-08-2026,9,0,0,,FALSE,FALSE
HGL 3209,FINE TOUCH LITE,0,SATVVA DECOR LLP,08-08-2026,4,0,0,,FALSE,FALSE
HGL 3210,FINE TOUCH LITE,0,SATVVA DECOR LLP,08-08-2026,3,0,0,,FALSE,FALSE
HGL 3211,FINE TOUCH LITE,0,SATVVA DECOR LLP,08-08-2026,8,0,0,,FALSE,FALSE
HGL 3212,FINE TOUCH LITE,0,SATVVA DECOR LLP,08-08-2026,5,0,0,,FALSE,FALSE
HGL 3213,FINE TOUCH LITE,0,SATVVA DECOR LLP,08-08-2026,7,0,0,,FALSE,FALSE
HGL 3217,FINE TOUCH LITE,0,SATVVA DECOR LLP,08-08-2026,7,0,0,,FALSE,FALSE
HGL 3219,FINE TOUCH LITE,0,SATVVA DECOR LLP,08-08-2026,5,0,0,,FALSE,FALSE
HGL 3220,FINE TOUCH LITE,0,SATVVA DECOR LLP,08-08-2026,9,0,1,,FALSE,FALSE
HGL 3221,FINE TOUCH LITE,0,SATVVA DECOR LLP,08-08-2026,2,0,0,,FALSE,FALSE
HGL 3301,FINE TOUCH LITE,0,SATVVA DECOR LLP,08-08-2026,7,0,0,,FALSE,FALSE
HGL 3302,FINE TOUCH LITE,0,SATVVA DECOR LLP,08-08-2026,5,0,0,,FALSE,FALSE
HGL 3306,FINE TOUCH LITE,0,SATVVA DECOR LLP,08-08-2026,4,0,0,,FALSE,FALSE
HGL 3307,FINE TOUCH LITE,0,SATVVA DECOR LLP,08-08-2026,5,0,0,,FALSE,FALSE
HGL 3308,FINE TOUCH LITE,0,SATVVA DECOR LLP,08-08-2026,7,0,0,,FALSE,FALSE
HGL 3309,FINE TOUCH LITE,0,SATVVA DECOR LLP,08-08-2026,5,0,0,,FALSE,FALSE
HGL 3312,FINE TOUCH LITE,0,SATVVA DECOR LLP,08-08-2026,3,0,0,,FALSE,FALSE
HGL 3313,FINE TOUCH LITE,0,SATVVA DECOR LLP,08-08-2026,15,0,0,,FALSE,FALSE
HGL 3319,FINE TOUCH LITE,0,SATVVA DECOR LLP,08-08-2026,9,0,0,,FALSE,FALSE
HGL 3321,FINE TOUCH LITE,0,SATVVA DECOR LLP,08-08-2026,7,0,0,,FALSE,FALSE
HGL 3322,FINE TOUCH LITE,0,SATVVA DECOR LLP,08-08-2026,12,0,0,,FALSE,FALSE
HGL 3323,FINE TOUCH LITE,0,SATVVA DECOR LLP,08-08-2026,5,0,0,,FALSE,FALSE
HGL 3401,FINE TOUCH LITE,0,SATVVA DECOR LLP,08-08-2026,14,0,1,,FALSE,FALSE
HGL 3402,FINE TOUCH LITE,0,SATVVA DECOR LLP,08-08-2026,6,3,1,,FALSE,FALSE
HGL 3403,FINE TOUCH LITE,0,SATVVA DECOR LLP,08-08-2026,14,0,1,,FALSE,FALSE
HGL 3404,FINE TOUCH LITE,0,SATVVA DECOR LLP,08-08-2026,10,0,1,,FALSE,FALSE
HGL 3405,FINE TOUCH LITE,0,SATVVA DECOR LLP,08-08-2026,4,0,1,,FALSE,FALSE
HGL 3406,FINE TOUCH LITE,0,SATVVA DECOR LLP,08-08-2026,6,0,1,,FALSE,FALSE
HGL 3407,FINE TOUCH LITE,0,SATVVA DECOR LLP,08-08-2026,4,0,1,,FALSE,FALSE
HGL 3408,FINE TOUCH LITE,0,SATVVA DECOR LLP,08-08-2026,7,0,1,,FALSE,FALSE
HGL 3410,FINE TOUCH LITE,0,SATVVA DECOR LLP,08-08-2026,14,0,1,,FALSE,FALSE
HGL 3411,FINE TOUCH LITE,0,SATVVA DECOR LLP,08-08-2026,8,0,1,,FALSE,FALSE
HGL 3412,FINE TOUCH LITE,0,SATVVA DECOR LLP,08-08-2026,8,0,1,,FALSE,FALSE
HGL 3413,FINE TOUCH LITE,0,SATVVA DECOR LLP,08-08-2026,6,0,1,,FALSE,FALSE
HGL 3414,FINE TOUCH LITE,0,SATVVA DECOR LLP,08-08-2026,7,1,1,8X2,FALSE,FALSE
HGL 3415,FINE TOUCH LITE,0,SATVVA DECOR LLP,08-08-2026,11,0,1,,FALSE,FALSE
HGL 3416,FINE TOUCH LITE,0,SATVVA DECOR LLP,08-08-2026,15,0,1,,FALSE,FALSE
HGL 3417,FINE TOUCH LITE,0,SATVVA DECOR LLP,08-08-2026,6,0,1,,FALSE,FALSE
HGL 3418,FINE TOUCH LITE,0,SATVVA DECOR LLP,08-08-2026,12,0,0,,FALSE,FALSE
MT 3101,FINE TOUCH LITE,0,SATVVA DECOR LLP,08-08-2026,5,0,0,,FALSE,FALSE
MT 3102,FINE TOUCH LITE,0,SATVVA DECOR LLP,08-08-2026,3,0,0,,FALSE,FALSE
MT 3103,FINE TOUCH LITE,0,SATVVA DECOR LLP,08-08-2026,12,0,0,,FALSE,FALSE
MT 3104,FINE TOUCH LITE,0,SATVVA DECOR LLP,08-08-2026,3,1,0,,FALSE,FALSE
MT 3105,FINE TOUCH LITE,0,SATVVA DECOR LLP,08-08-2026,10,0,0,BY ORDER,FALSE,FALSE
MT 3106,FINE TOUCH LITE,0,SATVVA DECOR LLP,08-08-2026,10,0,0,,FALSE,FALSE
MT 3107,FINE TOUCH LITE,0,SATVVA DECOR LLP,08-08-2026,9,0,0,,FALSE,FALSE
MT 3108,FINE TOUCH LITE,0,SATVVA DECOR LLP,08-08-2026,5,0,0,,FALSE,FALSE
SF 3001 FL,FINE TOUCH LITE,0,SATVVA DECOR LLP,08-08-2026,7,0,0,,FALSE,FALSE
SF 3001 OLD FL,FINE TOUCH LITE,0,SATVVA DECOR LLP,08-08-2026,1,0,0,JUNI BATCH,FALSE,FALSE
SF 3002 FL,FINE TOUCH LITE,0,SATVVA DECOR LLP,08-08-2026,4,0,0,,FALSE,FALSE
SF 3003 FL,FINE TOUCH LITE,0,SATVVA DECOR LLP,08-08-2026,6,0,0,,FALSE,FALSE
SF 3003 OLD FL,FINE TOUCH LITE,0,SATVVA DECOR LLP,08-08-2026,3,0,0,JUNI BATCH,FALSE,FALSE
SF 3005 FL,FINE TOUCH LITE,0,SATVVA DECOR LLP,08-08-2026,7,0,0,,FALSE,FALSE
SF 3006 FL,FINE TOUCH LITE,0,SATVVA DECOR LLP,08-08-2026,4,0,0,,FALSE,FALSE
SF 3006 OLD FL,FINE TOUCH LITE,0,SATVVA DECOR LLP,08-08-2026,4,0,0,JUNI BATCH,FALSE,FALSE
SF 3008 FL,FINE TOUCH LITE,0,SATVVA DECOR LLP,08-08-2026,5,0,0,,FALSE,FALSE
SF 3009 FL,FINE TOUCH LITE,0,SATVVA DECOR LLP,08-08-2026,8,0,0,,FALSE,FALSE
SF 3011 FL,FINE TOUCH LITE,0,SATVVA DECOR LLP,08-08-2026,1,0,0,,FALSE,FALSE
SF 3012 FL,FINE TOUCH LITE,0,SATVVA DECOR LLP,08-08-2026,8,0,0,,FALSE,FALSE
SF 3101,FINE TOUCH LITE,0,SATVVA DECOR LLP,08-08-2026,4,0,0,,FALSE,FALSE
SF 3102,FINE TOUCH LITE,0,SATVVA DECOR LLP,08-08-2026,7,0,0,,FALSE,FALSE
SF 3103,FINE TOUCH LITE,0,SATVVA DECOR LLP,08-08-2026,33,0,0,,FALSE,FALSE
SF 3104,FINE TOUCH LITE,0,SATVVA DECOR LLP,08-08-2026,2,0,0,,FALSE,FALSE
SF 3105,FINE TOUCH LITE,0,SATVVA DECOR LLP,08-08-2026,7,0,0,,FALSE,FALSE
SF 3106,FINE TOUCH LITE,0,SATVVA DECOR LLP,08-08-2026,3,0,0,,FALSE,FALSE
SF 3107,FINE TOUCH LITE,0,SATVVA DECOR LLP,08-08-2026,20,0,0,,FALSE,FALSE
SF 3108,FINE TOUCH LITE,0,SATVVA DECOR LLP,08-08-2026,3,0,0,,FALSE,FALSE
SF 3109,FINE TOUCH LITE,0,SATVVA DECOR LLP,08-08-2026,12,0,0,,FALSE,FALSE
SF 3110,FINE TOUCH LITE,0,SATVVA DECOR LLP,08-08-2026,3,0,0,,FALSE,FALSE
SF 3111,FINE TOUCH LITE,0,SATVVA DECOR LLP,08-08-2026,7,0,0,,FALSE,FALSE
SF 3112,FINE TOUCH LITE,0,SATVVA DECOR LLP,08-08-2026,6,0,0,,FALSE,FALSE
SF 3113,FINE TOUCH LITE,0,SATVVA DECOR LLP,08-08-2026,4,0,0,,FALSE,FALSE
SF 3114,FINE TOUCH LITE,0,SATVVA DECOR LLP,08-08-2026,3,0,0,,FALSE,FALSE
SF 3115,FINE TOUCH LITE,0,SATVVA DECOR LLP,08-08-2026,13,0,0,,FALSE,FALSE
SF 3116,FINE TOUCH LITE,0,SATVVA DECOR LLP,08-08-2026,3,0,0,,FALSE,FALSE
SF 3117,FINE TOUCH LITE,0,SATVVA DECOR LLP,08-08-2026,0,0,0,,FALSE,FALSE
SF 3118,FINE TOUCH LITE,0,SATVVA DECOR LLP,08-08-2026,1,0,0,,FALSE,FALSE
SF 3119,FINE TOUCH LITE,0,SATVVA DECOR LLP,08-08-2026,5,0,0,,FALSE,FALSE
SF 3120,FINE TOUCH LITE,0,SATVVA DECOR LLP,08-08-2026,0,0,0,,FALSE,FALSE
SF 3121,FINE TOUCH LITE,0,SATVVA DECOR LLP,08-08-2026,1,0,0,,FALSE,FALSE
SF 3201,FINE TOUCH LITE,0,SATVVA DECOR LLP,08-08-2026,1,0,0,,FALSE,FALSE
SF 3205,FINE TOUCH LITE,0,SATVVA DECOR LLP,08-08-2026,11,0,0,,FALSE,FALSE
SF 3206,FINE TOUCH LITE,0,SATVVA DECOR LLP,08-08-2026,11,0,0,,FALSE,FALSE
SF 3207,FINE TOUCH LITE,0,SATVVA DECOR LLP,08-08-2026,8,0,0,,FALSE,FALSE
SF 3208,FINE TOUCH LITE,0,SATVVA DECOR LLP,08-08-2026,4,0,0,,FALSE,FALSE
SF 3209,FINE TOUCH LITE,0,SATVVA DECOR LLP,08-08-2026,5,0,0,,FALSE,FALSE
SF 3210,FINE TOUCH LITE,0,SATVVA DECOR LLP,08-08-2026,3,0,0,,FALSE,FALSE
SF 3211,FINE TOUCH LITE,0,SATVVA DECOR LLP,08-08-2026,6,1,0,,FALSE,FALSE
SF 3212,FINE TOUCH LITE,0,SATVVA DECOR LLP,08-08-2026,11,0,0,,FALSE,FALSE
SF 3213,FINE TOUCH LITE,0,SATVVA DECOR LLP,08-08-2026,6,0,0,,FALSE,FALSE
SF 3214,FINE TOUCH LITE,0,SATVVA DECOR LLP,08-08-2026,4,0,0,,FALSE,FALSE
SF 3216,FINE TOUCH LITE,0,SATVVA DECOR LLP,08-08-2026,2,0,0,,FALSE,FALSE
SF 3217,FINE TOUCH LITE,0,SATVVA DECOR LLP,08-08-2026,10,0,0,,FALSE,FALSE
SF 3218,FINE TOUCH LITE,0,SATVVA DECOR LLP,08-08-2026,9,0,0,,FALSE,FALSE
SF 3219,FINE TOUCH LITE,0,SATVVA DECOR LLP,08-08-2026,3,0,0,,FALSE,FALSE
SF 3220,FINE TOUCH LITE,0,SATVVA DECOR LLP,08-08-2026,4,0,0,,FALSE,FALSE
SF 3221,FINE TOUCH LITE,0,SATVVA DECOR LLP,08-08-2026,10,0,0,,FALSE,FALSE
SF 3301,FINE TOUCH LITE,0,SATVVA DECOR LLP,08-08-2026,4,0,0,,FALSE,FALSE
SF 3302,FINE TOUCH LITE,0,SATVVA DECOR LLP,08-08-2026,2,0,0,,FALSE,FALSE
SF 3303,FINE TOUCH LITE,0,SATVVA DECOR LLP,08-08-2026,2,0,0,,FALSE,FALSE
SF 3304,FINE TOUCH LITE,0,SATVVA DECOR LLP,08-08-2026,7,0,0,,FALSE,FALSE
SF 3306,FINE TOUCH LITE,0,SATVVA DECOR LLP,08-08-2026,3,0,0,,FALSE,FALSE
SF 3307,FINE TOUCH LITE,0,SATVVA DECOR LLP,08-08-2026,6,0,0,,FALSE,FALSE
SF 3308,FINE TOUCH LITE,0,SATVVA DECOR LLP,08-08-2026,14,0,0,,FALSE,FALSE
SF 3309,FINE TOUCH LITE,0,SATVVA DECOR LLP,08-08-2026,10,0,0,,FALSE,FALSE
SF 3311,FINE TOUCH LITE,0,SATVVA DECOR LLP,08-08-2026,0,0,0,,FALSE,FALSE
SF 3312,FINE TOUCH LITE,0,SATVVA DECOR LLP,08-08-2026,5,0,0,,FALSE,FALSE
SF 3313,FINE TOUCH LITE,0,SATVVA DECOR LLP,08-08-2026,6,0,0,,FALSE,FALSE
SF 3321,FINE TOUCH LITE,0,SATVVA DECOR LLP,08-08-2026,3,0,0,,FALSE,FALSE
SF 3322,FINE TOUCH LITE,0,SATVVA DECOR LLP,08-08-2026,5,0,0,,FALSE,FALSE
SF 3323,FINE TOUCH LITE,0,SATVVA DECOR LLP,08-08-2026,6,0,0,,FALSE,FALSE
SF 3324,FINE TOUCH LITE,0,SATVVA DECOR LLP,08-08-2026,5,0,0,,FALSE,FALSE
SM 3003,FINE TOUCH LITE,0,SATVVA DECOR LLP,08-08-2026,14,0,1,,FALSE,FALSE
SM 3006,FINE TOUCH LITE,0,SATVVA DECOR LLP,08-08-2026,19,0,1,,FALSE,FALSE
SM 3007,FINE TOUCH LITE,0,SATVVA DECOR LLP,08-08-2026,5,1,1,,FALSE,FALSE
SM 3011,FINE TOUCH LITE,0,SATVVA DECOR LLP,08-08-2026,11,0,1,,FALSE,FALSE
SM 3103,FINE TOUCH LITE,0,SATVVA DECOR LLP,08-08-2026,8,0,1,,FALSE,FALSE
SM 3105,FINE TOUCH LITE,0,SATVVA DECOR LLP,08-08-2026,13,0,0,,FALSE,FALSE
SM 3106,FINE TOUCH LITE,0,SATVVA DECOR LLP,08-08-2026,9,0,2,,FALSE,FALSE
SM 3107,FINE TOUCH LITE,0,SATVVA DECOR LLP,08-08-2026,9,0,0,,FALSE,FALSE
SM 3109,FINE TOUCH LITE,0,SATVVA DECOR LLP,08-08-2026,5,0,1,,FALSE,FALSE
SM 3110,FINE TOUCH LITE,0,SATVVA DECOR LLP,08-08-2026,7,0,0,,FALSE,FALSE
SM 3122,FINE TOUCH LITE,0,SATVVA DECOR LLP,08-08-2026,5,0,0,,FALSE,FALSE
SM 3123,FINE TOUCH LITE,0,SATVVA DECOR LLP,08-08-2026,13,0,0,,FALSE,FALSE
SM 3124,FINE TOUCH LITE,0,SATVVA DECOR LLP,08-08-2026,12,0,0,,FALSE,FALSE
SM 3125,FINE TOUCH LITE,0,SATVVA DECOR LLP,08-08-2026,13,0,0,,FALSE,FALSE
SM 3126,FINE TOUCH LITE,0,SATVVA DECOR LLP,08-08-2026,10,0,0,,FALSE,FALSE
SM 3127,FINE TOUCH LITE,0,SATVVA DECOR LLP,08-08-2026,4,0,0,,FALSE,FALSE
SM 3129,FINE TOUCH LITE,0,SATVVA DECOR LLP,08-08-2026,10,0,0,,FALSE,FALSE
SM 3130,FINE TOUCH LITE,0,SATVVA DECOR LLP,08-08-2026,10,0,1,,FALSE,FALSE
SM 3131,FINE TOUCH LITE,0,SATVVA DECOR LLP,08-08-2026,8,0,0,,FALSE,FALSE
SM 3132,FINE TOUCH LITE,0,SATVVA DECOR LLP,08-08-2026,3,0,0,,FALSE,FALSE
SM 3201,FINE TOUCH LITE,0,SATVVA DECOR LLP,08-08-2026,13,0,1,,FALSE,FALSE
SM 3206,FINE TOUCH LITE,0,SATVVA DECOR LLP,08-08-2026,12,0,1,,FALSE,FALSE
SM 3219,FINE TOUCH LITE,0,SATVVA DECOR LLP,08-08-2026,10,0,1,,FALSE,FALSE
SM 3308,FINE TOUCH LITE,0,SATVVA DECOR LLP,08-08-2026,6,0,1,,FALSE,FALSE
SM 3319,FINE TOUCH LITE,0,SATVVA DECOR LLP,08-08-2026,5,0,1,,FALSE,FALSE
SM 3325,FINE TOUCH LITE,0,SATVVA DECOR LLP,08-08-2026,8,0,1,,FALSE,FALSE
SM 3404,FINE TOUCH LITE,0,SATVVA DECOR LLP,08-08-2026,9,0,1,,FALSE,FALSE
SM 3410,FINE TOUCH LITE,0,SATVVA DECOR LLP,08-08-2026,16,0,1,,FALSE,FALSE
SM 3413,FINE TOUCH LITE,0,SATVVA DECOR LLP,08-08-2026,0,1,0,PAPER CRACK,FALSE,FALSE
SM 3414,FINE TOUCH LITE,0,SATVVA DECOR LLP,08-08-2026,19,0,1,,FALSE,FALSE
SM 3417,FINE TOUCH LITE,0,SATVVA DECOR LLP,08-08-2026,5,0,1,,FALSE,FALSE
BE 1028,FINOBLE,0,SATVVA DECOR LLP,08-08-2026,13,0,1,,FALSE,FALSE
BE 1029,FINOBLE,0,SATVVA DECOR LLP,08-08-2026,16,0,1,,FALSE,FALSE
BE 2052,FINOBLE,0,SATVVA DECOR LLP,08-08-2026,14,0,1,,FALSE,FALSE
BE 2060,FINOBLE,0,SATVVA DECOR LLP,08-08-2026,9,0,1,,FALSE,FALSE
BT 1008,FINOBLE,0,SATVVA DECOR LLP,08-08-2026,7,0,1,,FALSE,FALSE
BT 2004,FINOBLE,0,SATVVA DECOR LLP,08-08-2026,8,0,1,,FALSE,FALSE
CA 1015,FINOBLE,0,SATVVA DECOR LLP,08-08-2026,8,2,1,,FALSE,FALSE
CA 2034,FINOBLE,0,SATVVA DECOR LLP,08-08-2026,10,0,0,,FALSE,FALSE
CA 2035,FINOBLE,0,SATVVA DECOR LLP,08-08-2026,11,0,1,,FALSE,FALSE
CA 2042,FINOBLE,0,SATVVA DECOR LLP,08-08-2026,9,0,1,,FALSE,FALSE
CA 2043,FINOBLE,0,SATVVA DECOR LLP,08-08-2026,9,0,1,,FALSE,FALSE
CD 1032,FINOBLE,0,SATVVA DECOR LLP,08-08-2026,7,0,1,,FALSE,FALSE
CD 1108,FINOBLE,0,SATVVA DECOR LLP,08-08-2026,8,0,1,,FALSE,FALSE
CD 1111,FINOBLE,0,SATVVA DECOR LLP,08-08-2026,5,0,0,,FALSE,FALSE
CD 1115,FINOBLE,0,SATVVA DECOR LLP,08-08-2026,10,0,0,,FALSE,FALSE
CD 1118,FINOBLE,0,SATVVA DECOR LLP,08-08-2026,6,0,0,,FALSE,FALSE
CD 1125,FINOBLE,0,SATVVA DECOR LLP,08-08-2026,8,0,1,,FALSE,FALSE
CD 1128,FINOBLE,0,SATVVA DECOR LLP,08-08-2026,6,0,0,,FALSE,FALSE
CD 1131,FINOBLE,0,SATVVA DECOR LLP,08-08-2026,5,0,0,,FALSE,FALSE
CD 1132,FINOBLE,0,SATVVA DECOR LLP,08-08-2026,9,0,0,,FALSE,FALSE
CD 1135,FINOBLE,0,SATVVA DECOR LLP,08-08-2026,6,0,0,,FALSE,FALSE
CD 2048,FINOBLE,0,SATVVA DECOR LLP,08-08-2026,5,0,1,,FALSE,FALSE
CD 2056,FINOBLE,0,SATVVA DECOR LLP,08-08-2026,4,0,0,,FALSE,FALSE
CD 2059,FINOBLE,0,SATVVA DECOR LLP,08-08-2026,5,0,0,,FALSE,FALSE
CO 1001,FINOBLE,0,SATVVA DECOR LLP,08-08-2026,4,0,0,,FALSE,FALSE
CO 2069,FINOBLE,0,SATVVA DECOR LLP,08-08-2026,3,0,0,,FALSE,FALSE
CORE 1115,FINOBLE,0,SATVVA DECOR LLP,08-08-2026,5,0,0,,FALSE,FALSE
CORE 1129,FINOBLE,0,SATVVA DECOR LLP,08-08-2026,3,0,0,,FALSE,FALSE
CORE 1132,FINOBLE,0,SATVVA DECOR LLP,08-08-2026,7,0,0,,FALSE,FALSE
MT CORE 1115,FINOBLE,0,SATVVA DECOR LLP,08-08-2026,5,0,0,,FALSE,FALSE
MT CORE 1129,FINOBLE,0,SATVVA DECOR LLP,08-08-2026,4,0,0,,FALSE,FALSE
MT CORE 1132,FINOBLE,0,SATVVA DECOR LLP,08-08-2026,10,1,0,,FALSE,FALSE
CW 2069,FINOBLE,0,SATVVA DECOR LLP,08-08-2026,7,0,0,,FALSE,FALSE
DE 1021,FINOBLE,0,SATVVA DECOR LLP,08-08-2026,15,0,2,,FALSE,FALSE
DE 1022,FINOBLE,0,SATVVA DECOR LLP,08-08-2026,9,0,1,,FALSE,FALSE
DE 1023,FINOBLE,0,SATVVA DECOR LLP,08-08-2026,17,0,1,,FALSE,FALSE
DE 1094,FINOBLE,0,SATVVA DECOR LLP,08-08-2026,19,0,1,,FALSE,FALSE
DE 1095,FINOBLE,0,SATVVA DECOR LLP,08-08-2026,10,0,1,,FALSE,FALSE
DE 1107,FINOBLE,0,SATVVA DECOR LLP,08-08-2026,7,0,0,,FALSE,FALSE
DE 1108,FINOBLE,0,SATVVA DECOR LLP,08-08-2026,10,0,0,,FALSE,FALSE
DE 1111,FINOBLE,0,SATVVA DECOR LLP,08-08-2026,9,0,0,,FALSE,FALSE
DE 1112,FINOBLE,0,SATVVA DECOR LLP,08-08-2026,11,0,0,,FALSE,FALSE
DE 1115,FINOBLE,0,SATVVA DECOR LLP,08-08-2026,7,0,0,,FALSE,FALSE
DE 1121,FINOBLE,0,SATVVA DECOR LLP,08-08-2026,9,0,1,,FALSE,FALSE
DE 1122,FINOBLE,0,SATVVA DECOR LLP,08-08-2026,13,0,0,,FALSE,FALSE
DE 1132,FINOBLE,0,SATVVA DECOR LLP,08-08-2026,5,0,0,,FALSE,FALSE
DG 02 FI,FINOBLE,0,SATVVA DECOR LLP,08-08-2026,2,0,0,,FALSE,FALSE
DM 1028,FINOBLE,0,SATVVA DECOR LLP,08-08-2026,12,0,0,,FALSE,FALSE
DM 1031,FINOBLE,0,SATVVA DECOR LLP,08-08-2026,11,0,1,,FALSE,FALSE
DM 1080,FINOBLE,0,SATVVA DECOR LLP,08-08-2026,11,0,0,,FALSE,FALSE
DM 1107,FINOBLE,0,SATVVA DECOR LLP,08-08-2026,6,0,0,,FALSE,FALSE
DM 1111,FINOBLE,0,SATVVA DECOR LLP,08-08-2026,4,0,1,,FALSE,FALSE
DM 1113,FINOBLE,0,SATVVA DECOR LLP,08-08-2026,3,0,1,,FALSE,FALSE
DM 1122,FINOBLE,0,SATVVA DECOR LLP,08-08-2026,13,0,2,,FALSE,FALSE
DM 1124,FINOBLE,0,SATVVA DECOR LLP,08-08-2026,12,0,1,,FALSE,FALSE
DM 1127,FINOBLE,0,SATVVA DECOR LLP,08-08-2026,7,0,2,,FALSE,FALSE
DM 1129,FINOBLE,0,SATVVA DECOR LLP,08-08-2026,4,0,0,,FALSE,FALSE
DM 1132,FINOBLE,0,SATVVA DECOR LLP,08-08-2026,6,0,1,,FALSE,FALSE
DM 1134,FINOBLE,0,SATVVA DECOR LLP,08-08-2026,11,0,2,,FALSE,FALSE
DM 2057,FINOBLE,0,SATVVA DECOR LLP,08-08-2026,5,0,0,,FALSE,FALSE
DM 2058,FINOBLE,0,SATVVA DECOR LLP,08-08-2026,6,0,0,,FALSE,FALSE
EM 1132,FINOBLE,0,SATVVA DECOR LLP,08-08-2026,8,0,0,,FALSE,FALSE
EM 2029,FINOBLE,0,SATVVA DECOR LLP,08-08-2026,6,0,1,,FALSE,FALSE
EM 2030,FINOBLE,0,SATVVA DECOR LLP,08-08-2026,10,0,1,,FALSE,FALSE
EM 2080,FINOBLE,0,SATVVA DECOR LLP,08-08-2026,6,0,0,,FALSE,FALSE
FB 1027,FINOBLE,0,SATVVA DECOR LLP,08-08-2026,13,0,0,,FALSE,FALSE
FB 1106,FINOBLE,0,SATVVA DECOR LLP,08-08-2026,10,0,0,,FALSE,FALSE
FB 1108,FINOBLE,0,SATVVA DECOR LLP,08-08-2026,7,0,0,,FALSE,FALSE
FB 1109,FINOBLE,0,SATVVA DECOR LLP,08-08-2026,5,0,0,,FALSE,FALSE
FB 1110,FINOBLE,0,SATVVA DECOR LLP,08-08-2026,12,0,0,,FALSE,FALSE
FB 1111,FINOBLE,0,SATVVA DECOR LLP,08-08-2026,10,0,0,,FALSE,FALSE
FB 1112,FINOBLE,0,SATVVA DECOR LLP,08-08-2026,12,0,1,,FALSE,FALSE
FB 1115,FINOBLE,0,SATVVA DECOR LLP,08-08-2026,7,0,0,,FALSE,FALSE
FB 1117,FINOBLE,0,SATVVA DECOR LLP,08-08-2026,8,0,1,,FALSE,FALSE
FB 1118,FINOBLE,0,SATVVA DECOR LLP,08-08-2026,15,0,0,,FALSE,FALSE
FB 1119,FINOBLE,0,SATVVA DECOR LLP,08-08-2026,12,0,1,,FALSE,FALSE
FB 1123,FINOBLE,0,SATVVA DECOR LLP,08-08-2026,9,0,1,,FALSE,FALSE
FB 1132,FINOBLE,0,SATVVA DECOR LLP,08-08-2026,14,0,0,,FALSE,FALSE
FB 2060,FINOBLE,0,SATVVA DECOR LLP,08-08-2026,4,0,0,,FALSE,FALSE
GM 1035,FINOBLE,0,SATVVA DECOR LLP,08-08-2026,5,0,1,,FALSE,FALSE
GM 1110,FINOBLE,0,SATVVA DECOR LLP,08-08-2026,5,0,0,,FALSE,FALSE
GM 1112,FINOBLE,0,SATVVA DECOR LLP,08-08-2026,3,0,0,,FALSE,FALSE
GM 1115,FINOBLE,0,SATVVA DECOR LLP,08-08-2026,7,0,0,,FALSE,FALSE
GM 1121,FINOBLE,0,SATVVA DECOR LLP,08-08-2026,6,0,0,,FALSE,FALSE
GM 1128,FINOBLE,0,SATVVA DECOR LLP,08-08-2026,4,0,0,,FALSE,FALSE
GM 1131,FINOBLE,0,SATVVA DECOR LLP,08-08-2026,6,0,0,,FALSE,FALSE
GM 1132,FINOBLE,0,SATVVA DECOR LLP,08-08-2026,0,0,1,,FALSE,FALSE
GM 1135,FINOBLE,0,SATVVA DECOR LLP,08-08-2026,5,0,0,,FALSE,FALSE
GV 1079,FINOBLE,0,SATVVA DECOR LLP,08-08-2026,10,0,0,,FALSE,FALSE
GV 2045,FINOBLE,0,SATVVA DECOR LLP,08-08-2026,4,0,0,,FALSE,FALSE
GV 2054,FINOBLE,0,SATVVA DECOR LLP,08-08-2026,6,0,0,,FALSE,FALSE
GV 2055,FINOBLE,0,SATVVA DECOR LLP,08-08-2026,6,0,0,,FALSE,FALSE
GW 1009,FINOBLE,0,SATVVA DECOR LLP,08-08-2026,16,0,1,,FALSE,FALSE
GW 2010,FINOBLE,0,SATVVA DECOR LLP,08-08-2026,23,0,1,,FALSE,FALSE
GW 2040,FINOBLE,0,SATVVA DECOR LLP,08-08-2026,8,0,1,,FALSE,FALSE
LM 1031 PRE,FINOBLE,0,SATVVA DECOR LLP,08-08-2026,9,0,1,,FALSE,FALSE
LM 1032 PRE,FINOBLE,0,SATVVA DECOR LLP,08-08-2026,5,0,1,,FALSE,FALSE
LM 9101 PRE,FINOBLE,0,SATVVA DECOR LLP,08-08-2026,13,0,1,,FALSE,FALSE
LM 9102 PRE,FINOBLE,0,SATVVA DECOR LLP,08-08-2026,5,0,1,,FALSE,FALSE
LM 9103 PRE,FINOBLE,0,SATVVA DECOR LLP,08-08-2026,11,0,1,,FALSE,FALSE
LM 9104 PRE,FINOBLE,0,SATVVA DECOR LLP,08-08-2026,3,0,0,,FALSE,FALSE
LM 9105 PRE,FINOBLE,0,SATVVA DECOR LLP,08-08-2026,3,0,1,,FALSE,FALSE
MO 2005,FINOBLE,0,SATVVA DECOR LLP,08-08-2026,11,0,1,,FALSE,FALSE
MO 2006,FINOBLE,0,SATVVA DECOR LLP,08-08-2026,12,0,1,,FALSE,FALSE
MO 2008,FINOBLE,0,SATVVA DECOR LLP,08-08-2026,14,0,1,,FALSE,FALSE
MO 2009,FINOBLE,0,SATVVA DECOR LLP,08-08-2026,10,1,1,,FALSE,FALSE
MR 2011,FINOBLE,0,SATVVA DECOR LLP,08-08-2026,1,0,0,,FALSE,FALSE
MR 2012,FINOBLE,0,SATVVA DECOR LLP,08-08-2026,3,0,0,,FALSE,FALSE
MR 2030,FINOBLE,0,SATVVA DECOR LLP,08-08-2026,5,0,0,,FALSE,FALSE
MR 2037,FINOBLE,0,SATVVA DECOR LLP,08-08-2026,5,0,0,,FALSE,FALSE
MR 2047,FINOBLE,0,SATVVA DECOR LLP,08-08-2026,7,0,0,,FALSE,FALSE
MR 2048,FINOBLE,0,SATVVA DECOR LLP,08-08-2026,2,0,0,,FALSE,FALSE
MR 2057,FINOBLE,0,SATVVA DECOR LLP,08-08-2026,4,0,0,,FALSE,FALSE
MR 2059,FINOBLE,0,SATVVA DECOR LLP,08-08-2026,6,0,0,,FALSE,FALSE
MR 2080,FINOBLE,0,SATVVA DECOR LLP,08-08-2026,5,0,0,,FALSE,FALSE
MW 2036,FINOBLE,0,SATVVA DECOR LLP,08-08-2026,5,0,1,,FALSE,FALSE
MW 2044,FINOBLE,0,SATVVA DECOR LLP,08-08-2026,10,0,1,,FALSE,FALSE
MW 2046,FINOBLE,0,SATVVA DECOR LLP,08-08-2026,9,0,1,,FALSE,FALSE
OP 2038,FINOBLE,0,SATVVA DECOR LLP,08-08-2026,10,0,1,,FALSE,FALSE
OP 2039,FINOBLE,0,SATVVA DECOR LLP,08-08-2026,16,0,1,,FALSE,FALSE
OP 2045,FINOBLE,0,SATVVA DECOR LLP,08-08-2026,12,0,1,,FALSE,FALSE
OP 2049,FINOBLE,0,SATVVA DECOR LLP,08-08-2026,15,0,1,,FALSE,FALSE
OP 2050,FINOBLE,0,SATVVA DECOR LLP,08-08-2026,10,0,1,,FALSE,FALSE
OP 2051,FINOBLE,0,SATVVA DECOR LLP,08-08-2026,12,0,0,,FALSE,FALSE
OP 2053,FINOBLE,0,SATVVA DECOR LLP,08-08-2026,12,0,1,,FALSE,FALSE
OS 1010,FINOBLE,0,SATVVA DECOR LLP,08-08-2026,13,0,1,,FALSE,FALSE
OS 1011,FINOBLE,0,SATVVA DECOR LLP,08-08-2026,11,0,1,,FALSE,FALSE
 OS 2002,FINOBLE,0,SATVVA DECOR LLP,08-08-2026,19,0,1,,FALSE,FALSE
OS 2003,FINOBLE,0,SATVVA DECOR LLP,08-08-2026,8,0,1,,FALSE,FALSE
PD 2019,FINOBLE,0,SATVVA DECOR LLP,08-08-2026,3,0,1,,FALSE,FALSE
PD 2037,FINOBLE,0,SATVVA DECOR LLP,08-08-2026,12,0,1,,FALSE,FALSE
PD 2047,FINOBLE,0,SATVVA DECOR LLP,08-08-2026,7,0,1,,FALSE,FALSE
PD 2048,FINOBLE,0,SATVVA DECOR LLP,08-08-2026,8,0,1,,FALSE,FALSE
PY 1005,FINOBLE,0,SATVVA DECOR LLP,08-08-2026,6,0,0,,FALSE,FALSE
PY 2007,FINOBLE,0,SATVVA DECOR LLP,08-08-2026,5,0,0,,FALSE,FALSE
RV 2011,FINOBLE,0,SATVVA DECOR LLP,08-08-2026,6,0,1,,FALSE,FALSE
SC 1079,FINOBLE,0,SATVVA DECOR LLP,08-08-2026,18,0,1,,FALSE,FALSE
SC 1080,FINOBLE,0,SATVVA DECOR LLP,08-08-2026,14,0,1,,FALSE,FALSE
SC 2054,FINOBLE,0,SATVVA DECOR LLP,08-08-2026,11,0,1,,FALSE,FALSE
SC 2055,FINOBLE,0,SATVVA DECOR LLP,08-08-2026,10,0,1,,FALSE,FALSE
SC 2056,FINOBLE,0,SATVVA DECOR LLP,08-08-2026,8,0,2,,FALSE,FALSE
SC 2057,FINOBLE,0,SATVVA DECOR LLP,08-08-2026,15,4,1,6X4,FALSE,FALSE
SC 2059,FINOBLE,0,SATVVA DECOR LLP,08-08-2026,15,0,1,,FALSE,FALSE
SD 2007,FINOBLE,0,SATVVA DECOR LLP,08-08-2026,10,0,1,,FALSE,FALSE
SD 2014,FINOBLE,0,SATVVA DECOR LLP,08-08-2026,8,0,1,,FALSE,FALSE
ST 2033,FINOBLE,0,SATVVA DECOR LLP,08-08-2026,21,0,1,,FALSE,FALSE
ST 2041,FINOBLE,0,SATVVA DECOR LLP,08-08-2026,12,0,1,,FALSE,FALSE
SV 1016,FINOBLE,0,SATVVA DECOR LLP,08-08-2026,9,0,1,,FALSE,FALSE
SV 1017,FINOBLE,0,SATVVA DECOR LLP,08-08-2026,11,0,1,,FALSE,FALSE
SV 1018,FINOBLE,0,SATVVA DECOR LLP,08-08-2026,11,0,1,,FALSE,FALSE
SV 1024,FINOBLE,0,SATVVA DECOR LLP,08-08-2026,10,0,1,,FALSE,FALSE
SV 1025,FINOBLE,0,SATVVA DECOR LLP,08-08-2026,8,0,1,,FALSE,FALSE
SV 1026,FINOBLE,0,SATVVA DECOR LLP,08-08-2026,9,0,1,,FALSE,FALSE
SV 1030,FINOBLE,0,SATVVA DECOR LLP,08-08-2026,10,0,1,,FALSE,FALSE
TV 2022,FINOBLE,0,SATVVA DECOR LLP,08-08-2026,12,0,1,,FALSE,FALSE
TV 2027,FINOBLE,0,SATVVA DECOR LLP,08-08-2026,12,0,1,,FALSE,FALSE
TV 2028,FINOBLE,0,SATVVA DECOR LLP,08-08-2026,7,0,1,,FALSE,FALSE
WK 2011,FINOBLE,0,SATVVA DECOR LLP,08-08-2026,7,0,0,,FALSE,FALSE
WK 2012,FINOBLE,0,SATVVA DECOR LLP,08-08-2026,7,0,0,,FALSE,FALSE
WK 2031 H,FINOBLE,0,SATVVA DECOR LLP,08-08-2026,6,0,1,,FALSE,FALSE
WK 2032 H,FINOBLE,0,SATVVA DECOR LLP,08-08-2026,5,0,1,,FALSE,FALSE
HGL 1016 FI,FINOBLE,0,SATVVA DECOR LLP,08-08-2026,10,0,0,,FALSE,FALSE
HGL 1017 FI,FINOBLE,0,SATVVA DECOR LLP,08-08-2026,10,0,0,,FALSE,FALSE
HGL 1018 FI,FINOBLE,0,SATVVA DECOR LLP,08-08-2026,12,0,0,,FALSE,FALSE
HGL 1022 FI,FINOBLE,0,SATVVA DECOR LLP,08-08-2026,5,0,0,,FALSE,FALSE
HGL 1023 FI,FINOBLE,0,SATVVA DECOR LLP,08-08-2026,5,0,0,,FALSE,FALSE
HGL 1024 FI,FINOBLE,0,SATVVA DECOR LLP,08-08-2026,4,0,0,,FALSE,FALSE
HGL 1025 FI,FINOBLE,0,SATVVA DECOR LLP,08-08-2026,8,0,0,,FALSE,FALSE
HGL 1026 FI,FINOBLE,0,SATVVA DECOR LLP,08-08-2026,5,0,0,,FALSE,FALSE
HGL 1030 FI,FINOBLE,0,SATVVA DECOR LLP,08-08-2026,10,0,0,,FALSE,FALSE
HGL 1031 FI,FINOBLE,0,SATVVA DECOR LLP,08-08-2026,10,0,0,,FALSE,FALSE
HGL 1032 FI,FINOBLE,0,SATVVA DECOR LLP,08-08-2026,4,0,0,,FALSE,FALSE
HGL 1035 FI,FINOBLE,0,SATVVA DECOR LLP,08-08-2026,11,0,1,,FALSE,FALSE
HGL 1101 FI,FINOBLE,0,SATVVA DECOR LLP,08-08-2026,13,1,0,,FALSE,FALSE
HGL 1102 FI,FINOBLE,0,SATVVA DECOR LLP,08-08-2026,7,0,0,,FALSE,FALSE
HGL 1103 FI,FINOBLE,0,SATVVA DECOR LLP,08-08-2026,4,0,0,,FALSE,FALSE
HGL 1105 FI,FINOBLE,0,SATVVA DECOR LLP,08-08-2026,4,0,0,,FALSE,FALSE
HGL 1106 FI,FINOBLE,0,SATVVA DECOR LLP,08-08-2026,4,1,0,,FALSE,FALSE
HGL 1107 FI,FINOBLE,0,SATVVA DECOR LLP,08-08-2026,2,0,0,,FALSE,FALSE
HGL 1108 FI,FINOBLE,0,SATVVA DECOR LLP,08-08-2026,3,0,0,,FALSE,FALSE
HGL 1110 FI,FINOBLE,0,SATVVA DECOR LLP,08-08-2026,11,0,0,,FALSE,FALSE
HGL 1111 FI,FINOBLE,0,SATVVA DECOR LLP,08-08-2026,9,0,0,,FALSE,FALSE
HGL 1112 FI,FINOBLE,0,SATVVA DECOR LLP,08-08-2026,9,0,0,,FALSE,FALSE
HGL 1113 FI,FINOBLE,0,SATVVA DECOR LLP,08-08-2026,7,0,0,,FALSE,FALSE
HGL 1115 FI,FINOBLE,0,SATVVA DECOR LLP,08-08-2026,10,0,0,,FALSE,FALSE
HGL 1117 FI,FINOBLE,0,SATVVA DECOR LLP,08-08-2026,5,0,0,,FALSE,FALSE
HGL 1118 FI,FINOBLE,0,SATVVA DECOR LLP,08-08-2026,6,0,0,,FALSE,FALSE
HGL 1119 FI,FINOBLE,0,SATVVA DECOR LLP,08-08-2026,8,0,0,,FALSE,FALSE
HGL 1121 FI,FINOBLE,0,SATVVA DECOR LLP,08-08-2026,4,0,0,,FALSE,FALSE
HGL 1122 FI,FINOBLE,0,SATVVA DECOR LLP,08-08-2026,4,0,0,,FALSE,FALSE
HGL 1123 FI,FINOBLE,0,SATVVA DECOR LLP,08-08-2026,3,0,0,,FALSE,FALSE
HGL 1124 FI,FINOBLE,0,SATVVA DECOR LLP,08-08-2026,8,0,0,,FALSE,FALSE
HGL 1125 FI,FINOBLE,0,SATVVA DECOR LLP,08-08-2026,5,0,0,,FALSE,FALSE
HGL 1127 FI,FINOBLE,0,SATVVA DECOR LLP,08-08-2026,4,0,0,,FALSE,FALSE
HGL 1128 FI,FINOBLE,0,SATVVA DECOR LLP,08-08-2026,10,0,0,,FALSE,FALSE
HGL 1129 FI,FINOBLE,0,SATVVA DECOR LLP,08-08-2026,3,0,0,,FALSE,FALSE
HGL 1131 FI,FINOBLE,0,SATVVA DECOR LLP,08-08-2026,6,0,0,,FALSE,FALSE
HGL 1132 FI,FINOBLE,0,SATVVA DECOR LLP,08-08-2026,19,2,0,COLOR VARATION,FALSE,FALSE
HGL 1134 FI,FINOBLE,0,SATVVA DECOR LLP,08-08-2026,5,0,0,,FALSE,FALSE
HGL 1135 FI,FINOBLE,0,SATVVA DECOR LLP,08-08-2026,6,0,0,,FALSE,FALSE
HGL 1143 FI,FINOBLE,0,SATVVA DECOR LLP,08-08-2026,5,0,0,,FALSE,FALSE
HGL 2009 FI,FINOBLE,0,SATVVA DECOR LLP,08-08-2026,4,0,1,,FALSE,FALSE
HGL 2010 FI,FINOBLE,0,SATVVA DECOR LLP,08-08-2026,7,0,0,,FALSE,FALSE
HGL 2014 FI,FINOBLE,0,SATVVA DECOR LLP,08-08-2026,6,0,0,,FALSE,FALSE
HGL 2027 FI,FINOBLE,0,SATVVA DECOR LLP,08-08-2026,4,0,0,,FALSE,FALSE
HGL 2034 FI,FINOBLE,0,SATVVA DECOR LLP,08-08-2026,5,0,0,,FALSE,FALSE
HGL 2044 FI,FINOBLE,0,SATVVA DECOR LLP,08-08-2026,4,0,0,,FALSE,FALSE
HGL 2069 FI,FINOBLE,0,SATVVA DECOR LLP,08-08-2026,5,0,0,,FALSE,FALSE
HGL 9101 FI,FINOBLE,0,SATVVA DECOR LLP,08-08-2026,1,0,0,,FALSE,FALSE
HGL 9102 FI,FINOBLE,0,SATVVA DECOR LLP,08-08-2026,4,0,0,,FALSE,FALSE
HGL 9103 FI,FINOBLE,0,SATVVA DECOR LLP,08-08-2026,6,0,0,,FALSE,FALSE
HGL 9104 FI,FINOBLE,0,SATVVA DECOR LLP,08-08-2026,5,0,0,,FALSE,FALSE
HGL 9105 FI,FINOBLE,0,SATVVA DECOR LLP,08-08-2026,3,0,0,,FALSE,FALSE
MT 1103,FINOBLE,0,SATVVA DECOR LLP,08-08-2026,2,0,0,,FALSE,FALSE
MT 1115,FINOBLE,0,SATVVA DECOR LLP,08-08-2026,10,0,0,,FALSE,FALSE
MT 1202,FINOBLE,0,SATVVA DECOR LLP,08-08-2026,9,0,0,,FALSE,FALSE
MT 1203,FINOBLE,0,SATVVA DECOR LLP,08-08-2026,7,0,0,,FALSE,FALSE
SF 1005 FI,FINOBLE,0,SATVVA DECOR LLP,08-08-2026,6,0,0,,FALSE,FALSE
SF 1009 FI,FINOBLE,0,SATVVA DECOR LLP,08-08-2026,5,0,0,,FALSE,FALSE
SF 1015 FI,FINOBLE,0,SATVVA DECOR LLP,08-08-2026,6,0,0,,FALSE,FALSE
SF 1028 FI,FINOBLE,0,SATVVA DECOR LLP,08-08-2026,8,0,0,,FALSE,FALSE
SF 1029 FI,FINOBLE,0,SATVVA DECOR LLP,08-08-2026,4,1,0,,FALSE,FALSE
SF 1079 FI,FINOBLE,0,SATVVA DECOR LLP,08-08-2026,14,0,0,,FALSE,FALSE
SF 1080 FI,FINOBLE,0,SATVVA DECOR LLP,08-08-2026,17,0,0,,FALSE,FALSE
SF 1101 FI,FINOBLE,0,SATVVA DECOR LLP,08-08-2026,5,0,0,,FALSE,FALSE
SF 1102 FI,FINOBLE,0,SATVVA DECOR LLP,08-08-2026,2,0,0,,FALSE,FALSE
SF 1103 FI,FINOBLE,0,SATVVA DECOR LLP,08-08-2026,6,1,0,5x4,FALSE,FALSE
SF 1109 FI,FINOBLE,0,SATVVA DECOR LLP,08-08-2026,7,0,0,,FALSE,FALSE
SF 1115 FI,FINOBLE,0,SATVVA DECOR LLP,08-08-2026,8,0,0,,FALSE,FALSE
SF 1129 FI,FINOBLE,0,SATVVA DECOR LLP,08-08-2026,6,0,1,,FALSE,FALSE
SF 1132 FI,FINOBLE,0,SATVVA DECOR LLP,08-08-2026,7,0,0,,FALSE,FALSE
SF 2007 FI,FINOBLE,0,SATVVA DECOR LLP,08-08-2026,7,0,0,,FALSE,FALSE
SF 2010 FI,FINOBLE,0,SATVVA DECOR LLP,08-08-2026,6,0,0,,FALSE,FALSE
SF 2011 FI,FINOBLE,0,SATVVA DECOR LLP,08-08-2026,5,0,0,,FALSE,FALSE
SF 2012 FI,FINOBLE,0,SATVVA DECOR LLP,08-08-2026,3,0,0,,FALSE,FALSE
SF 2014 FI,FINOBLE,0,SATVVA DECOR LLP,08-08-2026,7,0,0,,FALSE,FALSE
SF 2019 FI,FINOBLE,0,SATVVA DECOR LLP,08-08-2026,1,0,0,,FALSE,FALSE
SF 2022 FI,FINOBLE,0,SATVVA DECOR LLP,08-08-2026,0,0,0,,FALSE,FALSE
SF 2027 FI,FINOBLE,0,SATVVA DECOR LLP,08-08-2026,4,0,0,,FALSE,FALSE
SF 2028 FI,FINOBLE,0,SATVVA DECOR LLP,08-08-2026,5,0,0,,FALSE,FALSE
SF 2029 FI,FINOBLE,0,SATVVA DECOR LLP,08-08-2026,4,0,0,,FALSE,FALSE
SF 2030 FI,FINOBLE,0,SATVVA DECOR LLP,08-08-2026,11,0,0,,FALSE,FALSE
SF 2033 FI,FINOBLE,0,SATVVA DECOR LLP,08-08-2026,7,0,0,,FALSE,FALSE
SF 2034 FI,FINOBLE,0,SATVVA DECOR LLP,08-08-2026,5,0,0,,FALSE,FALSE
SF 2035 FI,FINOBLE,0,SATVVA DECOR LLP,08-08-2026,6,0,0,,FALSE,FALSE
SF 2036 FI,FINOBLE,0,SATVVA DECOR LLP,08-08-2026,4,0,0,,FALSE,FALSE
SF 2037 FI,FINOBLE,0,SATVVA DECOR LLP,08-08-2026,3,0,0,,FALSE,FALSE
SF 2038 FI,FINOBLE,0,SATVVA DECOR LLP,08-08-2026,14,0,0,,FALSE,FALSE
SF 2039 FI,FINOBLE,0,SATVVA DECOR LLP,08-08-2026,4,0,0,,FALSE,FALSE
SF 2040 FI,FINOBLE,0,SATVVA DECOR LLP,08-08-2026,4,0,0,,FALSE,FALSE
SF 2041 FI,FINOBLE,0,SATVVA DECOR LLP,08-08-2026,19,0,0,,FALSE,FALSE
SF 2042 FI,FINOBLE,0,SATVVA DECOR LLP,08-08-2026,7,0,0,,FALSE,FALSE
SF 2043 FI,FINOBLE,0,SATVVA DECOR LLP,08-08-2026,3,0,0,,FALSE,FALSE
SF 2044 FI,FINOBLE,0,SATVVA DECOR LLP,08-08-2026,8,0,0,,FALSE,FALSE
SF 2045 FI,FINOBLE,0,SATVVA DECOR LLP,08-08-2026,7,0,0,,FALSE,FALSE
SF 2046 FI,FINOBLE,0,SATVVA DECOR LLP,08-08-2026,9,0,0,,FALSE,FALSE
SF 2047 FI,FINOBLE,0,SATVVA DECOR LLP,08-08-2026,5,0,0,,FALSE,FALSE
SF 2048 FI,FINOBLE,0,SATVVA DECOR LLP,08-08-2026,1,0,0,,FALSE,FALSE
SF 2049 FI,FINOBLE,0,SATVVA DECOR LLP,08-08-2026,3,0,0,,FALSE,FALSE
SF 2050 FI,FINOBLE,0,SATVVA DECOR LLP,08-08-2026,5,0,0,,FALSE,FALSE
SF 2051 FI,FINOBLE,0,SATVVA DECOR LLP,08-08-2026,5,0,0,,FALSE,FALSE
SF 2052 FI,FINOBLE,0,SATVVA DECOR LLP,08-08-2026,5,0,0,,FALSE,FALSE
SF 2053 FI,FINOBLE,0,SATVVA DECOR LLP,08-08-2026,2,0,0,,FALSE,FALSE
SF 2054 FI,FINOBLE,0,SATVVA DECOR LLP,08-08-2026,13,0,0,,FALSE,FALSE
SF 2055 FI,FINOBLE,0,SATVVA DECOR LLP,08-08-2026,4,0,0,,FALSE,FALSE
SF 2056 FI,FINOBLE,0,SATVVA DECOR LLP,08-08-2026,3,0,0,,FALSE,FALSE
SF 2057 FI,FINOBLE,0,SATVVA DECOR LLP,08-08-2026,4,0,0,,FALSE,FALSE
SF 2058 FI,FINOBLE,0,SATVVA DECOR LLP,08-08-2026,8,0,0,,FALSE,FALSE
SF 2059 FI,FINOBLE,0,SATVVA DECOR LLP,08-08-2026,5,0,0,,FALSE,FALSE
SF 2060 FI,FINOBLE,0,SATVVA DECOR LLP,08-08-2026,5,0,0,,FALSE,FALSE
SF 2069 FI,FINOBLE,0,SATVVA DECOR LLP,08-08-2026,4,0,0,,FALSE,FALSE
SF 2080 FI,FINOBLE,0,SATVVA DECOR LLP,08-08-2026,4,0,0,,FALSE,FALSE
SM 1016,FINOBLE,0,SATVVA DECOR LLP,08-08-2026,10,0,0,,FALSE,FALSE
SM 1017,FINOBLE,0,SATVVA DECOR LLP,08-08-2026,16,0,0,,FALSE,FALSE
SM 1018,FINOBLE,0,SATVVA DECOR LLP,08-08-2026,10,0,0,,FALSE,FALSE
SM 1027,FINOBLE,0,SATVVA DECOR LLP,08-08-2026,18,0,1,,FALSE,FALSE
SM 1028,FINOBLE,0,SATVVA DECOR LLP,08-08-2026,10,0,0,,FALSE,FALSE
SM 1031,FINOBLE,0,SATVVA DECOR LLP,08-08-2026,7,0,0,,FALSE,FALSE
SM 1032,FINOBLE,0,SATVVA DECOR LLP,08-08-2026,7,0,1,,FALSE,FALSE
SM 1033,FINOBLE,0,SATVVA DECOR LLP,08-08-2026,20,0,1,,FALSE,FALSE
SM 1034,FINOBLE,0,SATVVA DECOR LLP,08-08-2026,14,0,1,,FALSE,FALSE
SM 1035,FINOBLE,0,SATVVA DECOR LLP,08-08-2026,9,0,0,,FALSE,FALSE
SM 1097 H,FINOBLE,0,SATVVA DECOR LLP,08-08-2026,5,0,1,,FALSE,FALSE
SM 1098 H,FINOBLE,0,SATVVA DECOR LLP,08-08-2026,5,0,1,,FALSE,FALSE
SM 1105,FINOBLE,0,SATVVA DECOR LLP,08-08-2026,6,0,0,,FALSE,FALSE
SM 1106,FINOBLE,0,SATVVA DECOR LLP,08-08-2026,9,0,0,,FALSE,FALSE
SM 1107,FINOBLE,0,SATVVA DECOR LLP,08-08-2026,11,0,1,,FALSE,FALSE
SM 1108,FINOBLE,0,SATVVA DECOR LLP,08-08-2026,13,0,0,,FALSE,FALSE
SM 1109,FINOBLE,0,SATVVA DECOR LLP,08-08-2026,16,0,0,,FALSE,FALSE
SM 1110,FINOBLE,0,SATVVA DECOR LLP,08-08-2026,28,0,1,,FALSE,FALSE
SM 1111,FINOBLE,0,SATVVA DECOR LLP,08-08-2026,18,0,0,,FALSE,FALSE
SM 1112,FINOBLE,0,SATVVA DECOR LLP,08-08-2026,16,0,1,,FALSE,FALSE
SM 1113,FINOBLE,0,SATVVA DECOR LLP,08-08-2026,14,0,0,,FALSE,FALSE
SM 1115,FINOBLE,0,SATVVA DECOR LLP,08-08-2026,15,0,1,,FALSE,FALSE
SM 1117,FINOBLE,0,SATVVA DECOR LLP,08-08-2026,6,0,0,,FALSE,FALSE
SM 1118,FINOBLE,0,SATVVA DECOR LLP,08-08-2026,11,0,0,,FALSE,FALSE
SM 1119,FINOBLE,0,SATVVA DECOR LLP,08-08-2026,11,0,0,,FALSE,FALSE
SM 1121,FINOBLE,0,SATVVA DECOR LLP,08-08-2026,20,0,0,,FALSE,FALSE
SM 1122,FINOBLE,0,SATVVA DECOR LLP,08-08-2026,21,0,0,,FALSE,FALSE
SM 1123,FINOBLE,0,SATVVA DECOR LLP,08-08-2026,12,0,0,,FALSE,FALSE
SM 1124,FINOBLE,0,SATVVA DECOR LLP,08-08-2026,16,0,0,,FALSE,FALSE
SM 1125,FINOBLE,0,SATVVA DECOR LLP,08-08-2026,6,0,1,,FALSE,FALSE
SM 1127,FINOBLE,0,SATVVA DECOR LLP,08-08-2026,14,0,0,,FALSE,FALSE
SM 1128,FINOBLE,0,SATVVA DECOR LLP,08-08-2026,13,0,0,,FALSE,FALSE
SM 1131,FINOBLE,0,SATVVA DECOR LLP,08-08-2026,13,0,1,,FALSE,FALSE
SM 1132,FINOBLE,0,SATVVA DECOR LLP,08-08-2026,13,0,0,,FALSE,FALSE
SM 1134,FINOBLE,0,SATVVA DECOR LLP,08-08-2026,22,0,0,,FALSE,FALSE
SM 1135,FINOBLE,0,SATVVA DECOR LLP,08-08-2026,5,0,1,,FALSE,FALSE
SM 1143,FINOBLE,0,SATVVA DECOR LLP,08-08-2026,5,0,1,,FALSE,FALSE
SM 2022,FINOBLE,0,SATVVA DECOR LLP,08-08-2026,14,0,0,,FALSE,FALSE
SM 2035,FINOBLE,0,SATVVA DECOR LLP,08-08-2026,10,0,1,,FALSE,FALSE
SM 2045,FINOBLE,0,SATVVA DECOR LLP,08-08-2026,13,0,0,,FALSE,FALSE
SM 2048,FINOBLE,0,SATVVA DECOR LLP,08-08-2026,5,0,0,,FALSE,FALSE
SM 2049,FINOBLE,0,SATVVA DECOR LLP,08-08-2026,10,0,0,,FALSE,FALSE
SM 2050,FINOBLE,0,SATVVA DECOR LLP,08-08-2026,16,0,0,,FALSE,FALSE
SM 2052,FINOBLE,0,SATVVA DECOR LLP,08-08-2026,9,0,1,,FALSE,FALSE
SM 2056,FINOBLE,0,SATVVA DECOR LLP,08-08-2026,14,0,0,,FALSE,FALSE
SM 2058,FINOBLE,0,SATVVA DECOR LLP,08-08-2026,13,0,1,,FALSE,FALSE
AB 346,FINE TOUCH,0,SAMARPAN LAMINATES,08-08-2026,8,0,1,,FALSE,FALSE
AB 773,FINE TOUCH,0,SAMARPAN LAMINATES,08-08-2026,9,0,1,,FALSE,FALSE
AB 835,FINE TOUCH,0,SAMARPAN LAMINATES,08-08-2026,5,0,1,,FALSE,FALSE
AF 103 PRE,FINE TOUCH,0,SAMARPAN LAMINATES,08-08-2026,6,0,0,,FALSE,FALSE
AF 129 PRE,FINE TOUCH,0,SAMARPAN LAMINATES,08-08-2026,6,1,1,4x4,FALSE,FALSE
AF 150 PRE,FINE TOUCH,0,SAMARPAN LAMINATES,08-08-2026,4,0,0,,FALSE,FALSE
AF 159 PRE,FINE TOUCH,0,SAMARPAN LAMINATES,08-08-2026,5,0,0,,FALSE,FALSE
AF 161 PRE,FINE TOUCH,0,SAMARPAN LAMINATES,08-08-2026,1,0,0,,FALSE,FALSE
AF 163 PRE,FINE TOUCH,0,SAMARPAN LAMINATES,08-08-2026,3,0,0,,FALSE,FALSE
AF 164 PRE,FINE TOUCH,0,SAMARPAN LAMINATES,08-08-2026,7,0,1,,FALSE,FALSE
AF 166 PRE,FINE TOUCH,0,SAMARPAN LAMINATES,08-08-2026,11,0,0,,FALSE,FALSE
AF 167 PRE,FINE TOUCH,0,SAMARPAN LAMINATES,08-08-2026,4,1,1,,FALSE,FALSE
AG 705,FINE TOUCH,0,SAMARPAN LAMINATES,08-08-2026,17,0,2,,FALSE,FALSE
AG 711,FINE TOUCH,0,SAMARPAN LAMINATES,08-08-2026,7,0,1,,FALSE,FALSE
AG 724,FINE TOUCH,0,SAMARPAN LAMINATES,08-08-2026,10,0,1,,FALSE,FALSE
AG 725,FINE TOUCH,0,SAMARPAN LAMINATES,08-08-2026,5,0,1,,FALSE,FALSE
AG 726,FINE TOUCH,0,SAMARPAN LAMINATES,08-08-2026,11,0,1,,FALSE,FALSE
AG 727,FINE TOUCH,0,SAMARPAN LAMINATES,08-08-2026,8,0,1,,FALSE,FALSE
AG 729,FINE TOUCH,0,SAMARPAN LAMINATES,08-08-2026,8,0,1,,FALSE,FALSE
AG 730,FINE TOUCH,0,SAMARPAN LAMINATES,08-08-2026,13,0,1,,FALSE,FALSE
AO 776,FINE TOUCH,0,SAMARPAN LAMINATES,08-08-2026,7,0,1,,FALSE,FALSE
AO 792,FINE TOUCH,0,SAMARPAN LAMINATES,08-08-2026,9,1,1,,FALSE,FALSE
AW 701,FINE TOUCH,0,SAMARPAN LAMINATES,08-08-2026,7,0,1,,TRUE,FALSE
AW 703,FINE TOUCH,0,SAMARPAN LAMINATES,08-08-2026,6,0,1,,TRUE,FALSE
CN 559 PRE,FINE TOUCH,0,SAMARPAN LAMINATES,08-08-2026,0,0,0,,FALSE,TRUE
CN 560 PRE,FINE TOUCH,0,SAMARPAN LAMINATES,08-08-2026,9,0,1,,TRUE,FALSE
CN 563,FINE TOUCH,0,SAMARPAN LAMINATES,08-08-2026,8,0,1,,FALSE,FALSE
CN 564,FINE TOUCH,0,SAMARPAN LAMINATES,08-08-2026,7,0,1,,FALSE,FALSE
CT 550,FINE TOUCH,0,SAMARPAN LAMINATES,08-08-2026,10,0,1,,FALSE,FALSE
CT 551,FINE TOUCH,0,SAMARPAN LAMINATES,08-08-2026,5,0,1,,FALSE,FALSE
DB 304 PRE,FINE TOUCH,0,SAMARPAN LAMINATES,08-08-2026,10,0,1,,FALSE,FALSE
DB 709 PRE,FINE TOUCH,0,SAMARPAN LAMINATES,08-08-2026,11,0,1,,FALSE,FALSE
DB 711 PRE,FINE TOUCH,0,SAMARPAN LAMINATES,08-08-2026,4,0,1,,FALSE,FALSE
DB 730 PRE,FINE TOUCH,0,SAMARPAN LAMINATES,08-08-2026,9,0,1,,FALSE,FALSE
DB 734 PRE,FINE TOUCH,0,SAMARPAN LAMINATES,08-08-2026,15,0,1,,FALSE,FALSE
DB 847 PRE,FINE TOUCH,0,SAMARPAN LAMINATES,08-08-2026,6,0,0,,FALSE,FALSE
DB 847 PRE OLD,FINE TOUCH,0,SAMARPAN LAMINATES,08-08-2026,1,0,1,JUNI BATCH,FALSE,FALSE
DD 358,FINE TOUCH,0,SAMARPAN LAMINATES,08-08-2026,26,0,1,,FALSE,FALSE
DD 359,FINE TOUCH,0,SAMARPAN LAMINATES,08-08-2026,23,0,1,,FALSE,FALSE
DD 360,FINE TOUCH,0,SAMARPAN LAMINATES,08-08-2026,15,0,1,,FALSE,FALSE
DD 736,FINE TOUCH,0,SAMARPAN LAMINATES,08-08-2026,14,0,1,,FALSE,FALSE
DD 855,FINE TOUCH,0,SAMARPAN LAMINATES,08-08-2026,14,0,1,,FALSE,FALSE
DD 856,FINE TOUCH,0,SAMARPAN LAMINATES,08-08-2026,16,0,1,,FALSE,FALSE
ET 357,FINE TOUCH,0,SAMARPAN LAMINATES,08-08-2026,19,0,1,,FALSE,FALSE
ET 796,FINE TOUCH,0,SAMARPAN LAMINATES,08-08-2026,7,0,1,,TRUE,FALSE
ET 797,FINE TOUCH,0,SAMARPAN LAMINATES,08-08-2026,8,0,1,,FALSE,FALSE
ET 853,FINE TOUCH,0,SAMARPAN LAMINATES,08-08-2026,7,0,1,,FALSE,FALSE
FE 303,FINE TOUCH,0,SAMARPAN LAMINATES,08-08-2026,15,0,1,,FALSE,FALSE
FE 306,FINE TOUCH,0,SAMARPAN LAMINATES,08-08-2026,25,0,1,,FALSE,FALSE
FE 308,FINE TOUCH,0,SAMARPAN LAMINATES,08-08-2026,3,0,1,,FALSE,FALSE
FE 709,FINE TOUCH,0,SAMARPAN LAMINATES,08-08-2026,17,0,1,,FALSE,FALSE
FO 305,FINE TOUCH,0,SAMARPAN LAMINATES,08-08-2026,14,0,1,,FALSE,FALSE
FO 307,FINE TOUCH,0,SAMARPAN LAMINATES,08-08-2026,16,0,1,,FALSE,FALSE
FO 803,FINE TOUCH,0,SAMARPAN LAMINATES,08-08-2026,4,0,1,,FALSE,FALSE
FU 102,FINE TOUCH,0,SAMARPAN LAMINATES,08-08-2026,9,0,1,,FALSE,FALSE
FU 142,FINE TOUCH,0,SAMARPAN LAMINATES,08-08-2026,7,0,1,,FALSE,FALSE
FU 150,FINE TOUCH,0,SAMARPAN LAMINATES,08-08-2026,15,0,1,,FALSE,FALSE
FU 152,FINE TOUCH,0,SAMARPAN LAMINATES,08-08-2026,7,0,1,,FALSE,FALSE
FU 159,FINE TOUCH,0,SAMARPAN LAMINATES,08-08-2026,4,1,1,,FALSE,FALSE
FU 160,FINE TOUCH,0,SAMARPAN LAMINATES,08-08-2026,12,0,1,,FALSE,FALSE
FU 162,FINE TOUCH,0,SAMARPAN LAMINATES,08-08-2026,7,0,1,,FALSE,FALSE
HW 710,FINE TOUCH,0,SAMARPAN LAMINATES,08-08-2026,8,0,1,,FALSE,FALSE
HW 712,FINE TOUCH,0,SAMARPAN LAMINATES,08-08-2026,6,0,1,,FALSE,FALSE
LC 352,FINE TOUCH,0,SAMARPAN LAMINATES,08-08-2026,7,0,1,,FALSE,FALSE
LC 798,FINE TOUCH,0,SAMARPAN LAMINATES,08-08-2026,6,0,1,,FALSE,FALSE
LA 501,FINE TOUCH,0,SAMARPAN LAMINATES,08-08-2026,9,0,2,,FALSE,FALSE
LA 502,FINE TOUCH,0,SAMARPAN LAMINATES,08-08-2026,7,0,1,,FALSE,FALSE
LO 102,FINE TOUCH,0,SAMARPAN LAMINATES,08-08-2026,10,0,1,,FALSE,FALSE
LO 108,FINE TOUCH,0,SAMARPAN LAMINATES,08-08-2026,7,0,1,,FALSE,FALSE
LO 152,FINE TOUCH,0,SAMARPAN LAMINATES,08-08-2026,6,0,1,,FALSE,FALSE
LO 157,FINE TOUCH,0,SAMARPAN LAMINATES,08-08-2026,7,0,1,,FALSE,FALSE
LO 158,FINE TOUCH,0,SAMARPAN LAMINATES,08-08-2026,9,0,1,,FALSE,FALSE
LO 159,FINE TOUCH,0,SAMARPAN LAMINATES,08-08-2026,5,0,1,,FALSE,FALSE
LT 554,FINE TOUCH,0,SAMARPAN LAMINATES,08-08-2026,10,0,1,,FALSE,FALSE
LT 555,FINE TOUCH,0,SAMARPAN LAMINATES,08-08-2026,7,0,1,,FALSE,FALSE
LT 561 PRE,FINE TOUCH,0,SAMARPAN LAMINATES,08-08-2026,11,0,1,,FALSE,FALSE
LT 562 PRE,FINE TOUCH,0,SAMARPAN LAMINATES,08-08-2026,3,0,1,,FALSE,FALSE
LU 102,FINE TOUCH,0,SAMARPAN LAMINATES,08-08-2026,7,0,1,,FALSE,FALSE
LU 105,FINE TOUCH,0,SAMARPAN LAMINATES,08-08-2026,9,0,1,,FALSE,FALSE
LU 110,FINE TOUCH,0,SAMARPAN LAMINATES,08-08-2026,10,0,2,,FALSE,FALSE
LU 121,FINE TOUCH,0,SAMARPAN LAMINATES,08-08-2026,7,0,2,,FALSE,FALSE
LU 122,FINE TOUCH,0,SAMARPAN LAMINATES,08-08-2026,7,0,2,,FALSE,FALSE
MA 338,FINE TOUCH,0,SAMARPAN LAMINATES,08-08-2026,15,0,1,,FALSE,FALSE
MA 345,FINE TOUCH,0,SAMARPAN LAMINATES,08-08-2026,7,0,1,,FALSE,FALSE
MA 714,FINE TOUCH,0,SAMARPAN LAMINATES,08-08-2026,5,0,1,,TRUE,FALSE
MA 715,FINE TOUCH,0,SAMARPAN LAMINATES,08-08-2026,5,0,1,,FALSE,FALSE
MA 767,FINE TOUCH,0,SAMARPAN LAMINATES,08-08-2026,0,0,1,,FALSE,FALSE
MA 827,FINE TOUCH,0,SAMARPAN LAMINATES,08-08-2026,6,0,1,,FALSE,FALSE
MA 845,FINE TOUCH,0,SAMARPAN LAMINATES,08-08-2026,3,0,1,,FALSE,FALSE
MA 847,FINE TOUCH,0,SAMARPAN LAMINATES,08-08-2026,4,0,0,,FALSE,FALSE
MA 848,FINE TOUCH,0,SAMARPAN LAMINATES,08-08-2026,5,0,1,,FALSE,FALSE
MD 732,FINE TOUCH,0,SAMARPAN LAMINATES,08-08-2026,14,0,1,,FALSE,FALSE
MD 735,FINE TOUCH,0,SAMARPAN LAMINATES,08-08-2026,9,0,1,,FALSE,FALSE
MD 737,FINE TOUCH,0,SAMARPAN LAMINATES,08-08-2026,25,0,1,,FALSE,FALSE
MD 854,FINE TOUCH,0,SAMARPAN LAMINATES,08-08-2026,10,0,1,,FALSE,FALSE
MD 858,FINE TOUCH,0,SAMARPAN LAMINATES,08-08-2026,13,0,1,,FALSE,FALSE
MD 859,FINE TOUCH,0,SAMARPAN LAMINATES,08-08-2026,5,0,1,,FALSE,FALSE
ML 103,FINE TOUCH,0,SAMARPAN LAMINATES,08-08-2026,9,0,1,,FALSE,FALSE
ML 107,FINE TOUCH,0,SAMARPAN LAMINATES,08-08-2026,11,0,1,,FALSE,FALSE
ML 129,FINE TOUCH,0,SAMARPAN LAMINATES,08-08-2026,7,0,1,,FALSE,FALSE
ML 137,FINE TOUCH,0,SAMARPAN LAMINATES,08-08-2026,12,0,1,,FALSE,FALSE
ML 151,FINE TOUCH,0,SAMARPAN LAMINATES,08-08-2026,10,0,1,,FALSE,FALSE
ML 157,FINE TOUCH,0,SAMARPAN LAMINATES,08-08-2026,14,0,1,,FALSE,FALSE
ML 158,FINE TOUCH,0,SAMARPAN LAMINATES,08-08-2026,6,0,1,,FALSE,FALSE
ML 161,FINE TOUCH,0,SAMARPAN LAMINATES,08-08-2026,6,1,1,,FALSE,FALSE
ML 164,FINE TOUCH,0,SAMARPAN LAMINATES,08-08-2026,0,1,1,,FALSE,FALSE
ML 165,FINE TOUCH,0,SAMARPAN LAMINATES,08-08-2026,9,0,1,,FALSE,FALSE
ML 551,FINE TOUCH,0,SAMARPAN LAMINATES,08-08-2026,6,0,1,,FALSE,FALSE
ML 552,FINE TOUCH,0,SAMARPAN LAMINATES,08-08-2026,0,0,1,,FALSE,TRUE
ML 553,FINE TOUCH,0,SAMARPAN LAMINATES,08-08-2026,1,0,1,,TRUE,FALSE
ML 927,FINE TOUCH,0,SAMARPAN LAMINATES,08-08-2026,6,0,1,,FALSE,FALSE
ML 928,FINE TOUCH,0,SAMARPAN LAMINATES,08-08-2026,5,0,1,,FALSE,FALSE
MZ 103,FINE TOUCH,0,SAMARPAN LAMINATES,08-08-2026,10,0,2,,FALSE,FALSE
MZ 111,FINE TOUCH,0,SAMARPAN LAMINATES,08-08-2026,7,0,1,,FALSE,FALSE
MZ 112,FINE TOUCH,0,SAMARPAN LAMINATES,08-08-2026,5,0,1,,FALSE,FALSE
MZ 116,FINE TOUCH,0,SAMARPAN LAMINATES,08-08-2026,9,0,2,,FALSE,FALSE
MZ 150,FINE TOUCH,0,SAMARPAN LAMINATES,08-08-2026,8,0,1,,FALSE,FALSE
MZ 152,FINE TOUCH,0,SAMARPAN LAMINATES,08-08-2026,8,0,1,,FALSE,FALSE
MZ 157,FINE TOUCH,0,SAMARPAN LAMINATES,08-08-2026,7,0,1,,FALSE,FALSE
PR 781,FINE TOUCH,0,SAMARPAN LAMINATES,08-08-2026,9,1,0,,FALSE,FALSE
PS 557 PRE,FINE TOUCH,0,SAMARPAN LAMINATES,08-08-2026,10,0,1,,FALSE,FALSE
PS 558 PRE,FINE TOUCH,0,SAMARPAN LAMINATES,08-08-2026,7,0,1,,FALSE,FALSE
RB 102,FINE TOUCH,0,SAMARPAN LAMINATES,08-08-2026,3,0,1,,FALSE,FALSE
RB 106,FINE TOUCH,0,SAMARPAN LAMINATES,08-08-2026,7,0,1,,FALSE,FALSE
RB 113,FINE TOUCH,0,SAMARPAN LAMINATES,08-08-2026,5,0,2,,FALSE,FALSE
RB 118,FINE TOUCH,0,SAMARPAN LAMINATES,08-08-2026,5,0,1,,FALSE,FALSE
RB 121,FINE TOUCH,0,SAMARPAN LAMINATES,08-08-2026,7,0,1,,FALSE,FALSE
RB 158,FINE TOUCH,0,SAMARPAN LAMINATES,08-08-2026,6,0,1,,FALSE,FALSE
RB 163,FINE TOUCH,0,SAMARPAN LAMINATES,08-08-2026,12,0,1,,FALSE,FALSE
RB 503,FINE TOUCH,0,SAMARPAN LAMINATES,08-08-2026,5,0,1,,FALSE,FALSE
RK 794,FINE TOUCH,0,SAMARPAN LAMINATES,08-08-2026,8,0,1,,FALSE,FALSE
RK 795,FINE TOUCH,0,SAMARPAN LAMINATES,08-08-2026,1,0,0,,FALSE,FALSE
RO 704,FINE TOUCH,0,SAMARPAN LAMINATES,08-08-2026,6,0,1,,FALSE,FALSE
RS 543,FINE TOUCH,0,SAMARPAN LAMINATES,08-08-2026,13,0,0,,FALSE,FALSE
SA 718,FINE TOUCH,0,SAMARPAN LAMINATES,08-08-2026,9,0,1,,FALSE,FALSE
SA 719,FINE TOUCH,0,SAMARPAN LAMINATES,08-08-2026,19,0,1,,FALSE,FALSE
SA 852,FINE TOUCH,0,SAMARPAN LAMINATES,08-08-2026,1,0,1,,FALSE,FALSE
SAS 103,FINE TOUCH,0,SAMARPAN LAMINATES,08-08-2026,0,0,0,BY ORDER - ANTI FINGER,FALSE,FALSE
SAS 113,FINE TOUCH,0,SAMARPAN LAMINATES,08-08-2026,0,0,0,BY ORDER - ANTI FINGER,FALSE,FALSE
SAS 116,FINE TOUCH,0,SAMARPAN LAMINATES,08-08-2026,0,0,0,BY ORDER - ANTI FINGER,FALSE,FALSE
SAS 118,FINE TOUCH,0,SAMARPAN LAMINATES,08-08-2026,0,0,0,BY ORDER - ANTI FINGER,FALSE,FALSE
SAS 122,FINE TOUCH,0,SAMARPAN LAMINATES,08-08-2026,0,0,0,BY ORDER - ANTI FINGER,FALSE,FALSE
SAS 123,FINE TOUCH,0,SAMARPAN LAMINATES,08-08-2026,0,0,0,BY ORDER - ANTI FINGER,FALSE,FALSE
SAS 129,FINE TOUCH,0,SAMARPAN LAMINATES,08-08-2026,0,0,0,BY ORDER - ANTI FINGER,FALSE,FALSE
SAS 142,FINE TOUCH,0,SAMARPAN LAMINATES,08-08-2026,0,0,0,BY ORDER - ANTI FINGER,FALSE,FALSE
SAS 150,FINE TOUCH,0,SAMARPAN LAMINATES,08-08-2026,0,0,0,BY ORDER - ANTI FINGER,FALSE,FALSE
SAS 164,FINE TOUCH,0,SAMARPAN LAMINATES,08-08-2026,0,0,0,BY ORDER - ANTI FINGER,FALSE,FALSE
SP 768,FINE TOUCH,0,SAMARPAN LAMINATES,08-08-2026,4,0,0,,FALSE,FALSE
SR 301,FINE TOUCH,0,SAMARPAN LAMINATES,08-08-2026,7,0,1,,FALSE,FALSE
SR 302,FINE TOUCH,0,SAMARPAN LAMINATES,08-08-2026,14,0,1,,FALSE,FALSE
SR 304,FINE TOUCH,0,SAMARPAN LAMINATES,08-08-2026,26,0,1,,FALSE,FALSE
SR 707,FINE TOUCH,0,SAMARPAN LAMINATES,08-08-2026,21,0,1,,FALSE,FALSE
SR 801,FINE TOUCH,0,SAMARPAN LAMINATES,08-08-2026,11,0,1,,FALSE,FALSE
SR 802,FINE TOUCH,0,SAMARPAN LAMINATES,08-08-2026,15,0,1,,FALSE,FALSE
TD 734,FINE TOUCH,0,SAMARPAN LAMINATES,08-08-2026,18,0,1,,FALSE,FALSE
TD 738,FINE TOUCH,0,SAMARPAN LAMINATES,08-08-2026,33,1,1,8X3,FALSE,FALSE
TD 857,FINE TOUCH,0,SAMARPAN LAMINATES,08-08-2026,16,0,1,,FALSE,FALSE
TG 103,FINE TOUCH,0,SAMARPAN LAMINATES,08-08-2026,10,0,0,,FALSE,FALSE
TG 931,FINE TOUCH,0,SAMARPAN LAMINATES,08-08-2026,7,0,0,,FALSE,FALSE
TG 932,FINE TOUCH,0,SAMARPAN LAMINATES,08-08-2026,2,1,0,,FALSE,FALSE
TG 934,FINE TOUCH,0,SAMARPAN LAMINATES,08-08-2026,6,0,0,,FALSE,FALSE
TG 935,FINE TOUCH,0,SAMARPAN LAMINATES,08-08-2026,4,0,0,,FALSE,FALSE
TG 936,FINE TOUCH,0,SAMARPAN LAMINATES,08-08-2026,2,0,0,,FALSE,FALSE
TG 937,FINE TOUCH,0,SAMARPAN LAMINATES,08-08-2026,6,0,1,,FALSE,FALSE
TG 938,FINE TOUCH,0,SAMARPAN LAMINATES,08-08-2026,7,0,0,,FALSE,FALSE
TO 504,FINE TOUCH,0,SAMARPAN LAMINATES,08-08-2026,28,0,1,,FALSE,FALSE
TO 505,FINE TOUCH,0,SAMARPAN LAMINATES,08-08-2026,22,0,0,,FALSE,FALSE
TO 506,FINE TOUCH,0,SAMARPAN LAMINATES,08-08-2026,19,0,1,,FALSE,FALSE
TO 507,FINE TOUCH,0,SAMARPAN LAMINATES,08-08-2026,22,0,1,,FALSE,FALSE
TW 350,FINE TOUCH,0,SAMARPAN LAMINATES,08-08-2026,3,1,1,,FALSE,FALSE
TW 354,FINE TOUCH,0,SAMARPAN LAMINATES,08-08-2026,9,0,1,,FALSE,FALSE
TW 355,FINE TOUCH,0,SAMARPAN LAMINATES,08-08-2026,9,0,1,,FALSE,FALSE
TW 547,FINE TOUCH,0,SAMARPAN LAMINATES,08-08-2026,5,0,1,,FALSE,FALSE
TW 549,FINE TOUCH,0,SAMARPAN LAMINATES,08-08-2026,9,0,1,,FALSE,FALSE
VR 708,FINE TOUCH,0,SAMARPAN LAMINATES,08-08-2026,8,0,1,,FALSE,FALSE
VR 728,FINE TOUCH,0,SAMARPAN LAMINATES,08-08-2026,9,0,1,,FALSE,FALSE
VR 731,FINE TOUCH,0,SAMARPAN LAMINATES,08-08-2026,2,0,1,,FALSE,FALSE
VR 768,FINE TOUCH,0,SAMARPAN LAMINATES,08-08-2026,8,0,1,,FALSE,FALSE
VR 777,FINE TOUCH,0,SAMARPAN LAMINATES,08-08-2026,6,0,1,,FALSE,FALSE
VR 835,FINE TOUCH,0,SAMARPAN LAMINATES,08-08-2026,7,0,1,,FALSE,FALSE
VR 842,FINE TOUCH,0,SAMARPAN LAMINATES,08-08-2026,7,0,1,,FALSE,FALSE
VR 843,FINE TOUCH,0,SAMARPAN LAMINATES,08-08-2026,4,0,1,,FALSE,FALSE
ZB 552,FINE TOUCH,0,SAMARPAN LAMINATES,08-08-2026,7,0,1,,FALSE,TRUE
ZB 553,FINE TOUCH,0,SAMARPAN LAMINATES,08-08-2026,4,0,1,,TRUE,FALSE
ZB 927,FINE TOUCH,0,SAMARPAN LAMINATES,08-08-2026,4,0,1,,FALSE,FALSE
ZB 928,FINE TOUCH,0,SAMARPAN LAMINATES,08-08-2026,2,1,1,6X4,FALSE,FALSE
ZD 353,FINE TOUCH,0,SAMARPAN LAMINATES,08-08-2026,5,0,1,,FALSE,FALSE
ZD 706,FINE TOUCH,0,SAMARPAN LAMINATES,08-08-2026,9,0,1,,FALSE,FALSE
ZD 846,FINE TOUCH,0,SAMARPAN LAMINATES,08-08-2026,7,0,1,,FALSE,FALSE
ZO 721,FINE TOUCH,0,SAMARPAN LAMINATES,08-08-2026,5,1,1,VARIATION,FALSE,FALSE
ZO 722,FINE TOUCH,0,SAMARPAN LAMINATES,08-08-2026,5,0,1,,FALSE,FALSE
ZM 102,FINE TOUCH,0,SAMARPAN LAMINATES,08-08-2026,8,2,1,,FALSE,FALSE
ZM 103,FINE TOUCH,0,SAMARPAN LAMINATES,08-08-2026,15,0,1,,FALSE,FALSE
ZM 105,FINE TOUCH,0,SAMARPAN LAMINATES,08-08-2026,9,0,1,,FALSE,FALSE
ZM 106,FINE TOUCH,0,SAMARPAN LAMINATES,08-08-2026,13,0,1,,FALSE,FALSE
ZM 107,FINE TOUCH,0,SAMARPAN LAMINATES,08-08-2026,14,0,2,,FALSE,FALSE
ZM 108,FINE TOUCH,0,SAMARPAN LAMINATES,08-08-2026,8,0,1,,FALSE,FALSE
ZM 110,FINE TOUCH,0,SAMARPAN LAMINATES,08-08-2026,10,0,1,,FALSE,FALSE
ZM 111,FINE TOUCH,0,SAMARPAN LAMINATES,08-08-2026,8,0,2,,FALSE,FALSE
ZM 112,FINE TOUCH,0,SAMARPAN LAMINATES,08-08-2026,9,0,1,,FALSE,FALSE
ZM 118,FINE TOUCH,0,SAMARPAN LAMINATES,08-08-2026,22,0,1,,FALSE,FALSE
ZM 123,FINE TOUCH,0,SAMARPAN LAMINATES,08-08-2026,16,0,1,,FALSE,FALSE
ZM 137,FINE TOUCH,0,SAMARPAN LAMINATES,08-08-2026,13,1,1,,FALSE,FALSE
ZM 142,FINE TOUCH,0,SAMARPAN LAMINATES,08-08-2026,11,0,1,,FALSE,FALSE
ZM 150,FINE TOUCH,0,SAMARPAN LAMINATES,08-08-2026,16,0,1,,FALSE,FALSE
ZM 151,FINE TOUCH,0,SAMARPAN LAMINATES,08-08-2026,14,0,1,,FALSE,FALSE
ZM 152,FINE TOUCH,0,SAMARPAN LAMINATES,08-08-2026,18,0,1,,FALSE,FALSE
ZM 153,FINE TOUCH,0,SAMARPAN LAMINATES,08-08-2026,6,0,1,,FALSE,FALSE
ZM 154,FINE TOUCH,0,SAMARPAN LAMINATES,08-08-2026,6,0,1,,FALSE,FALSE
ZM 155,FINE TOUCH,0,SAMARPAN LAMINATES,08-08-2026,9,0,1,,FALSE,FALSE
ZM 157,FINE TOUCH,0,SAMARPAN LAMINATES,08-08-2026,15,0,1,,FALSE,FALSE
ZM 158,FINE TOUCH,0,SAMARPAN LAMINATES,08-08-2026,18,0,1,,FALSE,FALSE
ZM 160,FINE TOUCH,0,SAMARPAN LAMINATES,08-08-2026,11,0,1,,FALSE,FALSE
ZM 162,FINE TOUCH,0,SAMARPAN LAMINATES,08-08-2026,11,0,1,,FALSE,FALSE
ZM 165,FINE TOUCH,0,SAMARPAN LAMINATES,08-08-2026,14,0,1,,FALSE,FALSE
ZM 356,FINE TOUCH,0,SAMARPAN LAMINATES,08-08-2026,7,0,1,,TRUE,FALSE
ZM 503,FINE TOUCH,0,SAMARPAN LAMINATES,08-08-2026,14,0,1,,FALSE,FALSE
ZM 512,FINE TOUCH,0,SAMARPAN LAMINATES,08-08-2026,22,0,1,,FALSE,FALSE
ZM 556,FINE TOUCH,0,SAMARPAN LAMINATES,08-08-2026,15,0,1,,FALSE,FALSE
ZM 563,FINE TOUCH,0,SAMARPAN LAMINATES,08-08-2026,6,0,0,,FALSE,FALSE
ZM 850,FINE TOUCH,0,SAMARPAN LAMINATES,08-08-2026,5,0,1,,TRUE,FALSE
HGL 101,FINE TOUCH,0,SAMARPAN LAMINATES,08-08-2026,10,0,0,,FALSE,FALSE
HGL 102,FINE TOUCH,0,SAMARPAN LAMINATES,08-08-2026,26,1,1,6X4,FALSE,FALSE
HGL 103,FINE TOUCH,0,SAMARPAN LAMINATES,08-08-2026,25,0,1,,FALSE,FALSE
HGL 105,FINE TOUCH,0,SAMARPAN LAMINATES,08-08-2026,0,0,1,,FALSE,FALSE
HGL 106,FINE TOUCH,0,SAMARPAN LAMINATES,08-08-2026,7,0,1,,FALSE,FALSE
HGL 107,FINE TOUCH,0,SAMARPAN LAMINATES,08-08-2026,10,0,1,,FALSE,FALSE
HGL 108,FINE TOUCH,0,SAMARPAN LAMINATES,08-08-2026,4,0,1,,FALSE,FALSE
HGL 109,FINE TOUCH,0,SAMARPAN LAMINATES,08-08-2026,6,0,1,,FALSE,FALSE
HGL 110,FINE TOUCH,0,SAMARPAN LAMINATES,08-08-2026,5,0,1,,FALSE,FALSE
HGL 111,FINE TOUCH,0,SAMARPAN LAMINATES,08-08-2026,7,0,1,,FALSE,FALSE
HGL 112,FINE TOUCH,0,SAMARPAN LAMINATES,08-08-2026,5,0,1,,FALSE,FALSE
HGL 113,FINE TOUCH,0,SAMARPAN LAMINATES,08-08-2026,7,0,1,,FALSE,FALSE
HGL 116,FINE TOUCH,0,SAMARPAN LAMINATES,08-08-2026,7,0,1,,FALSE,FALSE
HGL 118,FINE TOUCH,0,SAMARPAN LAMINATES,08-08-2026,5,0,1,,FALSE,FALSE
HGL 121,FINE TOUCH,0,SAMARPAN LAMINATES,08-08-2026,8,0,1,,FALSE,FALSE
HGL 122,FINE TOUCH,0,SAMARPAN LAMINATES,08-08-2026,8,0,1,,FALSE,FALSE
HGL 123,FINE TOUCH,0,SAMARPAN LAMINATES,08-08-2026,10,0,1,,FALSE,FALSE
HGL 129,FINE TOUCH,0,SAMARPAN LAMINATES,08-08-2026,2,0,1,,FALSE,FALSE
HGL 130,FINE TOUCH,0,SAMARPAN LAMINATES,08-08-2026,2,0,1,,FALSE,FALSE
HGL 137,FINE TOUCH,0,SAMARPAN LAMINATES,08-08-2026,11,0,1,,FALSE,FALSE
HGL 142,FINE TOUCH,0,SAMARPAN LAMINATES,08-08-2026,11,1,1,,FALSE,FALSE
HGL 147,FINE TOUCH,0,SAMARPAN LAMINATES,08-08-2026,4,0,1,,FALSE,FALSE
HGL 150,FINE TOUCH,0,SAMARPAN LAMINATES,08-08-2026,7,0,1,,FALSE,FALSE
HGL 151,FINE TOUCH,0,SAMARPAN LAMINATES,08-08-2026,6,0,1,,FALSE,FALSE
HGL 152,FINE TOUCH,0,SAMARPAN LAMINATES,08-08-2026,11,0,1,,FALSE,FALSE
HGL 153,FINE TOUCH,0,SAMARPAN LAMINATES,08-08-2026,6,0,1,,FALSE,FALSE
HGL 154,FINE TOUCH,0,SAMARPAN LAMINATES,08-08-2026,6,0,1,,FALSE,FALSE
HGL 155,FINE TOUCH,0,SAMARPAN LAMINATES,08-08-2026,0,0,1,,FALSE,FALSE
HGL 157,FINE TOUCH,0,SAMARPAN LAMINATES,08-08-2026,14,0,1,,FALSE,FALSE
HGL 158,FINE TOUCH,0,SAMARPAN LAMINATES,08-08-2026,9,0,1,,FALSE,FALSE
HGL 159,FINE TOUCH,0,SAMARPAN LAMINATES,08-08-2026,8,0,1,,FALSE,FALSE
HGL 160,FINE TOUCH,0,SAMARPAN LAMINATES,08-08-2026,9,0,1,,FALSE,FALSE
HGL 161,FINE TOUCH,0,SAMARPAN LAMINATES,08-08-2026,10,0,1,,FALSE,FALSE
HGL 162,FINE TOUCH,0,SAMARPAN LAMINATES,08-08-2026,7,0,1,,FALSE,FALSE
HGL 163,FINE TOUCH,0,SAMARPAN LAMINATES,08-08-2026,8,0,1,,FALSE,FALSE
HGL 164,FINE TOUCH,0,SAMARPAN LAMINATES,08-08-2026,6,0,1,,FALSE,FALSE
HGL 165,FINE TOUCH,0,SAMARPAN LAMINATES,08-08-2026,9,0,1,,FALSE,FALSE
HGL 166,FINE TOUCH,0,SAMARPAN LAMINATES,08-08-2026,8,0,1,,FALSE,FALSE
HGL 167,FINE TOUCH,0,SAMARPAN LAMINATES,08-08-2026,4,0,1,,FALSE,FALSE
HGL 346,FINE TOUCH,0,SAMARPAN LAMINATES,08-08-2026,8,0,1,,FALSE,FALSE
HGL 501 PRE,FINE TOUCH,0,SAMARPAN LAMINATES,08-08-2026,6,0,1,,FALSE,FALSE
HGL 502 PRE,FINE TOUCH,0,SAMARPAN LAMINATES,08-08-2026,5,0,1,,FALSE,FALSE
HGL 503,FINE TOUCH,0,SAMARPAN LAMINATES,08-08-2026,8,0,1,,FALSE,FALSE
HGL 511,FINE TOUCH,0,SAMARPAN LAMINATES,08-08-2026,10,0,1,,FALSE,FALSE
HGL 551,FINE TOUCH,0,SAMARPAN LAMINATES,08-08-2026,6,0,1,,FALSE,FALSE
HGL 552,FINE TOUCH,0,SAMARPAN LAMINATES,08-08-2026,0,0,0,,FALSE,TRUE
HGL 553,FINE TOUCH,0,SAMARPAN LAMINATES,08-08-2026,5,0,1,,TRUE,FALSE
HGL 556,FINE TOUCH,0,SAMARPAN LAMINATES,08-08-2026,14,0,1,,FALSE,FALSE
HGL 560 PRE,FINE TOUCH,0,SAMARPAN LAMINATES,08-08-2026,6,0,1,,FALSE,FALSE
HGL 708,FINE TOUCH,0,SAMARPAN LAMINATES,08-08-2026,8,0,1,,FALSE,FALSE
HGL 711,FINE TOUCH,0,SAMARPAN LAMINATES,08-08-2026,3,0,1,,FALSE,FALSE
HGL 721,FINE TOUCH,0,SAMARPAN LAMINATES,08-08-2026,6,0,1,,FALSE,FALSE
HGL 738,FINE TOUCH,0,SAMARPAN LAMINATES,08-08-2026,9,0,1,,FALSE,FALSE
HGL 803,FINE TOUCH,0,SAMARPAN LAMINATES,08-08-2026,5,0,1,,FALSE,FALSE
HGL 835,FINE TOUCH,0,SAMARPAN LAMINATES,08-08-2026,7,0,1,,FALSE,FALSE
HGL 845,FINE TOUCH,0,SAMARPAN LAMINATES,08-08-2026,5,0,1,,FALSE,FALSE
HGL 853,FINE TOUCH,0,SAMARPAN LAMINATES,08-08-2026,4,0,1,,FALSE,FALSE
HGL 854,FINE TOUCH,0,SAMARPAN LAMINATES,08-08-2026,3,0,0,,FALSE,FALSE
HGL 857,FINE TOUCH,0,SAMARPAN LAMINATES,08-08-2026,10,0,0,,FALSE,FALSE
HGL 931,FINE TOUCH,0,SAMARPAN LAMINATES,08-08-2026,1,0,1,,FALSE,FALSE
HGL 932,FINE TOUCH,0,SAMARPAN LAMINATES,08-08-2026,5,0,1,,FALSE,FALSE
SGL 924,FINE TOUCH,0,SAMARPAN LAMINATES,08-08-2026,4,0,1,,FALSE,FALSE
SF 101,FINE TOUCH,0,SAMARPAN LAMINATES,08-08-2026,4,1,0,,FALSE,FALSE
SF 102,FINE TOUCH,0,SAMARPAN LAMINATES,08-08-2026,10,0,0,,FALSE,FALSE
SF 103,FINE TOUCH,0,SAMARPAN LAMINATES,08-08-2026,7,0,0,,FALSE,FALSE
SF 109,FINE TOUCH,0,SAMARPAN LAMINATES,08-08-2026,5,0,0,,FALSE,FALSE
SF 129,FINE TOUCH,0,SAMARPAN LAMINATES,08-08-2026,7,0,0,,FALSE,FALSE
SF 130,FINE TOUCH,0,SAMARPAN LAMINATES,08-08-2026,3,0,0,,FALSE,FALSE
SF 137,FINE TOUCH,0,SAMARPAN LAMINATES,08-08-2026,9,0,0,,FALSE,FALSE
SF 301,FINE TOUCH,0,SAMARPAN LAMINATES,08-08-2026,4,0,0,,FALSE,FALSE
SF 302,FINE TOUCH,0,SAMARPAN LAMINATES,08-08-2026,4,0,0,,FALSE,FALSE
SF 303,FINE TOUCH,0,SAMARPAN LAMINATES,08-08-2026,6,0,0,,FALSE,FALSE
SF 304,FINE TOUCH,0,SAMARPAN LAMINATES,08-08-2026,1,0,0,,FALSE,FALSE
SF 305,FINE TOUCH,0,SAMARPAN LAMINATES,08-08-2026,9,0,0,,FALSE,FALSE
SF 306,FINE TOUCH,0,SAMARPAN LAMINATES,08-08-2026,5,0,0,,FALSE,FALSE
SF 307,FINE TOUCH,0,SAMARPAN LAMINATES,08-08-2026,1,0,0,,FALSE,FALSE
SF 308,FINE TOUCH,0,SAMARPAN LAMINATES,08-08-2026,8,0,0,,FALSE,FALSE
SF 338,FINE TOUCH,0,SAMARPAN LAMINATES,08-08-2026,7,0,0,,FALSE,FALSE
SF 345,FINE TOUCH,0,SAMARPAN LAMINATES,08-08-2026,5,0,0,,FALSE,FALSE
SF 346,FINE TOUCH,0,SAMARPAN LAMINATES,08-08-2026,5,0,0,,FALSE,FALSE
SF 353,FINE TOUCH,0,SAMARPAN LAMINATES,08-08-2026,2,0,0,,TRUE,FALSE
SF 357,FINE TOUCH,0,SAMARPAN LAMINATES,08-08-2026,6,0,0,,FALSE,FALSE
SF 358,FINE TOUCH,0,SAMARPAN LAMINATES,08-08-2026,8,0,0,,FALSE,FALSE
SF 359,FINE TOUCH,0,SAMARPAN LAMINATES,08-08-2026,4,0,0,,FALSE,FALSE
SF 360,FINE TOUCH,0,SAMARPAN LAMINATES,08-08-2026,6,0,0,,FALSE,FALSE
SF 701,FINE TOUCH,0,SAMARPAN LAMINATES,08-08-2026,11,0,0,,TRUE,FALSE
SF 703,FINE TOUCH,0,SAMARPAN LAMINATES,08-08-2026,4,0,0,,TRUE,FALSE
SF 704,FINE TOUCH,0,SAMARPAN LAMINATES,08-08-2026,3,0,0,,FALSE,FALSE
SF 705,FINE TOUCH,0,SAMARPAN LAMINATES,08-08-2026,6,0,0,,FALSE,FALSE
SF 706,FINE TOUCH,0,SAMARPAN LAMINATES,08-08-2026,6,0,0,,FALSE,FALSE
SF 707,FINE TOUCH,0,SAMARPAN LAMINATES,08-08-2026,8,0,0,,FALSE,FALSE
SF 708,FINE TOUCH,0,SAMARPAN LAMINATES,08-08-2026,8,0,0,,FALSE,FALSE
SF 709,FINE TOUCH,0,SAMARPAN LAMINATES,08-08-2026,3,0,0,,FALSE,FALSE
SF 711,FINE TOUCH,0,SAMARPAN LAMINATES,08-08-2026,7,0,0,,FALSE,FALSE
SF 714,FINE TOUCH,0,SAMARPAN LAMINATES,08-08-2026,11,0,0,,TRUE,FALSE
SF 715,FINE TOUCH,0,SAMARPAN LAMINATES,08-08-2026,5,0,0,,FALSE,FALSE
SF 718,FINE TOUCH,0,SAMARPAN LAMINATES,08-08-2026,4,0,0,,FALSE,FALSE
SF 719,FINE TOUCH,0,SAMARPAN LAMINATES,08-08-2026,5,0,0,,FALSE,FALSE
SF 721,FINE TOUCH,0,SAMARPAN LAMINATES,08-08-2026,0,0,0,,FALSE,FALSE
SF 722,FINE TOUCH,0,SAMARPAN LAMINATES,08-08-2026,2,0,0,,FALSE,FALSE
SF 724,FINE TOUCH,0,SAMARPAN LAMINATES,08-08-2026,5,0,0,,FALSE,FALSE
SF 725,FINE TOUCH,0,SAMARPAN LAMINATES,08-08-2026,3,0,0,,FALSE,FALSE
SF 726,FINE TOUCH,0,SAMARPAN LAMINATES,08-08-2026,6,0,0,,FALSE,FALSE
SF 727,FINE TOUCH,0,SAMARPAN LAMINATES,08-08-2026,3,0,0,,FALSE,FALSE
SF 728,FINE TOUCH,0,SAMARPAN LAMINATES,08-08-2026,6,0,0,,FALSE,FALSE
SF 729,FINE TOUCH,0,SAMARPAN LAMINATES,08-08-2026,2,0,0,,FALSE,FALSE
SF 730,FINE TOUCH,0,SAMARPAN LAMINATES,08-08-2026,3,0,0,,FALSE,FALSE
SF 731,FINE TOUCH,0,SAMARPAN LAMINATES,08-08-2026,4,0,0,,FALSE,FALSE
SF 732,FINE TOUCH,0,SAMARPAN LAMINATES,08-08-2026,14,0,0,,FALSE,FALSE
SF 734,FINE TOUCH,0,SAMARPAN LAMINATES,08-08-2026,8,0,0,,FALSE,FALSE
SF 735,FINE TOUCH,0,SAMARPAN LAMINATES,08-08-2026,1,0,0,,FALSE,FALSE
SF 736,FINE TOUCH,0,SAMARPAN LAMINATES,08-08-2026,3,0,0,,FALSE,FALSE
SF 737,FINE TOUCH,0,SAMARPAN LAMINATES,08-08-2026,5,0,0,,FALSE,FALSE
SF 738,FINE TOUCH,0,SAMARPAN LAMINATES,08-08-2026,7,0,0,,FALSE,FALSE
SF 767,FINE TOUCH,0,SAMARPAN LAMINATES,08-08-2026,5,0,0,,FALSE,FALSE
SF 768,FINE TOUCH,0,SAMARPAN LAMINATES,08-08-2026,7,0,0,,FALSE,FALSE
SF 773,FINE TOUCH,0,SAMARPAN LAMINATES,08-08-2026,4,1,0,,FALSE,FALSE
SF 776,FINE TOUCH,0,SAMARPAN LAMINATES,08-08-2026,7,0,0,,FALSE,FALSE
SF 777,FINE TOUCH,0,SAMARPAN LAMINATES,08-08-2026,1,0,0,,FALSE,FALSE
SF 781,FINE TOUCH,0,SAMARPAN LAMINATES,08-08-2026,7,0,0,,FALSE,FALSE
SF 792,FINE TOUCH,0,SAMARPAN LAMINATES,08-08-2026,2,0,0,,FALSE,FALSE
SF 794,FINE TOUCH,0,SAMARPAN LAMINATES,08-08-2026,2,0,0,,FALSE,FALSE
SF 795,FINE TOUCH,0,SAMARPAN LAMINATES,08-08-2026,2,0,0,,FALSE,TRUE
SF 796,FINE TOUCH,0,SAMARPAN LAMINATES,08-08-2026,3,0,0,,TRUE,FALSE
SF 797,FINE TOUCH,0,SAMARPAN LAMINATES,08-08-2026,1,0,0,,FALSE,FALSE
SF 801,FINE TOUCH,0,SAMARPAN LAMINATES,08-08-2026,7,0,0,,FALSE,FALSE
SF 802,FINE TOUCH,0,SAMARPAN LAMINATES,08-08-2026,9,0,0,,FALSE,FALSE
SF 803,FINE TOUCH,0,SAMARPAN LAMINATES,08-08-2026,7,0,0,,FALSE,FALSE
SF 827,FINE TOUCH,0,SAMARPAN LAMINATES,08-08-2026,2,0,0,,FALSE,FALSE
SF 835,FINE TOUCH,0,SAMARPAN LAMINATES,08-08-2026,3,0,0,,FALSE,FALSE
SF 842,FINE TOUCH,0,SAMARPAN LAMINATES,08-08-2026,5,1,0,,FALSE,FALSE
SF 845,FINE TOUCH,0,SAMARPAN LAMINATES,08-08-2026,2,0,0,,FALSE,FALSE
SF 846,FINE TOUCH,0,SAMARPAN LAMINATES,08-08-2026,2,0,0,,FALSE,FALSE
SF 847 OLD,FINE TOUCH,0,SAMARPAN LAMINATES,08-08-2026,3,0,0,,FALSE,FALSE
SF 847,FINE TOUCH,0,SAMARPAN LAMINATES,08-08-2026,2,0,0,,FALSE,FALSE
SF 848,FINE TOUCH,0,SAMARPAN LAMINATES,08-08-2026,4,0,0,,FALSE,FALSE
SF 852,FINE TOUCH,0,SAMARPAN LAMINATES,08-08-2026,7,0,0,,FALSE,FALSE
SF 853,FINE TOUCH,0,SAMARPAN LAMINATES,08-08-2026,4,0,0,,FALSE,FALSE
SF 854,FINE TOUCH,0,SAMARPAN LAMINATES,08-08-2026,5,0,0,,FALSE,FALSE
SF 855,FINE TOUCH,0,SAMARPAN LAMINATES,08-08-2026,5,0,0,,FALSE,FALSE
SF 856,FINE TOUCH,0,SAMARPAN LAMINATES,08-08-2026,5,0,0,,FALSE,FALSE
SF 857,FINE TOUCH,0,SAMARPAN LAMINATES,08-08-2026,1,0,0,,FALSE,FALSE
SF 858,FINE TOUCH,0,SAMARPAN LAMINATES,08-08-2026,5,0,0,,FALSE,FALSE
SF 859,FINE TOUCH,0,SAMARPAN LAMINATES,08-08-2026,4,0,0,,FALSE,FALSE
MT 101,FINE TOUCH,0,SAMARPAN LAMINATES,08-08-2026,3,0,0,,FALSE,FALSE
MT 103,FINE TOUCH,0,SAMARPAN LAMINATES,08-08-2026,11,0,0,,FALSE,FALSE
MT 129,FINE TOUCH,0,SAMARPAN LAMINATES,08-08-2026,7,0,0,,FALSE,FALSE
SM 704,FINE TOUCH,0,SAMARPAN LAMINATES,08-08-2026,13,0,1,,FALSE,FALSE
SM 714,FINE TOUCH,0,SAMARPAN LAMINATES,08-08-2026,14,0,0,,FALSE,FALSE
SM 781,FINE TOUCH,0,SAMARPAN LAMINATES,08-08-2026,11,0,1,,FALSE,FALSE
SM 847,FINE TOUCH,0,SAMARPAN LAMINATES,08-08-2026,10,0,0,,FALSE,FALSE
SM 847 OLD,FINE TOUCH,0,SAMARPAN LAMINATES,08-08-2026,6,0,1,,FALSE,FALSE
CORE 102,FINE TOUCH,0,SAMARPAN LAMINATES,08-08-2026,15,0,0,,FALSE,FALSE
CORE 103,FINE TOUCH,0,SAMARPAN LAMINATES,08-08-2026,13,0,0,,FALSE,FALSE
CORE 109,FINE TOUCH,0,SAMARPAN LAMINATES,08-08-2026,9,0,0,,FALSE,FALSE
CORE 129,FINE TOUCH,0,SAMARPAN LAMINATES,08-08-2026,2,0,0,,FALSE,FALSE
CORE 150,FINE TOUCH,0,SAMARPAN LAMINATES,08-08-2026,1,0,0,,FALSE,FALSE
CORE 159,FINE TOUCH,0,SAMARPAN LAMINATES,08-08-2026,2,0,0,,FALSE,FALSE
SMCR 102,FINE TOUCH,0,SAMARPAN LAMINATES,08-08-2026,7,0,0,,FALSE,FALSE
SMCR 103,FINE TOUCH,0,SAMARPAN LAMINATES,08-08-2026,8,0,0,,FALSE,FALSE
SMCR 109,FINE TOUCH,0,SAMARPAN LAMINATES,08-08-2026,8,0,0,,FALSE,FALSE
SMCR 129,FINE TOUCH,0,SAMARPAN LAMINATES,08-08-2026,3,0,0,,FALSE,FALSE
SMCR 150,FINE TOUCH,0,SAMARPAN LAMINATES,08-08-2026,3,0,0,,FALSE,FALSE
SMCR 159,FINE TOUCH,0,SAMARPAN LAMINATES,08-08-2026,1,0,0,,FALSE,FALSE
S14 9425 HZ,REAL TOUCH,0,RANGOLI LAMINATES PVT. LTD.,08-08-2026,4,0,0,,FALSE,FALSE
S14 9443 HZ,REAL TOUCH,0,RANGOLI LAMINATES PVT. LTD.,08-08-2026,2,5,0,FUGGI THAI GAI CHE,TRUE,FALSE
S14 9444 HZ,REAL TOUCH,0,RANGOLI LAMINATES PVT. LTD.,08-08-2026,1,0,0,,FALSE,TRUE
S33 4065,REAL TOUCH,0,RANGOLI LAMINATES PVT. LTD.,08-08-2026,0,0,0,,FALSE,FALSE
S33 4127,REAL TOUCH,0,RANGOLI LAMINATES PVT. LTD.,08-08-2026,1,0,0,,FALSE,FALSE
S38 9443,REAL TOUCH,0,RANGOLI LAMINATES PVT. LTD.,08-08-2026,4,0,0,,TRUE,FALSE
S38 9444,REAL TOUCH,0,RANGOLI LAMINATES PVT. LTD.,08-08-2026,1,0,0,,FALSE,TRUE
S38 9509,REAL TOUCH,0,RANGOLI LAMINATES PVT. LTD.,08-08-2026,1,0,0,,FALSE,TRUE
S38 9578,REAL TOUCH,0,RANGOLI LAMINATES PVT. LTD.,08-08-2026,10,0,1,,FALSE,FALSE
S38 9621,REAL TOUCH,0,RANGOLI LAMINATES PVT. LTD.,08-08-2026,5,0,1,,TRUE,FALSE
S38 9677,REAL TOUCH,0,RANGOLI LAMINATES PVT. LTD.,08-08-2026,1,0,0,,TRUE,FALSE
S38 9678,REAL TOUCH,0,RANGOLI LAMINATES PVT. LTD.,08-08-2026,2,0,1,,FALSE,FALSE
S38 9714,REAL TOUCH,0,RANGOLI LAMINATES PVT. LTD.,08-08-2026,10,0,0,,FALSE,FALSE
S38 9734,REAL TOUCH,0,RANGOLI LAMINATES PVT. LTD.,08-08-2026,4,0,1,,FALSE,FALSE
S38 9735,REAL TOUCH,0,RANGOLI LAMINATES PVT. LTD.,08-08-2026,0,0,1,,FALSE,FALSE
S41 9443,REAL TOUCH,0,RANGOLI LAMINATES PVT. LTD.,08-08-2026,2,0,1,,TRUE,FALSE
S41 9444,REAL TOUCH,0,RANGOLI LAMINATES PVT. LTD.,08-08-2026,2,0,1,,FALSE,TRUE
S42 9653,REAL TOUCH,0,RANGOLI LAMINATES PVT. LTD.,08-08-2026,3,0,0,,TRUE,FALSE
S42 9654,REAL TOUCH,0,RANGOLI LAMINATES PVT. LTD.,08-08-2026,2,0,0,,FALSE,TRUE
S42 9668,REAL TOUCH,0,RANGOLI LAMINATES PVT. LTD.,08-08-2026,2,0,1,,TRUE,FALSE
S42 9669,REAL TOUCH,0,RANGOLI LAMINATES PVT. LTD.,08-08-2026,0,0,0,,TRUE,FALSE
S42 9684,REAL TOUCH,0,RANGOLI LAMINATES PVT. LTD.,08-08-2026,0,0,0,,TRUE,FALSE
S42 9700,REAL TOUCH,0,RANGOLI LAMINATES PVT. LTD.,08-08-2026,0,0,0,,FALSE,FALSE
S44 9545,REAL TOUCH,0,RANGOLI LAMINATES PVT. LTD.,08-08-2026,2,0,1,,FALSE,FALSE
S44 9576,REAL TOUCH,0,RANGOLI LAMINATES PVT. LTD.,08-08-2026,13,0,0,,TRUE,FALSE
S44 9577,REAL TOUCH,0,RANGOLI LAMINATES PVT. LTD.,08-08-2026,7,0,0,,TRUE,FALSE
S44 9633,REAL TOUCH,0,RANGOLI LAMINATES PVT. LTD.,08-08-2026,4,0,1,,TRUE,FALSE
S45 3032,REAL TOUCH,0,RANGOLI LAMINATES PVT. LTD.,08-08-2026,0,0,0,,FALSE,FALSE
S45 3033,REAL TOUCH,0,RANGOLI LAMINATES PVT. LTD.,08-08-2026,0,0,0,,FALSE,FALSE
S45 9509,REAL TOUCH,0,RANGOLI LAMINATES PVT. LTD.,08-08-2026,0,0,1,,FALSE,TRUE
S48 9643,REAL TOUCH,0,RANGOLI LAMINATES PVT. LTD.,08-08-2026,5,0,1,,FALSE,FALSE
S48 9644,REAL TOUCH,0,RANGOLI LAMINATES PVT. LTD.,08-08-2026,3,0,1,,FALSE,FALSE
S50 9576,REAL TOUCH,0,RANGOLI LAMINATES PVT. LTD.,08-08-2026,10,0,1,,TRUE,FALSE
S50 9577,REAL TOUCH,0,RANGOLI LAMINATES PVT. LTD.,08-08-2026,2,0,1,,TRUE,FALSE
S52 9580 HZ,REAL TOUCH,0,RANGOLI LAMINATES PVT. LTD.,08-08-2026,0,0,0,,FALSE,TRUE
S52 9694 HZ,REAL TOUCH,0,RANGOLI LAMINATES PVT. LTD.,08-08-2026,0,0,0,,TRUE,FALSE
S53 9584,REAL TOUCH,0,RANGOLI LAMINATES PVT. LTD.,08-08-2026,11,0,1,,TRUE,FALSE
S53 9685,REAL TOUCH,0,RANGOLI LAMINATES PVT. LTD.,08-08-2026,7,0,1,,TRUE,FALSE
S53 9686,REAL TOUCH,0,RANGOLI LAMINATES PVT. LTD.,08-08-2026,0,0,0,,FALSE,TRUE
S53 9690,REAL TOUCH,0,RANGOLI LAMINATES PVT. LTD.,08-08-2026,0,0,0,,TRUE,FALSE
S53 9691,REAL TOUCH,0,RANGOLI LAMINATES PVT. LTD.,08-08-2026,3,0,1,,TRUE,FALSE
S53 9722,REAL TOUCH,0,RANGOLI LAMINATES PVT. LTD.,08-08-2026,0,0,0,,TRUE,FALSE
S53 9723,REAL TOUCH,0,RANGOLI LAMINATES PVT. LTD.,08-08-2026,3,0,1,,FALSE,FALSE
S54 9576,REAL TOUCH,0,RANGOLI LAMINATES PVT. LTD.,08-08-2026,0,0,0,,TRUE,FALSE
S54 9578,REAL TOUCH,0,RANGOLI LAMINATES PVT. LTD.,08-08-2026,6,0,1,,FALSE,FALSE
S54 9580,REAL TOUCH,0,RANGOLI LAMINATES PVT. LTD.,08-08-2026,9,0,1,,FALSE,TRUE
S56 4001,REAL TOUCH,0,RANGOLI LAMINATES PVT. LTD.,08-08-2026,0,0,0,,FALSE,FALSE
S56 4065,REAL TOUCH,0,RANGOLI LAMINATES PVT. LTD.,08-08-2026,1,0,0,,FALSE,FALSE
S56 4142,REAL TOUCH,0,RANGOLI LAMINATES PVT. LTD.,08-08-2026,2,0,1,,FALSE,FALSE
S56 4169,REAL TOUCH,0,RANGOLI LAMINATES PVT. LTD.,08-08-2026,8,0,2,,FALSE,FALSE
S56 4170,REAL TOUCH,0,RANGOLI LAMINATES PVT. LTD.,08-08-2026,8,0,2,,FALSE,FALSE
S56 4171,REAL TOUCH,0,RANGOLI LAMINATES PVT. LTD.,08-08-2026,5,2,0,,FALSE,FALSE
S56 4176,REAL TOUCH,0,RANGOLI LAMINATES PVT. LTD.,08-08-2026,1,0,0,,FALSE,FALSE
S56 4190,REAL TOUCH,0,RANGOLI LAMINATES PVT. LTD.,08-08-2026,4,0,0,,FALSE,FALSE
S56 4191,REAL TOUCH,0,RANGOLI LAMINATES PVT. LTD.,08-08-2026,2,0,0,,FALSE,FALSE
S56 4194,REAL TOUCH,0,RANGOLI LAMINATES PVT. LTD.,08-08-2026,1,0,0,,FALSE,FALSE
S56 4198,REAL TOUCH,0,RANGOLI LAMINATES PVT. LTD.,08-08-2026,4,0,0,,FALSE,FALSE
S56 9576,REAL TOUCH,0,RANGOLI LAMINATES PVT. LTD.,08-08-2026,3,0,0,,TRUE,FALSE
S56 9577,REAL TOUCH,0,RANGOLI LAMINATES PVT. LTD.,08-08-2026,7,0,0,,FALSE,FALSE
S56 9578 HZ,REAL TOUCH,0,RANGOLI LAMINATES PVT. LTD.,08-08-2026,1,0,0,,FALSE,FALSE
S56 9721,REAL TOUCH,0,RANGOLI LAMINATES PVT. LTD.,08-08-2026,9,0,1,,FALSE,FALSE
S56 9728,REAL TOUCH,0,RANGOLI LAMINATES PVT. LTD.,08-08-2026,1,0,1,,TRUE,FALSE
S56 9729,REAL TOUCH,0,RANGOLI LAMINATES PVT. LTD.,08-08-2026,8,0,1,,FALSE,FALSE
S56 9736,REAL TOUCH,0,RANGOLI LAMINATES PVT. LTD.,08-08-2026,0,0,1,,TRUE,FALSE
S56 9740,REAL TOUCH,0,RANGOLI LAMINATES PVT. LTD.,08-08-2026,6,0,1,,FALSE,FALSE
S56 9749,REAL TOUCH,0,RANGOLI LAMINATES PVT. LTD.,08-08-2026,0,0,1,,FALSE,FALSE
S56 9757,REAL TOUCH,0,RANGOLI LAMINATES PVT. LTD.,08-08-2026,3,0,1,,FALSE,FALSE
S56 9758,REAL TOUCH,0,RANGOLI LAMINATES PVT. LTD.,08-08-2026,6,0,0,,FALSE,FALSE
S56 9759,REAL TOUCH,0,RANGOLI LAMINATES PVT. LTD.,08-08-2026,10,0,0,,FALSE,FALSE
S58 9632,REAL TOUCH,0,RANGOLI LAMINATES PVT. LTD.,08-08-2026,6,0,0,,FALSE,FALSE
S58 9675,REAL TOUCH,0,RANGOLI LAMINATES PVT. LTD.,08-08-2026,5,0,1,,FALSE,FALSE
S58 9676,REAL TOUCH,0,RANGOLI LAMINATES PVT. LTD.,08-08-2026,0,0,1,,FALSE,FALSE
S59 8320,REAL TOUCH,0,RANGOLI LAMINATES PVT. LTD.,08-08-2026,0,0,0,,FALSE,FALSE
S60 9632,REAL TOUCH,0,RANGOLI LAMINATES PVT. LTD.,08-08-2026,0,0,1,,FALSE,FALSE
S60 9712,REAL TOUCH,0,RANGOLI LAMINATES PVT. LTD.,08-08-2026,6,0,1,,FALSE,FALSE
S60 9713,REAL TOUCH,0,RANGOLI LAMINATES PVT. LTD.,08-08-2026,4,0,1,,FALSE,FALSE
S60 9730,REAL TOUCH,0,RANGOLI LAMINATES PVT. LTD.,08-08-2026,2,0,1,BY ORDER,FALSE,TRUE
S60 9731,REAL TOUCH,0,RANGOLI LAMINATES PVT. LTD.,08-08-2026,3,0,1,BY ORDER,FALSE,TRUE
S63 9694,REAL TOUCH,0,RANGOLI LAMINATES PVT. LTD.,08-08-2026,0,0,1,,TRUE,FALSE
S63 9695,REAL TOUCH,0,RANGOLI LAMINATES PVT. LTD.,08-08-2026,0,0,1,,TRUE,FALSE
S64 9677,REAL TOUCH,0,RANGOLI LAMINATES PVT. LTD.,08-08-2026,0,0,0,,TRUE,FALSE
S64 9678,REAL TOUCH,0,RANGOLI LAMINATES PVT. LTD.,08-08-2026,4,0,1,,FALSE,FALSE
S64 9698,REAL TOUCH,0,RANGOLI LAMINATES PVT. LTD.,08-08-2026,4,0,1,,FALSE,FALSE
S70 9718,REAL TOUCH,0,RANGOLI LAMINATES PVT. LTD.,08-08-2026,0,0,1,BY ORDER,FALSE,FALSE
S70 9719,REAL TOUCH,0,RANGOLI LAMINATES PVT. LTD.,08-08-2026,3,0,1,,FALSE,FALSE
S70 9720,REAL TOUCH,0,RANGOLI LAMINATES PVT. LTD.,08-08-2026,3,0,1,,FALSE,FALSE
S70 9732,REAL TOUCH,0,RANGOLI LAMINATES PVT. LTD.,08-08-2026,8,0,0,,FALSE,FALSE
S70 9733,REAL TOUCH,0,RANGOLI LAMINATES PVT. LTD.,08-08-2026,3,0,1,BY ORDER,TRUE,FALSE
S71 8333,REAL TOUCH,0,RANGOLI LAMINATES PVT. LTD.,08-08-2026,0,0,0,,FALSE,FALSE
S71 9675,REAL TOUCH,0,RANGOLI LAMINATES PVT. LTD.,08-08-2026,1,1,1,BY ORDER,FALSE,FALSE
S71 9676,REAL TOUCH,0,RANGOLI LAMINATES PVT. LTD.,08-08-2026,0,0,1,,TRUE,FALSE
S71 9680,REAL TOUCH,0,RANGOLI LAMINATES PVT. LTD.,08-08-2026,6,0,1,,FALSE,FALSE
S71 9681,REAL TOUCH,0,RANGOLI LAMINATES PVT. LTD.,08-08-2026,3,0,1,,TRUE,FALSE
S71 9682,REAL TOUCH,0,RANGOLI LAMINATES PVT. LTD.,08-08-2026,11,0,1,,FALSE,FALSE
S72 4190,REAL TOUCH,0,RANGOLI LAMINATES PVT. LTD.,08-08-2026,0,0,0,,FALSE,FALSE
S72 4191,REAL TOUCH,0,RANGOLI LAMINATES PVT. LTD.,08-08-2026,4,0,0,,FALSE,FALSE
S72 4194,REAL TOUCH,0,RANGOLI LAMINATES PVT. LTD.,08-08-2026,1,0,0,,FALSE,FALSE
S72 4198,REAL TOUCH,0,RANGOLI LAMINATES PVT. LTD.,08-08-2026,3,0,0,,FALSE,FALSE
S72 9692,REAL TOUCH,0,RANGOLI LAMINATES PVT. LTD.,08-08-2026,3,0,1,,FALSE,TRUE
S72 9693,REAL TOUCH,0,RANGOLI LAMINATES PVT. LTD.,08-08-2026,0,0,0,,TRUE,FALSE
S72 9706,REAL TOUCH,0,RANGOLI LAMINATES PVT. LTD.,08-08-2026,5,0,1,,FALSE,FALSE
S72 9707,REAL TOUCH,0,RANGOLI LAMINATES PVT. LTD.,08-08-2026,9,2,1,,FALSE,FALSE
S73 9712,REAL TOUCH,0,RANGOLI LAMINATES PVT. LTD.,08-08-2026,7,0,1,,FALSE,FALSE
S73 9713,REAL TOUCH,0,RANGOLI LAMINATES PVT. LTD.,08-08-2026,6,1,1,,FALSE,FALSE
S73 9714,REAL TOUCH,0,RANGOLI LAMINATES PVT. LTD.,08-08-2026,10,1,1,,FALSE,FALSE
S73 9715,REAL TOUCH,0,RANGOLI LAMINATES PVT. LTD.,08-08-2026,6,0,0,,FALSE,FALSE
S73 9716,REAL TOUCH,0,RANGOLI LAMINATES PVT. LTD.,08-08-2026,3,0,1,,FALSE,FALSE
S73 9717,REAL TOUCH,0,RANGOLI LAMINATES PVT. LTD.,08-08-2026,6,0,0,,TRUE,FALSE
S73 9728,REAL TOUCH,0,RANGOLI LAMINATES PVT. LTD.,08-08-2026,5,0,0,,TRUE,FALSE
S73 9729,REAL TOUCH,0,RANGOLI LAMINATES PVT. LTD.,08-08-2026,4,0,0,,FALSE,FALSE
S74 9715,REAL TOUCH,0,RANGOLI LAMINATES PVT. LTD.,08-08-2026,1,0,1,,FALSE,FALSE
S74 9716,REAL TOUCH,0,RANGOLI LAMINATES PVT. LTD.,08-08-2026,3,0,0,,FALSE,FALSE
S74 9717,REAL TOUCH,0,RANGOLI LAMINATES PVT. LTD.,08-08-2026,3,0,0,,TRUE,FALSE
S74 9718,REAL TOUCH,0,RANGOLI LAMINATES PVT. LTD.,08-08-2026,0,0,0,,FALSE,FALSE
S74 9719,REAL TOUCH,0,RANGOLI LAMINATES PVT. LTD.,08-08-2026,2,0,1,,FALSE,FALSE
S74 9720,REAL TOUCH,0,RANGOLI LAMINATES PVT. LTD.,08-08-2026,6,0,1,,FALSE,FALSE
S75 4169,REAL TOUCH,0,RANGOLI LAMINATES PVT. LTD.,08-08-2026,2,0,0,,FALSE,FALSE
S75 4170,REAL TOUCH,0,RANGOLI LAMINATES PVT. LTD.,08-08-2026,4,0,0,,FALSE,FALSE
S75 4189,REAL TOUCH,0,RANGOLI LAMINATES PVT. LTD.,08-08-2026,0,0,0,,FALSE,FALSE
S75 4191,REAL TOUCH,0,RANGOLI LAMINATES PVT. LTD.,08-08-2026,0,0,1,,FALSE,FALSE
S75 4194,REAL TOUCH,0,RANGOLI LAMINATES PVT. LTD.,08-08-2026,1,0,0,,FALSE,FALSE
S75 4196,REAL TOUCH,0,RANGOLI LAMINATES PVT. LTD.,08-08-2026,0,0,1,,FALSE,FALSE
S75 4198,REAL TOUCH,0,RANGOLI LAMINATES PVT. LTD.,08-08-2026,3,0,0,,FALSE,FALSE
S75 4200,REAL TOUCH,0,RANGOLI LAMINATES PVT. LTD.,08-08-2026,4,0,0,,FALSE,FALSE
S75 9736,REAL TOUCH,0,RANGOLI LAMINATES PVT. LTD.,08-08-2026,6,0,1,,TRUE,FALSE
S76 4141,REAL TOUCH,0,RANGOLI LAMINATES PVT. LTD.,08-08-2026,4,0,0,,FALSE,FALSE
S76 4189,REAL TOUCH,0,RANGOLI LAMINATES PVT. LTD.,08-08-2026,0,0,0,,FALSE,FALSE
S76 4190,REAL TOUCH,0,RANGOLI LAMINATES PVT. LTD.,08-08-2026,3,0,1,,FALSE,FALSE
S76 4194,REAL TOUCH,0,RANGOLI LAMINATES PVT. LTD.,08-08-2026,0,0,1,,FALSE,FALSE
S76 9734,REAL TOUCH,0,RANGOLI LAMINATES PVT. LTD.,08-08-2026,15,0,1,,FALSE,FALSE
S76 9735,REAL TOUCH,0,RANGOLI LAMINATES PVT. LTD.,08-08-2026,4,0,1,,FALSE,FALSE
S78 9737 PRE,REAL TOUCH,0,RANGOLI LAMINATES PVT. LTD.,08-08-2026,3,0,1,,TRUE,FALSE
S79 9739 PRE,REAL TOUCH,0,RANGOLI LAMINATES PVT. LTD.,08-08-2026,5,0,1,,FALSE,FALSE
S80 9519,REAL TOUCH,0,RANGOLI LAMINATES PVT. LTD.,08-08-2026,4,0,1,,FALSE,FALSE
S81 4190,REAL TOUCH,0,RANGOLI LAMINATES PVT. LTD.,08-08-2026,2,0,0,,FALSE,FALSE
S81 4194,REAL TOUCH,0,RANGOLI LAMINATES PVT. LTD.,08-08-2026,2,0,0,,FALSE,FALSE
S81 4196,REAL TOUCH,0,RANGOLI LAMINATES PVT. LTD.,08-08-2026,0,0,0,,FALSE,FALSE
S81 4198,REAL TOUCH,0,RANGOLI LAMINATES PVT. LTD.,08-08-2026,2,0,0,,FALSE,FALSE
S82 4141,REAL TOUCH,0,RANGOLI LAMINATES PVT. LTD.,08-08-2026,1,0,0,,FALSE,FALSE
S82 9730,REAL TOUCH,0,RANGOLI LAMINATES PVT. LTD.,08-08-2026,4,0,0,,FALSE,TRUE
S82 9731,REAL TOUCH,0,RANGOLI LAMINATES PVT. LTD.,08-08-2026,2,0,0,,FALSE,TRUE
S83 4201,REAL TOUCH,0,RANGOLI LAMINATES PVT. LTD.,08-08-2026,0,0,0,,FALSE,FALSE
S83 4202,REAL TOUCH,0,RANGOLI LAMINATES PVT. LTD.,08-08-2026,5,0,0,,FALSE,FALSE
S83 4203,REAL TOUCH,0,RANGOLI LAMINATES PVT. LTD.,08-08-2026,4,0,0,,FALSE,FALSE
S83 4204,REAL TOUCH,0,RANGOLI LAMINATES PVT. LTD.,08-08-2026,7,0,0,,FALSE,FALSE
S83 4205,REAL TOUCH,0,RANGOLI LAMINATES PVT. LTD.,08-08-2026,0,0,0,,FALSE,FALSE
S84 9519,REAL TOUCH,0,RANGOLI LAMINATES PVT. LTD.,08-08-2026,5,0,0,,FALSE,FALSE
S84 9742,REAL TOUCH,0,RANGOLI LAMINATES PVT. LTD.,08-08-2026,7,0,0,,FALSE,FALSE
S84 9747,REAL TOUCH,0,RANGOLI LAMINATES PVT. LTD.,08-08-2026,5,0,1,,TRUE,FALSE
S85 9698,REAL TOUCH,0,RANGOLI LAMINATES PVT. LTD.,08-08-2026,2,0,1,,FALSE,FALSE
S86 9726,REAL TOUCH,0,RANGOLI LAMINATES PVT. LTD.,08-08-2026,3,0,1,,FALSE,FALSE
S86 9727,REAL TOUCH,0,RANGOLI LAMINATES PVT. LTD.,08-08-2026,5,0,1,,FALSE,FALSE
S95 9747,REAL TOUCH,0,RANGOLI LAMINATES PVT. LTD.,08-08-2026,4,0,0,,TRUE,FALSE
HG 4001,REAL TOUCH,0,RANGOLI LAMINATES PVT. LTD.,08-08-2026,5,0,0,,FALSE,FALSE
HG 4007,REAL TOUCH,0,RANGOLI LAMINATES PVT. LTD.,08-08-2026,5,0,0,,FALSE,FALSE
HG 4008,REAL TOUCH,0,RANGOLI LAMINATES PVT. LTD.,08-08-2026,1,0,0,,FALSE,FALSE
HG 4019,REAL TOUCH,0,RANGOLI LAMINATES PVT. LTD.,08-08-2026,0,0,0,,FALSE,FALSE
HG 4065,REAL TOUCH,0,RANGOLI LAMINATES PVT. LTD.,08-08-2026,0,0,0,,FALSE,FALSE
HG 4119,REAL TOUCH,0,RANGOLI LAMINATES PVT. LTD.,08-08-2026,3,0,0,,FALSE,FALSE
HG 4125,REAL TOUCH,0,RANGOLI LAMINATES PVT. LTD.,08-08-2026,2,0,0,,FALSE,FALSE
HG 4133 (SP),REAL TOUCH,0,RANGOLI LAMINATES PVT. LTD.,08-08-2026,12,0,1,,FALSE,FALSE
HG 4134 (SP),REAL TOUCH,0,RANGOLI LAMINATES PVT. LTD.,08-08-2026,13,1,1,,FALSE,FALSE
HG 4135,REAL TOUCH,0,RANGOLI LAMINATES PVT. LTD.,08-08-2026,2,0,0,BY ORDER,FALSE,FALSE
HG 4136 (SP),REAL TOUCH,0,RANGOLI LAMINATES PVT. LTD.,08-08-2026,7,0,1,,TRUE,FALSE
HG 4139,REAL TOUCH,0,RANGOLI LAMINATES PVT. LTD.,08-08-2026,6,0,1,,FALSE,FALSE
HG 4140 (SP),REAL TOUCH,0,RANGOLI LAMINATES PVT. LTD.,08-08-2026,1,1,0,,FALSE,FALSE
HG 4141,REAL TOUCH,0,RANGOLI LAMINATES PVT. LTD.,08-08-2026,4,0,0,,FALSE,FALSE
HG 4142,REAL TOUCH,0,RANGOLI LAMINATES PVT. LTD.,08-08-2026,2,0,0,,FALSE,FALSE
HG 4144 (SP),REAL TOUCH,0,RANGOLI LAMINATES PVT. LTD.,08-08-2026,3,0,0,,FALSE,FALSE
HG 4144 (SP) OLD,REAL TOUCH,0,RANGOLI LAMINATES PVT. LTD.,08-08-2026,1,0,1,,FALSE,FALSE
HG 4150 (PL),REAL TOUCH,0,RANGOLI LAMINATES PVT. LTD.,08-08-2026,6,0,0,,FALSE,FALSE
HG 4151 (PL),REAL TOUCH,0,RANGOLI LAMINATES PVT. LTD.,08-08-2026,2,0,0,,FALSE,FALSE
HG 4151 (PL) OLD,REAL TOUCH,0,RANGOLI LAMINATES PVT. LTD.,08-08-2026,2,0,0,,FALSE,FALSE
HG 4152 (PL),REAL TOUCH,0,RANGOLI LAMINATES PVT. LTD.,08-08-2026,4,0,1,,FALSE,FALSE
HG 4153 (PL),REAL TOUCH,0,RANGOLI LAMINATES PVT. LTD.,08-08-2026,0,0,0,,FALSE,FALSE
HG 4153 (PL) OLD,REAL TOUCH,0,RANGOLI LAMINATES PVT. LTD.,08-08-2026,2,4,0,"2=6.5X3.25,2=8X3.25",FALSE,FALSE
HG 4154 (PL),REAL TOUCH,0,RANGOLI LAMINATES PVT. LTD.,08-08-2026,1,0,0,,FALSE,FALSE
HG 4156 (PL),REAL TOUCH,0,RANGOLI LAMINATES PVT. LTD.,08-08-2026,0,0,0,,FALSE,TRUE
HG 4158 (PL),REAL TOUCH,0,RANGOLI LAMINATES PVT. LTD.,08-08-2026,3,0,0,,TRUE,FALSE
HG 4159 (PL),REAL TOUCH,0,RANGOLI LAMINATES PVT. LTD.,08-08-2026,3,0,0,,FALSE,FALSE
HG 4161 (PL),REAL TOUCH,0,RANGOLI LAMINATES PVT. LTD.,08-08-2026,7,0,0,,FALSE,FALSE
HG 4162 (PL),REAL TOUCH,0,RANGOLI LAMINATES PVT. LTD.,08-08-2026,1,2,0,,FALSE,FALSE
HG 4169,REAL TOUCH,0,RANGOLI LAMINATES PVT. LTD.,08-08-2026,2,0,0,,FALSE,FALSE
HG 4170,REAL TOUCH,0,RANGOLI LAMINATES PVT. LTD.,08-08-2026,1,0,0,,FALSE,FALSE
HG 4171,REAL TOUCH,0,RANGOLI LAMINATES PVT. LTD.,08-08-2026,6,0,0,,FALSE,FALSE
HG 4176,REAL TOUCH,0,RANGOLI LAMINATES PVT. LTD.,08-08-2026,4,0,0,,FALSE,FALSE
HG 4187,REAL TOUCH,0,RANGOLI LAMINATES PVT. LTD.,08-08-2026,6,0,0,,FALSE,FALSE
HG 4188,REAL TOUCH,0,RANGOLI LAMINATES PVT. LTD.,08-08-2026,3,0,0,,FALSE,FALSE
HG 4189,REAL TOUCH,0,RANGOLI LAMINATES PVT. LTD.,08-08-2026,3,0,0,,FALSE,FALSE
HG 4190,REAL TOUCH,0,RANGOLI LAMINATES PVT. LTD.,08-08-2026,2,0,0,,FALSE,FALSE
HG 4191,REAL TOUCH,0,RANGOLI LAMINATES PVT. LTD.,08-08-2026,4,0,0,,FALSE,FALSE
HG 4193,REAL TOUCH,0,RANGOLI LAMINATES PVT. LTD.,08-08-2026,0,0,0,,FALSE,FALSE
HG 4194,REAL TOUCH,0,RANGOLI LAMINATES PVT. LTD.,08-08-2026,1,0,0,,FALSE,FALSE
HG 4195,REAL TOUCH,0,RANGOLI LAMINATES PVT. LTD.,08-08-2026,4,0,0,,FALSE,FALSE
HG 4196,REAL TOUCH,0,RANGOLI LAMINATES PVT. LTD.,08-08-2026,3,0,0,,FALSE,FALSE
HG 4197,REAL TOUCH,0,RANGOLI LAMINATES PVT. LTD.,08-08-2026,2,0,0,,FALSE,FALSE
HG 4198,REAL TOUCH,0,RANGOLI LAMINATES PVT. LTD.,08-08-2026,2,0,0,,FALSE,FALSE
HG 4221,REAL TOUCH,0,RANGOLI LAMINATES PVT. LTD.,08-08-2026,1,0,0,,FALSE,FALSE
HG 4225 (SP),REAL TOUCH,0,RANGOLI LAMINATES PVT. LTD.,08-08-2026,0,0,0,,FALSE,FALSE
HG 9443 HZ,REAL TOUCH,0,RANGOLI LAMINATES PVT. LTD.,08-08-2026,6,0,1,,TRUE,FALSE
HG 9655,REAL TOUCH,0,RANGOLI LAMINATES PVT. LTD.,08-08-2026,0,0,0,,FALSE,FALSE
HG 9656,REAL TOUCH,0,RANGOLI LAMINATES PVT. LTD.,08-08-2026,0,0,0,,FALSE,FALSE
HG 9657,REAL TOUCH,0,RANGOLI LAMINATES PVT. LTD.,08-08-2026,0,0,0,,FALSE,FALSE
HG 9684,REAL TOUCH,0,RANGOLI LAMINATES PVT. LTD.,08-08-2026,8,0,0,,TRUE,FALSE
HG 9690,REAL TOUCH,0,RANGOLI LAMINATES PVT. LTD.,08-08-2026,2,0,0,,TRUE,FALSE
HG 9691,REAL TOUCH,0,RANGOLI LAMINATES PVT. LTD.,08-08-2026,2,0,0,,TRUE,FALSE
HG 9704,REAL TOUCH,0,RANGOLI LAMINATES PVT. LTD.,08-08-2026,5,0,1,,FALSE,FALSE
HG 9705,REAL TOUCH,0,RANGOLI LAMINATES PVT. LTD.,08-08-2026,4,0,1,,FALSE,FALSE
HG 9706,REAL TOUCH,0,RANGOLI LAMINATES PVT. LTD.,08-08-2026,5,0,1,,FALSE,FALSE
HG 9707,REAL TOUCH,0,RANGOLI LAMINATES PVT. LTD.,08-08-2026,2,0,1,,FALSE,FALSE
HG 9714,REAL TOUCH,0,RANGOLI LAMINATES PVT. LTD.,08-08-2026,8,0,1,,FALSE,FALSE
HG 9718,REAL TOUCH,0,RANGOLI LAMINATES PVT. LTD.,08-08-2026,3,0,0,,FALSE,FALSE
HG 9720,REAL TOUCH,0,RANGOLI LAMINATES PVT. LTD.,08-08-2026,0,0,1,,FALSE,FALSE
HG 9721,REAL TOUCH,0,RANGOLI LAMINATES PVT. LTD.,08-08-2026,6,0,0,,FALSE,FALSE
HG 9722,REAL TOUCH,0,RANGOLI LAMINATES PVT. LTD.,08-08-2026,1,0,0,BY ORDER,TRUE,FALSE
HG 9723,REAL TOUCH,0,RANGOLI LAMINATES PVT. LTD.,08-08-2026,4,0,0,,FALSE,FALSE
HG 9730,REAL TOUCH,0,RANGOLI LAMINATES PVT. LTD.,08-08-2026,4,0,0,BY ORDER,FALSE,TRUE
HG 9731,REAL TOUCH,0,RANGOLI LAMINATES PVT. LTD.,08-08-2026,0,0,0,BY ORDER,FALSE,TRUE
HG 9738,REAL TOUCH,0,RANGOLI LAMINATES PVT. LTD.,08-08-2026,2,0,1,BY ORDER,FALSE,FALSE
HG 9741,REAL TOUCH,0,RANGOLI LAMINATES PVT. LTD.,08-08-2026,2,0,0,,TRUE,FALSE
HG 9747,REAL TOUCH,0,RANGOLI LAMINATES PVT. LTD.,08-08-2026,4,0,1,,TRUE,FALSE
HG 9757,REAL TOUCH,0,RANGOLI LAMINATES PVT. LTD.,08-08-2026,0,0,1,,FALSE,FALSE
SF 9425,REAL TOUCH,0,RANGOLI LAMINATES PVT. LTD.,08-08-2026,1,0,0,,FALSE,FALSE
SF 9443,REAL TOUCH,0,RANGOLI LAMINATES PVT. LTD.,08-08-2026,2,0,0,,TRUE,FALSE
SF 9444,REAL TOUCH,0,RANGOLI LAMINATES PVT. LTD.,08-08-2026,1,0,0,,FALSE,TRUE
SF 9448,REAL TOUCH,0,RANGOLI LAMINATES PVT. LTD.,08-08-2026,6,0,0,,FALSE,FALSE
SF 9509,REAL TOUCH,0,RANGOLI LAMINATES PVT. LTD.,08-08-2026,1,0,0,BY ORDER,FALSE,TRUE
SF 9545,REAL TOUCH,0,RANGOLI LAMINATES PVT. LTD.,08-08-2026,3,0,0,,FALSE,FALSE
SF 9576,REAL TOUCH,0,RANGOLI LAMINATES PVT. LTD.,08-08-2026,4,0,0,,TRUE,FALSE
SF 9577,REAL TOUCH,0,RANGOLI LAMINATES PVT. LTD.,08-08-2026,0,0,0,,TRUE,FALSE
SF 9578,REAL TOUCH,0,RANGOLI LAMINATES PVT. LTD.,08-08-2026,2,0,0,,FALSE,FALSE
SF 9580,REAL TOUCH,0,RANGOLI LAMINATES PVT. LTD.,08-08-2026,9,0,0,BY ORDER,FALSE,TRUE
SF 9591,REAL TOUCH,0,RANGOLI LAMINATES PVT. LTD.,08-08-2026,0,0,0,,TRUE,FALSE
SF 9621,REAL TOUCH,0,RANGOLI LAMINATES PVT. LTD.,08-08-2026,5,0,0,,TRUE,FALSE
SF 9643,REAL TOUCH,0,RANGOLI LAMINATES PVT. LTD.,08-08-2026,1,0,0,,FALSE,FALSE
SF 9644,REAL TOUCH,0,RANGOLI LAMINATES PVT. LTD.,08-08-2026,2,0,0,,FALSE,FALSE
SF 9675,REAL TOUCH,0,RANGOLI LAMINATES PVT. LTD.,08-08-2026,1,0,0,,FALSE,FALSE
SF 9676,REAL TOUCH,0,RANGOLI LAMINATES PVT. LTD.,08-08-2026,4,0,0,BY ORDER,TRUE,FALSE
SF 9677,REAL TOUCH,0,RANGOLI LAMINATES PVT. LTD.,08-08-2026,3,0,0,,TRUE,FALSE
SF 9678,REAL TOUCH,0,RANGOLI LAMINATES PVT. LTD.,08-08-2026,0,0,0,,FALSE,FALSE
SF 9680,REAL TOUCH,0,RANGOLI LAMINATES PVT. LTD.,08-08-2026,0,0,0,,FALSE,FALSE
SF 9681,REAL TOUCH,0,RANGOLI LAMINATES PVT. LTD.,08-08-2026,1,0,0,,TRUE,FALSE
SF 9682,REAL TOUCH,0,RANGOLI LAMINATES PVT. LTD.,08-08-2026,2,0,0,,FALSE,FALSE
SF 9694,REAL TOUCH,0,RANGOLI LAMINATES PVT. LTD.,08-08-2026,2,0,0,,TRUE,FALSE
SF 9695,REAL TOUCH,0,RANGOLI LAMINATES PVT. LTD.,08-08-2026,0,0,0,,TRUE,FALSE
SF 9698,REAL TOUCH,0,RANGOLI LAMINATES PVT. LTD.,08-08-2026,0,0,0,,FALSE,FALSE
SF 9712,REAL TOUCH,0,RANGOLI LAMINATES PVT. LTD.,08-08-2026,4,0,0,,FALSE,FALSE
SF 9713,REAL TOUCH,0,RANGOLI LAMINATES PVT. LTD.,08-08-2026,3,0,0,,FALSE,FALSE
SF 9714,REAL TOUCH,0,RANGOLI LAMINATES PVT. LTD.,08-08-2026,1,0,0,,FALSE,FALSE
SF 9715,REAL TOUCH,0,RANGOLI LAMINATES PVT. LTD.,08-08-2026,4,0,0,,FALSE,FALSE
SF 9716,REAL TOUCH,9,RANGOLI LAMINATES PVT. LTD.,08-08-2026,4,0,0,,FALSE,FALSE
SF 9717,REAL TOUCH,0,RANGOLI LAMINATES PVT. LTD.,08-08-2026,4,0,0,,TRUE,FALSE
SF 9718,REAL TOUCH,0,RANGOLI LAMINATES PVT. LTD.,08-08-2026,3,0,0,BY ORDER,FALSE,FALSE
SF 9719,REAL TOUCH,0,RANGOLI LAMINATES PVT. LTD.,08-08-2026,2,0,0,,FALSE,FALSE
SF 9720,REAL TOUCH,0,RANGOLI LAMINATES PVT. LTD.,08-08-2026,2,0,0,,FALSE,FALSE
SF 9728,REAL TOUCH,0,RANGOLI LAMINATES PVT. LTD.,08-08-2026,2,0,0,BY ORDER,TRUE,FALSE
SF 9729,REAL TOUCH,0,RANGOLI LAMINATES PVT. LTD.,08-08-2026,2,0,0,,FALSE,FALSE
SF 9730,REAL TOUCH,0,RANGOLI LAMINATES PVT. LTD.,08-08-2026,4,0,0,BY ORDER,FALSE,TRUE
SF 9731,REAL TOUCH,0,RANGOLI LAMINATES PVT. LTD.,08-08-2026,2,0,0,BY ORDER,FALSE,TRUE
SF 9734,REAL TOUCH,0,RANGOLI LAMINATES PVT. LTD.,08-08-2026,1,0,0,,FALSE,FALSE
SF 9735,REAL TOUCH,0,RANGOLI LAMINATES PVT. LTD.,08-08-2026,4,0,0,,FALSE,FALSE
MT 4001,REAL TOUCH,0,RANGOLI LAMINATES PVT. LTD.,08-08-2026,3,0,0,,FALSE,FALSE
CORE 4001,REAL TOUCH,0,RANGOLI LAMINATES PVT. LTD.,08-08-2026,0,0,0,,FALSE,FALSE
CORE 4014,REAL TOUCH,0,RANGOLI LAMINATES PVT. LTD.,08-08-2026,1,0,0,,TRUE,FALSE
CORE 4019,REAL TOUCH,0,RANGOLI LAMINATES PVT. LTD.,08-08-2026,0,0,0,,FALSE,FALSE
CORE 4065,REAL TOUCH,0,RANGOLI LAMINATES PVT. LTD.,08-08-2026,2,0,0,,FALSE,FALSE
CORE 4117,REAL TOUCH,0,RANGOLI LAMINATES PVT. LTD.,08-08-2026,3,0,0,,TRUE,FALSE
SYN 90 9744 PRE,REAL TOUCH,0,RANGOLI LAMINATES PVT. LTD.,08-08-2026,6,0,1,,FALSE,FALSE
SYN 90 9745 PRE,REAL TOUCH,0,RANGOLI LAMINATES PVT. LTD.,08-08-2026,4,2,1,,FALSE,FALSE
SYN 90 9746 PRE,REAL TOUCH,0,RANGOLI LAMINATES PVT. LTD.,08-08-2026,5,0,1,,FALSE,FALSE
SYN 91 9750 PRE,REAL TOUCH,0,RANGOLI LAMINATES PVT. LTD.,08-08-2026,3,0,1,,FALSE,FALSE
SYN 91 9751 PRE,REAL TOUCH,0,RANGOLI LAMINATES PVT. LTD.,08-08-2026,5,0,1,,FALSE,FALSE
SYN 91 9752 PRE,REAL TOUCH,0,RANGOLI LAMINATES PVT. LTD.,08-08-2026,5,0,1,,FALSE,FALSE
SYN 91 9764 PRE,REAL TOUCH,0,RANGOLI LAMINATES PVT. LTD.,08-08-2026,6,0,0,,FALSE,FALSE
SYN 93 9753 PRE,REAL TOUCH,0,RANGOLI LAMINATES PVT. LTD.,08-08-2026,2,0,1,,FALSE,FALSE
SYN 93 9754 PRE,REAL TOUCH,0,RANGOLI LAMINATES PVT. LTD.,08-08-2026,5,0,1,,FALSE,FALSE
SYN 93 9763 PRE,REAL TOUCH,0,RANGOLI LAMINATES PVT. LTD.,08-08-2026,16,0,0,,FALSE,FALSE
SYN 94 9755 PRE,REAL TOUCH,0,RANGOLI LAMINATES PVT. LTD.,08-08-2026,8,0,0,,FALSE,FALSE
SYN 94 9756 PRE,REAL TOUCH,0,RANGOLI LAMINATES PVT. LTD.,08-08-2026,4,0,0,,FALSE,FALSE
AFS 4007,REAL TOUCH,0,RANGOLI LAMINATES PVT. LTD.,08-08-2026,0,0,0,,FALSE,FALSE
AFS 4065,REAL TOUCH,0,RANGOLI LAMINATES PVT. LTD.,08-08-2026,0,0,0,,FALSE,FALSE
AFS 4125,REAL TOUCH,0,RANGOLI LAMINATES PVT. LTD.,08-08-2026,0,0,0,,FALSE,FALSE
AFS 4169,REAL TOUCH,0,RANGOLI LAMINATES PVT. LTD.,08-08-2026,0,0,0,,FALSE,FALSE
MARKER BOARD,REAL TOUCH,0,RANGOLI LAMINATES PVT. LTD.,08-08-2026,3,0,0,,FALSE,FALSE
FOIL 7001,REAL TOUCH,0,RANGOLI LAMINATES PVT. LTD.,08-08-2026,0,0,0,,FALSE,FALSE
FOIL 7004,REAL TOUCH,0,RANGOLI LAMINATES PVT. LTD.,08-08-2026,2,0,0,,FALSE,FALSE
FOIL 7006,REAL TOUCH,0,RANGOLI LAMINATES PVT. LTD.,08-08-2026,2,0,0,,FALSE,TRUE
FOIL 7008,REAL TOUCH,0,RANGOLI LAMINATES PVT. LTD.,08-08-2026,3,0,0,,FALSE,TRUE
FOIL 7009,REAL TOUCH,0,RANGOLI LAMINATES PVT. LTD.,08-08-2026,0,0,0,,FALSE,FALSE
FOIL 7010,REAL TOUCH,0,RANGOLI LAMINATES PVT. LTD.,08-08-2026,1,0,0,,FALSE,TRUE
FOIL 7012 MT,REAL TOUCH,0,RANGOLI LAMINATES PVT. LTD.,08-08-2026,0,0,0,,FALSE,FALSE
T2 4198 S56,REAL TOUCH,0,RANGOLI LAMINATES PVT. LTD.,08-08-2026,0,0,0,,FALSE,FALSE
T13 4169 S56,REAL TOUCH,0,RANGOLI LAMINATES PVT. LTD.,08-08-2026,0,0,0,,FALSE,FALSE
T15 4190 S56,REAL TOUCH,0,RANGOLI LAMINATES PVT. LTD.,08-08-2026,0,0,0,,FALSE,FALSE
KD 001,KALAA,0,INARA INDUSTRIES LLP,08-08-2026,13,0,0,,FALSE,FALSE
KD 002,KALAA,0,INARA INDUSTRIES LLP,08-08-2026,0,0,0,,FALSE,FALSE
KD 003 **,KALAA,0,INARA INDUSTRIES LLP,08-08-2026,5,0,0,,FALSE,FALSE
KD 004 **,KALAA,0,INARA INDUSTRIES LLP,08-08-2026,10,0,0,,FALSE,FALSE
KD 005 **,KALAA,0,INARA INDUSTRIES LLP,08-08-2026,3,0,0,,FALSE,FALSE
KD 006,KALAA,0,INARA INDUSTRIES LLP,08-08-2026,7,0,0,,FALSE,FALSE
KD 007 **,KALAA,0,INARA INDUSTRIES LLP,08-08-2026,5,0,0,,FALSE,FALSE
KD 008,KALAA,0,INARA INDUSTRIES LLP,08-08-2026,6,0,0,,FALSE,FALSE
KD 009,KALAA,0,INARA INDUSTRIES LLP,08-08-2026,6,0,0,,FALSE,FALSE
KD 010 **,KALAA,0,INARA INDUSTRIES LLP,08-08-2026,12,0,0,,FALSE,FALSE
KD 011,KALAA,0,INARA INDUSTRIES LLP,08-08-2026,1,0,0,,FALSE,FALSE
KD 012,KALAA,0,INARA INDUSTRIES LLP,08-08-2026,1,0,0,,FALSE,FALSE
KD 012,KALAA,K 1,INARA INDUSTRIES LLP,08-08-2026,20,0,0,NEW BATCH,FALSE,FALSE
KD 013 **,KALAA,0,INARA INDUSTRIES LLP,08-08-2026,9,0,0,,FALSE,FALSE
KD 014 **,KALAA,0,INARA INDUSTRIES LLP,08-08-2026,10,0,0,,FALSE,FALSE
KD 015,KALAA,0,INARA INDUSTRIES LLP,08-08-2026,10,0,0,,FALSE,FALSE
KD 016,KALAA,0,INARA INDUSTRIES LLP,08-08-2026,16,0,0,,FALSE,FALSE
KD 017,KALAA,0,INARA INDUSTRIES LLP,08-08-2026,3,0,0,,FALSE,FALSE
KD 018,KALAA,0,INARA INDUSTRIES LLP,08-08-2026,6,0,0,,FALSE,FALSE
KD 019,KALAA,0,INARA INDUSTRIES LLP,08-08-2026,23,0,0,,FALSE,FALSE
KD 020 **,KALAA,0,INARA INDUSTRIES LLP,08-08-2026,9,0,0,,FALSE,FALSE
KD 021,KALAA,0,INARA INDUSTRIES LLP,08-08-2026,11,0,0,,FALSE,FALSE
KD 022,KALAA,0,INARA INDUSTRIES LLP,08-08-2026,6,0,0,,FALSE,FALSE
KD 023 **,KALAA,0,INARA INDUSTRIES LLP,08-08-2026,5,0,0,,FALSE,FALSE
KD 024,KALAA,0,INARA INDUSTRIES LLP,08-08-2026,6,0,0,,FALSE,FALSE
KD 025,KALAA,0,INARA INDUSTRIES LLP,08-08-2026,5,0,0,,FALSE,FALSE
KD 026,KALAA,0,INARA INDUSTRIES LLP,08-08-2026,6,0,0,,FALSE,FALSE
KD 027,KALAA,0,INARA INDUSTRIES LLP,08-08-2026,13,0,0,,FALSE,FALSE
KD 028,KALAA,0,INARA INDUSTRIES LLP,08-08-2026,10,0,0,,FALSE,FALSE
KD 029 **,KALAA,0,INARA INDUSTRIES LLP,08-08-2026,7,0,0,,FALSE,FALSE
KD 030 **,KALAA,0,INARA INDUSTRIES LLP,08-08-2026,6,0,0,,FALSE,FALSE
KD 031 **,KALAA,0,INARA INDUSTRIES LLP,08-08-2026,6,0,0,,FALSE,FALSE
KD 032,KALAA,0,INARA INDUSTRIES LLP,08-08-2026,8,0,0,,FALSE,FALSE
KD 033 **,KALAA,0,INARA INDUSTRIES LLP,08-08-2026,6,0,0,,FALSE,FALSE
KD 034 **,KALAA,0,INARA INDUSTRIES LLP,08-08-2026,0,0,0,,FALSE,FALSE
KD 035,KALAA,0,INARA INDUSTRIES LLP,08-08-2026,6,0,0,,FALSE,FALSE
KD 036,KALAA,0,INARA INDUSTRIES LLP,08-08-2026,0,0,0,,FALSE,FALSE
KD 036,KALAA,K 1,INARA INDUSTRIES LLP,08-08-2026,6,0,0,16-06-2026,FALSE,FALSE
KD 037,KALAA,0,INARA INDUSTRIES LLP,08-08-2026,8,0,0,,FALSE,FALSE
KD 038 **,KALAA,0,INARA INDUSTRIES LLP,08-08-2026,0,0,0,,FALSE,FALSE
KD 039,KALAA,0,INARA INDUSTRIES LLP,08-08-2026,9,0,0,,FALSE,FALSE
KD 040,KALAA,0,INARA INDUSTRIES LLP,08-08-2026,7,0,0,,FALSE,FALSE
KD 041 *,KALAA,0,INARA INDUSTRIES LLP,08-08-2026,3,0,0,,FALSE,FALSE
KD 042 **,KALAA,0,INARA INDUSTRIES LLP,08-08-2026,0,0,0,,FALSE,FALSE
KD 043,KALAA,0,INARA INDUSTRIES LLP,08-08-2026,5,0,0,,FALSE,FALSE
KD 044,KALAA,0,INARA INDUSTRIES LLP,08-08-2026,12,0,0,,FALSE,FALSE
KD 045 **,KALAA,0,INARA INDUSTRIES LLP,08-08-2026,0,0,0,,FALSE,FALSE
KD 046,KALAA,0,INARA INDUSTRIES LLP,08-08-2026,9,0,0,,FALSE,FALSE
KD 047,KALAA,0,INARA INDUSTRIES LLP,08-08-2026,6,0,0,,FALSE,FALSE
KD 048,KALAA,0,INARA INDUSTRIES LLP,08-08-2026,0,0,0,,FALSE,FALSE
KD 049 **,KALAA,0,INARA INDUSTRIES LLP,08-08-2026,7,0,0,,FALSE,FALSE
KD 050 **,KALAA,0,INARA INDUSTRIES LLP,08-08-2026,5,0,0,,FALSE,FALSE
KD 051 **,KALAA,0,INARA INDUSTRIES LLP,08-08-2026,5,0,0,,FALSE,FALSE
KD 052,KALAA,0,INARA INDUSTRIES LLP,08-08-2026,4,0,0,,FALSE,FALSE
KD 053 **,KALAA,0,INARA INDUSTRIES LLP,08-08-2026,5,0,0,,FALSE,FALSE
KD 054 *,KALAA,0,INARA INDUSTRIES LLP,08-08-2026,6,0,0,,FALSE,FALSE
KD 055,KALAA,0,INARA INDUSTRIES LLP,08-08-2026,3,0,0,,FALSE,FALSE
KD 056,KALAA,0,INARA INDUSTRIES LLP,08-08-2026,6,0,0,,FALSE,FALSE
KD 057,KALAA,0,INARA INDUSTRIES LLP,08-08-2026,2,0,0,,FALSE,FALSE
KD 058 **,KALAA,0,INARA INDUSTRIES LLP,08-08-2026,6,0,0,,FALSE,FALSE
KD 059,KALAA,0,INARA INDUSTRIES LLP,08-08-2026,6,0,0,,FALSE,FALSE
KD 060,KALAA,0,INARA INDUSTRIES LLP,08-08-2026,20,0,0,,FALSE,FALSE
KD 061 **,KALAA,0,INARA INDUSTRIES LLP,08-08-2026,7,0,0,,FALSE,FALSE
KD 062,KALAA,0,INARA INDUSTRIES LLP,08-08-2026,8,0,0,,FALSE,FALSE
KD 063 **,KALAA,0,INARA INDUSTRIES LLP,08-08-2026,13,0,0,,FALSE,FALSE
KD 064 *,KALAA,0,INARA INDUSTRIES LLP,08-08-2026,9,0,0,,FALSE,FALSE
KD 065,KALAA,0,INARA INDUSTRIES LLP,08-08-2026,6,0,0,,FALSE,FALSE
KD 066,KALAA,0,INARA INDUSTRIES LLP,08-08-2026,7,0,0,,FALSE,FALSE
KD 067 *,KALAA,0,INARA INDUSTRIES LLP,08-08-2026,4,0,0,,FALSE,FALSE
KD 068,KALAA,0,INARA INDUSTRIES LLP,08-08-2026,6,0,0,,FALSE,FALSE
KD 069,KALAA,0,INARA INDUSTRIES LLP,08-08-2026,5,0,0,,FALSE,FALSE
KD 070 **,KALAA,0,INARA INDUSTRIES LLP,08-08-2026,9,0,0,,FALSE,FALSE
KD 071 **,KALAA,0,INARA INDUSTRIES LLP,08-08-2026,4,0,0,,FALSE,FALSE
KD 072,KALAA,0,INARA INDUSTRIES LLP,08-08-2026,1,0,0,,FALSE,FALSE
KD 073,KALAA,0,INARA INDUSTRIES LLP,08-08-2026,4,0,0,,FALSE,FALSE
KD 074,KALAA,0,INARA INDUSTRIES LLP,08-08-2026,12,0,0,,FALSE,FALSE
KD 075 **,KALAA,0,INARA INDUSTRIES LLP,08-08-2026,4,0,0,,FALSE,FALSE
KD 076 **,KALAA,0,INARA INDUSTRIES LLP,08-08-2026,6,0,0,,FALSE,FALSE
KD 077,KALAA,0,INARA INDUSTRIES LLP,08-08-2026,5,0,0,,FALSE,FALSE
KD 078,KALAA,0,INARA INDUSTRIES LLP,08-08-2026,11,0,0,,FALSE,FALSE
KD 079,KALAA,0,INARA INDUSTRIES LLP,08-08-2026,6,0,0,,FALSE,FALSE
KD 080 **,KALAA,0,INARA INDUSTRIES LLP,08-08-2026,6,0,0,,FALSE,FALSE
KD 081 **,KALAA,0,INARA INDUSTRIES LLP,08-08-2026,7,0,0,,FALSE,FALSE
KD 082 **,KALAA,0,INARA INDUSTRIES LLP,08-08-2026,3,0,0,,FALSE,FALSE
KD 083 **,KALAA,0,INARA INDUSTRIES LLP,08-08-2026,9,0,0,,FALSE,FALSE
KD 084,KALAA,0,INARA INDUSTRIES LLP,08-08-2026,4,0,0,,FALSE,FALSE
KD 085 **,KALAA,0,INARA INDUSTRIES LLP,08-08-2026,4,0,0,,FALSE,FALSE
KD 086 **,KALAA,0,INARA INDUSTRIES LLP,08-08-2026,4,0,0,,FALSE,FALSE
KD 087 **,KALAA,0,INARA INDUSTRIES LLP,08-08-2026,4,0,0,,FALSE,FALSE
KD 088,KALAA,0,INARA INDUSTRIES LLP,08-08-2026,6,0,0,,FALSE,FALSE
KD 089 **,KALAA,0,INARA INDUSTRIES LLP,08-08-2026,6,0,0,,FALSE,FALSE
KD 090 **,KALAA,0,INARA INDUSTRIES LLP,08-08-2026,9,0,0,,FALSE,FALSE
KD 091,KALAA,0,INARA INDUSTRIES LLP,08-08-2026,6,0,0,,FALSE,FALSE
KD 092,KALAA,0,INARA INDUSTRIES LLP,08-08-2026,7,0,0,,FALSE,FALSE
KD 093 **,KALAA,0,INARA INDUSTRIES LLP,08-08-2026,4,0,0,,FALSE,FALSE
KD 094 **,KALAA,0,INARA INDUSTRIES LLP,08-08-2026,4,0,0,,FALSE,FALSE
KD 501 **,KALAA,0,INARA INDUSTRIES LLP,08-08-2026,8,0,0,,FALSE,FALSE
KD 503 **,KALAA,0,INARA INDUSTRIES LLP,08-08-2026,0,0,0,,FALSE,FALSE
KD 504 **,KALAA,0,INARA INDUSTRIES LLP,08-08-2026,6,0,0,,FALSE,FALSE
KD 505 **,KALAA,0,INARA INDUSTRIES LLP,08-08-2026,6,0,0,,FALSE,FALSE
KD 506 **,KALAA,0,INARA INDUSTRIES LLP,08-08-2026,2,0,0,,FALSE,FALSE
KD 507 *,KALAA,0,INARA INDUSTRIES LLP,08-08-2026,6,0,0,,FALSE,FALSE
KD 508 **,KALAA,0,INARA INDUSTRIES LLP,08-08-2026,6,0,0,,FALSE,FALSE
KD 509 **,KALAA,0,INARA INDUSTRIES LLP,08-08-2026,6,0,0,,FALSE,FALSE
KD 510 **,KALAA,0,INARA INDUSTRIES LLP,08-08-2026,5,0,0,,FALSE,FALSE
KD 511 **,KALAA,0,INARA INDUSTRIES LLP,08-08-2026,5,0,0,,FALSE,FALSE
KD 512 *,KALAA,0,INARA INDUSTRIES LLP,08-08-2026,5,0,0,,FALSE,FALSE
KD 513 **,KALAA,0,INARA INDUSTRIES LLP,08-08-2026,9,0,0,,FALSE,FALSE
KD 514 **,KALAA,0,INARA INDUSTRIES LLP,08-08-2026,6,0,0,,FALSE,FALSE
KD 515 **,KALAA,0,INARA INDUSTRIES LLP,08-08-2026,6,0,0,,FALSE,FALSE
KD 516 **,KALAA,0,INARA INDUSTRIES LLP,08-08-2026,13,0,0,,FALSE,FALSE
KD 517 *,KALAA,0,INARA INDUSTRIES LLP,08-08-2026,2,0,0,,FALSE,FALSE
KD 518 *,KALAA,0,INARA INDUSTRIES LLP,08-08-2026,6,0,0,,FALSE,FALSE
KD 519 **,KALAA,0,INARA INDUSTRIES LLP,08-08-2026,6,0,0,,FALSE,FALSE
KD 701 *,KALAA,0,INARA INDUSTRIES LLP,08-08-2026,4,0,0,,FALSE,FALSE
KD 702 *,KALAA,0,INARA INDUSTRIES LLP,08-08-2026,4,0,0,,FALSE,FALSE
KD 703 *,KALAA,0,INARA INDUSTRIES LLP,08-08-2026,5,0,0,ACR 902,FALSE,FALSE
KD 704 *,KALAA,0,INARA INDUSTRIES LLP,08-08-2026,6,0,0,,FALSE,FALSE
KD 705 *,KALAA,0,INARA INDUSTRIES LLP,08-08-2026,5,0,0,,FALSE,FALSE
KD 706 *,KALAA,0,INARA INDUSTRIES LLP,08-08-2026,5,0,0,,FALSE,FALSE
KD 707 *,KALAA,0,INARA INDUSTRIES LLP,08-08-2026,5,0,0,,FALSE,FALSE
KD 708 *,KALAA,0,INARA INDUSTRIES LLP,08-08-2026,6,0,0,,FALSE,FALSE
KD 801,KALAA,0,INARA INDUSTRIES LLP,08-08-2026,7,0,0,ACR 504 - ROSE GOLD,FALSE,FALSE
KD 802,KALAA,0,INARA INDUSTRIES LLP,08-08-2026,3,0,0,,FALSE,FALSE
KD 803 ,KALAA,0,INARA INDUSTRIES LLP,08-08-2026,4,0,0,ACR 501 - SILVER,FALSE,FALSE
KD 804,KALAA,0,INARA INDUSTRIES LLP,08-08-2026,7,1,0,ACR 502 - GOLDEN,FALSE,FALSE
KDTM 001,KALAA,0,INARA INDUSTRIES LLP,08-08-2026,0,0,0,,FALSE,FALSE
KDTM 002,KALAA,0,INARA INDUSTRIES LLP,08-08-2026,0,0,0,,FALSE,FALSE
KDTM 003,KALAA,0,INARA INDUSTRIES LLP,08-08-2026,0,0,0,,FALSE,FALSE
KDTM 004,KALAA,0,INARA INDUSTRIES LLP,08-08-2026,0,0,0,,FALSE,FALSE
KDTM 005,KALAA,0,INARA INDUSTRIES LLP,08-08-2026,0,0,0,,FALSE,FALSE
KDTM 006,KALAA,0,INARA INDUSTRIES LLP,08-08-2026,0,0,0,,FALSE,FALSE
KDTM 007,KALAA,0,INARA INDUSTRIES LLP,08-08-2026,0,0,0,,FALSE,FALSE
KDTM 008,KALAA,0,INARA INDUSTRIES LLP,08-08-2026,0,0,0,,FALSE,FALSE
KDTM 009,KALAA,0,INARA INDUSTRIES LLP,08-08-2026,0,0,0,,FALSE,FALSE
KDTM 010,KALAA,0,INARA INDUSTRIES LLP,08-08-2026,0,0,0,,FALSE,FALSE
KDTM 011,KALAA,0,INARA INDUSTRIES LLP,08-08-2026,0,0,0,,FALSE,FALSE
KDTM 012,KALAA,0,INARA INDUSTRIES LLP,08-08-2026,0,0,0,,FALSE,FALSE
KALAA BOND 1 KG ,KALAA,0,INARA INDUSTRIES LLP,08-08-2026,32,0,0,,FALSE,FALSE
KALAA BOND 5 KG ,KALAA,0,INARA INDUSTRIES LLP,08-08-2026,11,0,0,,FALSE,FALSE
E 101 ,ELITE LAM,0,PALEX LAMINATES,08-08-2026,28,0,0,,FALSE,FALSE
E 102,ELITE LAM,0,PALEX LAMINATES,08-08-2026,61,0,0,,FALSE,FALSE
E 103,ELITE LAM,0,PALEX LAMINATES,08-08-2026,0,0,0,,FALSE,FALSE
E 104,ELITE LAM,0,PALEX LAMINATES,08-08-2026,88,0,0,,FALSE,FALSE
E 105,ELITE LAM,0,PALEX LAMINATES,08-08-2026,130,0,0,,FALSE,FALSE
E 106,ELITE LAM,0,PALEX LAMINATES,08-08-2026,126,0,0,,FALSE,FALSE
E 107,ELITE LAM,0,PALEX LAMINATES,08-08-2026,3,0,0,,FALSE,FALSE
E 108,ELITE LAM,0,PALEX LAMINATES,08-08-2026,148,0,0,,FALSE,FALSE
E 109,ELITE LAM,0,PALEX LAMINATES,08-08-2026,84,0,0,,FALSE,FALSE
E 110,ELITE LAM,0,PALEX LAMINATES,08-08-2026,97,0,0,,FALSE,FALSE
E 111,ELITE LAM,0,PALEX LAMINATES,08-08-2026,107,0,0,,FALSE,FALSE
E 112,ELITE LAM,0,PALEX LAMINATES,08-08-2026,160,0,0,,FALSE,FALSE
E 113,ELITE LAM,0,PALEX LAMINATES,08-08-2026,81,0,0,,FALSE,FALSE
E 114,ELITE LAM,0,PALEX LAMINATES,08-08-2026,106,0,0,,FALSE,FALSE
E 115,ELITE LAM,0,PALEX LAMINATES,08-08-2026,69,0,0,,FALSE,FALSE
E 116,ELITE LAM,0,PALEX LAMINATES,08-08-2026,0,0,0,,FALSE,FALSE
E 201,ELITE LAM,0,PALEX LAMINATES,08-08-2026,138,0,0,,FALSE,FALSE
E 202,ELITE LAM,0,PALEX LAMINATES,08-08-2026,75,0,0,,FALSE,FALSE
E 203,ELITE LAM,0,PALEX LAMINATES,08-08-2026,103,0,0,,FALSE,FALSE
E 204,ELITE LAM,0,PALEX LAMINATES,08-08-2026,204,0,0,,FALSE,FALSE
E 205,ELITE LAM,0,PALEX LAMINATES,08-08-2026,103,0,0,,FALSE,FALSE
E 206,ELITE LAM,0,PALEX LAMINATES,08-08-2026,92,0,0,,FALSE,FALSE
E 207,ELITE LAM,0,PALEX LAMINATES,08-08-2026,123,0,0,,FALSE,FALSE
E 401,ELITE LAM,0,PALEX LAMINATES,08-08-2026,60,0,0,,FALSE,FALSE
E 402,ELITE LAM,0,PALEX LAMINATES,08-08-2026,4,0,0,,FALSE,FALSE
E 403,ELITE LAM,0,PALEX LAMINATES,08-08-2026,28,0,0,,FALSE,FALSE
E 404,ELITE LAM,0,PALEX LAMINATES,08-08-2026,70,0,0,,FALSE,FALSE
E 405,ELITE LAM,0,PALEX LAMINATES,08-08-2026,65,0,0,,FALSE,FALSE
E 406,ELITE LAM,0,PALEX LAMINATES,08-08-2026,44,0,0,BY ORDER,FALSE,FALSE
E 407,ELITE LAM,0,PALEX LAMINATES,08-08-2026,45,0,0,,FALSE,FALSE
E 408,ELITE LAM,0,PALEX LAMINATES,08-08-2026,51,0,0,,FALSE,FALSE
E 421,ELITE LAM,0,PALEX LAMINATES,08-08-2026,47,0,0,,FALSE,FALSE
E 422,ELITE LAM,0,PALEX LAMINATES,08-08-2026,139,0,0,,FALSE,FALSE
E 423,ELITE LAM,0,PALEX LAMINATES,08-08-2026,50,0,0,,FALSE,FALSE
V01 ,VASTRAM,0,SATVVA DECOR LLP,08-08-2026,0,0,0,,FALSE,FALSE
V02,VASTRAM,0,SATVVA DECOR LLP,08-08-2026,0,0,0,,FALSE,FALSE
V03 0.9 MM,VASTRAM,0,SATVVA DECOR LLP,08-08-2026,5,0,0,,FALSE,FALSE
V03,VASTRAM,0,SATVVA DECOR LLP,08-08-2026,0,0,0,,FALSE,TRUE
V04,VASTRAM,0,SATVVA DECOR LLP,08-08-2026,0,0,0,,FALSE,FALSE
V05,VASTRAM,0,SATVVA DECOR LLP,08-08-2026,52,0,0,,FALSE,FALSE
V06,VASTRAM,0,SATVVA DECOR LLP,08-08-2026,17,0,0,,FALSE,FALSE
V07 0.9MM,VASTRAM,0,SATVVA DECOR LLP,08-08-2026,7,0,0,,FALSE,FALSE
V07,VASTRAM,0,SATVVA DECOR LLP,08-08-2026,23,0,0,,FALSE,FALSE
V08,VASTRAM,0,SATVVA DECOR LLP,08-08-2026,20,0,0,,FALSE,FALSE
V09,VASTRAM,0,SATVVA DECOR LLP,08-08-2026,0,0,0,,FALSE,TRUE
V10,VASTRAM,0,SATVVA DECOR LLP,08-08-2026,0,0,0,,FALSE,FALSE
V11,VASTRAM,0,SATVVA DECOR LLP,08-08-2026,0,0,0,,FALSE,TRUE
V12,VASTRAM,0,SATVVA DECOR LLP,08-08-2026,0,0,0,,FALSE,FALSE
V13 0.9MM,VASTRAM,0,SATVVA DECOR LLP,08-08-2026,1,0,0,,FALSE,FALSE
V13,VASTRAM,0,SATVVA DECOR LLP,08-08-2026,0,0,0,,FALSE,FALSE
V14,VASTRAM,0,SATVVA DECOR LLP,08-08-2026,0,0,0,,FALSE,FALSE
V15,VASTRAM,0,SATVVA DECOR LLP,08-08-2026,0,0,0,,FALSE,FALSE
V16 0.9MM,VASTRAM,0,SATVVA DECOR LLP,08-08-2026,2,0,0,,FALSE,FALSE
V16,VASTRAM,0,SATVVA DECOR LLP,08-08-2026,0,0,0,,FALSE,TRUE
8105 0.9MM,VASTRAM,0,SATVVA DECOR LLP,08-08-2026,16,0,0,,FALSE,FALSE
8105,VASTRAM,0,SATVVA DECOR LLP,08-08-2026,4,0,0,,FALSE,FALSE
8107,VASTRAM,0,SATVVA DECOR LLP,08-08-2026,13,0,0,,FALSE,FALSE
8108,VASTRAM,0,SATVVA DECOR LLP,08-08-2026,0,0,0,,FALSE,FALSE
OFF WHITE 0.9MM,LINER,0,PALEX LAMINATES,08-08-2026,116,0,0,,FALSE,FALSE
OFF WHITE,LINER,0,PALEX LAMINATES,08-08-2026,777,0,0,,FALSE,FALSE
WHITE,LINER,0,PALEX LAMINATES,08-08-2026,0,0,0,,FALSE,FALSE
PVC LINER,PVC LINER,0,LAMITEC ,08-08-2026,43,0,0,,FALSE,FALSE
ACR 101,ACRIKA,S-3,SUN INDUSTRIES ,08-08-2026,0,2,0,,FALSE,FALSE
ACR 101,ACRIKA,S-31,SUN INDUSTRIES ,08-08-2026,6,0,0,,FALSE,FALSE
ACR 102,ACRIKA,S-18,SUN INDUSTRIES ,08-08-2026,4,1,0,scratch vadi che,FALSE,FALSE
ACR 103,ACRIKA,S-30,SUN INDUSTRIES ,08-08-2026,8,0,0,,FALSE,FALSE
ACR 104,ACRIKA,S-7,SUN INDUSTRIES ,08-08-2026,0,1,0,,FALSE,FALSE
ACR 104,ACRIKA,S-19,SUN INDUSTRIES ,08-08-2026,3,0,0,,FALSE,FALSE
ACR 105,ACRIKA,0,SUN INDUSTRIES ,08-08-2026,2,0,0,,FALSE,FALSE
ACR 105,ACRIKA,S-31,SUN INDUSTRIES ,08-08-2026,10,0,0,,FALSE,FALSE
ACR 106,ACRIKA,S-33,SUN INDUSTRIES ,08-08-2026,0,0,0,,FALSE,FALSE
ACR 107,ACRIKA,S-29,SUN INDUSTRIES ,08-08-2026,9,0,0,,FALSE,FALSE
ACR 108,ACRIKA,S-33,SUN INDUSTRIES ,08-08-2026,18,0,0,,FALSE,FALSE
ACR 109,ACRIKA,S-28,SUN INDUSTRIES ,08-08-2026,7,0,0,,FALSE,FALSE
ACR 110,ACRIKA,S-29,SUN INDUSTRIES ,08-08-2026,2,1,0,2X4 PIECE,FALSE,FALSE
ACR 110,ACRIKA,S-31,SUN INDUSTRIES ,08-08-2026,6,0,0,,FALSE,FALSE
ACR 111,ACRIKA,S-24,SUN INDUSTRIES ,08-08-2026,6,0,0,,FALSE,FALSE
ACR 112,ACRIKA,S-28,SUN INDUSTRIES ,08-08-2026,5,0,0,,FALSE,FALSE
ACR 113,ACRIKA,S-10,SUN INDUSTRIES ,08-08-2026,2,0,0,,FALSE,FALSE
ACR 114,ACRIKA,S-27,SUN INDUSTRIES ,08-08-2026,4,0,0,,FALSE,FALSE
ACR 115,ACRIKA,S-30,SUN INDUSTRIES ,08-08-2026,13,0,0,,FALSE,FALSE
ACR 115,ACRIKA,S-24,SUN INDUSTRIES ,08-08-2026,1,0,0,,FALSE,FALSE
ACR 116,ACRIKA,S-34,SUN INDUSTRIES ,08-08-2026,10,0,0,,FALSE,FALSE
ACR 116,ACRIKA,S-32,SUN INDUSTRIES ,08-08-2026,7,0,0,,FALSE,FALSE
ACR 117,ACRIKA,S-32,SUN INDUSTRIES ,08-08-2026,5,0,0,,FALSE,FALSE
ACR 117,ACRIKA,S-34,SUN INDUSTRIES ,08-08-2026,14,0,0,,FALSE,FALSE
ACR 118,ACRIKA,S-32,SUN INDUSTRIES ,08-08-2026,12,0,0,,FALSE,FALSE
ACR 119,ACRIKA,S-1,SUN INDUSTRIES ,08-08-2026,0,1,0,,FALSE,FALSE
ACR 119,ACRIKA,S-31,SUN INDUSTRIES ,08-08-2026,18,0,0,,FALSE,FALSE
ACR 119,ACRIKA,GRA-01,SUN INDUSTRIES ,08-08-2026,1,0,0,SURAT GRAFITY,FALSE,FALSE
ACR 120,ACRIKA,S-31,SUN INDUSTRIES ,08-08-2026,2,0,0,,FALSE,FALSE
ACR 120,ACRIKA,S-32,SUN INDUSTRIES ,08-08-2026,6,0,0,,FALSE,FALSE
ACR 120,ACRIKA,S-34,SUN INDUSTRIES ,08-08-2026,10,0,0,,FALSE,FALSE
ACR 121,ACRIKA,S-30,SUN INDUSTRIES ,08-08-2026,3,0,0,,FALSE,FALSE
ACR 122,ACRIKA,S-15,SUN INDUSTRIES ,08-08-2026,1,0,0,,FALSE,FALSE
ACR 123,ACRIKA,S-33,SUN INDUSTRIES ,08-08-2026,15,0,0,,FALSE,FALSE
ACR 124,ACRIKA,0,SUN INDUSTRIES ,08-08-2026,2,0,0,,FALSE,FALSE
ACR 124,ACRIKA,S-22,SUN INDUSTRIES ,08-08-2026,15,0,0,,FALSE,FALSE
ACR 125,ACRIKA,S-22,SUN INDUSTRIES ,08-08-2026,0,2,0,,FALSE,FALSE
ACR 125,ACRIKA,S-31,SUN INDUSTRIES ,08-08-2026,0,1,0,6X4,FALSE,FALSE
ACR 125,ACRIKA,S-32,SUN INDUSTRIES ,08-08-2026,11,0,0,,FALSE,FALSE
ACR 125,ACRIKA,S-34,SUN INDUSTRIES ,08-08-2026,2,0,0,,FALSE,FALSE
ACR 126,ACRIKA,S-30,SUN INDUSTRIES ,08-08-2026,4,2,0,,FALSE,FALSE
ACR 126,ACRIKA,S-33,SUN INDUSTRIES ,08-08-2026,6,0,0,,FALSE,FALSE
ACR 127,ACRIKA,S-28,SUN INDUSTRIES ,08-08-2026,5,0,0,,FALSE,FALSE
ACR 127,ACRIKA,0,SUN INDUSTRIES ,08-08-2026,8,0,0,,FALSE,FALSE
ACR 127,ACRIKA,S-3,SUN INDUSTRIES ,08-08-2026,0,1,0,7X4,FALSE,FALSE
ACR 128,ACRIKA,S-26,SUN INDUSTRIES ,08-08-2026,6,0,0,,FALSE,FALSE
ACR 129,ACRIKA,S-1,SUN INDUSTRIES ,08-08-2026,1,0,0,BY ORDER,FALSE,FALSE
ACR 129,ACRIKA,S-31,SUN INDUSTRIES ,08-08-2026,4,0,0,BY ORDER,FALSE,FALSE
ACR 129,ACRIKA,0,SUN INDUSTRIES ,08-08-2026,2,0,0,BY ORDER,FALSE,FALSE
ACR 130,ACRIKA,S-2,SUN INDUSTRIES ,08-08-2026,2,0,0,BY ORDER,FALSE,FALSE
ACR 131,ACRIKA,S-24,SUN INDUSTRIES ,08-08-2026,5,0,0,,FALSE,FALSE
ACR 132,ACRIKA,S-2,SUN INDUSTRIES ,08-08-2026,1,0,0,BY ORDER,FALSE,FALSE
ACR 132,ACRIKA,S-30,SUN INDUSTRIES ,08-08-2026,7,0,0,BY ORDER,FALSE,FALSE
ACR 133,ACRIKA,S-33,SUN INDUSTRIES ,08-08-2026,3,0,0,BY ORDER,FALSE,FALSE
ACR 133,ACRIKA,S-32,SUN INDUSTRIES ,08-08-2026,2,0,0,BY ORDER,FALSE,FALSE
ACR 134,ACRIKA,S-33,SUN INDUSTRIES ,08-08-2026,16,0,0,,FALSE,FALSE
ACR 135,ACRIKA,S-20,SUN INDUSTRIES ,08-08-2026,0,1,0,,FALSE,FALSE
ACR 135,ACRIKA,S-29,SUN INDUSTRIES ,08-08-2026,10,0,0,,FALSE,FALSE
ACR 136,ACRIKA,S-30,SUN INDUSTRIES ,08-08-2026,12,0,0,,FALSE,FALSE
ACR 137,ACRIKA,S-27,SUN INDUSTRIES ,08-08-2026,4,0,0,,FALSE,FALSE
ACR 138,ACRIKA,S-33,SUN INDUSTRIES ,08-08-2026,4,0,0,,FALSE,FALSE
ACR 139,ACRIKA,S-30,SUN INDUSTRIES ,08-08-2026,11,0,0,,FALSE,FALSE
ACR 140,ACRIKA,S-28,SUN INDUSTRIES ,08-08-2026,8,0,0,,FALSE,FALSE
ACR 141,ACRIKA,S-21,SUN INDUSTRIES ,08-08-2026,1,0,0,BY ORDER,FALSE,FALSE
ACR 141,ACRIKA,S-22,SUN INDUSTRIES ,08-08-2026,1,0,0,BY ORDER,FALSE,FALSE
ACR 141,ACRIKA,S-34,SUN INDUSTRIES ,08-08-2026,6,0,0,BY ORDER,FALSE,FALSE
ACR 142,ACRIKA,S-33,SUN INDUSTRIES ,08-08-2026,7,1,0,,FALSE,FALSE
ACR 143,ACRIKA,S-33,SUN INDUSTRIES ,08-08-2026,6,0,0,,FALSE,FALSE
ACR 144,ACRIKA,S-21,SUN INDUSTRIES ,08-08-2026,0,1,0,,FALSE,FALSE
ACR 144,ACRIKA,S-22,SUN INDUSTRIES ,08-08-2026,8,0,0,,FALSE,FALSE
ACR 145,ACRIKA,S-34,SUN INDUSTRIES ,08-08-2026,8,0,0,,FALSE,FALSE
ACR 145,ACRIKA,S-30,SUN INDUSTRIES ,08-08-2026,0,1,0,7X4,FALSE,FALSE
ACR 146,ACRIKA,S-33,SUN INDUSTRIES ,08-08-2026,7,1,0,,FALSE,FALSE
ACR 146,ACRIKA,S-34,SUN INDUSTRIES ,08-08-2026,6,0,0,,FALSE,FALSE
ACR 147,ACRIKA,S-29,SUN INDUSTRIES ,08-08-2026,8,0,0,,FALSE,FALSE
ACR 147,ACRIKA,S-24,SUN INDUSTRIES ,08-08-2026,1,0,0,,FALSE,FALSE
ACR 148,ACRIKA,S-31,SUN INDUSTRIES ,08-08-2026,18,0,0,,FALSE,FALSE
ACR 149,ACRIKA,S-34,SUN INDUSTRIES ,08-08-2026,7,0,0,,FALSE,FALSE
ACR 150,ACRIKA,S-31,SUN INDUSTRIES ,08-08-2026,6,0,0,,FALSE,FALSE
ACR 151,ACRIKA,S-31,SUN INDUSTRIES ,08-08-2026,1,0,0,,FALSE,FALSE
ACR 151,ACRIKA,S-35,SUN INDUSTRIES ,08-08-2026,3,0,0,,FALSE,FALSE
ACR 152,ACRIKA,S-34,SUN INDUSTRIES ,08-08-2026,3,0,0,,FALSE,FALSE
ACR 153,ACRIKA,S-31,SUN INDUSTRIES ,08-08-2026,6,0,0,,FALSE,FALSE
ACR 154,ACRIKA,S-33,SUN INDUSTRIES ,08-08-2026,6,0,0,,FALSE,FALSE
ACR 154,ACRIKA,S-31,SUN INDUSTRIES ,08-08-2026,3,0,0,,FALSE,FALSE
ACR 155,ACRIKA,S-31,SUN INDUSTRIES ,08-08-2026,4,0,0,,FALSE,FALSE
ACR 155,ACRIKA,S-33,SUN INDUSTRIES ,08-08-2026,6,0,0,,FALSE,FALSE
ACR 156,ACRIKA,S-31,SUN INDUSTRIES ,08-08-2026,5,0,0,,FALSE,FALSE
ACR 157,ACRIKA,S-31,SUN INDUSTRIES ,08-08-2026,3,0,0,,FALSE,FALSE
ACR 157,ACRIKA,S-33,SUN INDUSTRIES ,08-08-2026,4,0,0,,FALSE,FALSE
ACR 158,ACRIKA,S-31,SUN INDUSTRIES ,08-08-2026,6,0,0,,FALSE,FALSE
ACR 201,ACRIKA,S-12,SUN INDUSTRIES ,08-08-2026,1,1,0,SCRATCH VADI CHHE,FALSE,FALSE
ACR 201,ACRIKA,S-30,SUN INDUSTRIES ,08-08-2026,7,0,0,,FALSE,FALSE
ACR 202,ACRIKA,S-23,SUN INDUSTRIES ,08-08-2026,5,0,0,,FALSE,FALSE
ACR 203,ACRIKA,S-22,SUN INDUSTRIES ,08-08-2026,10,0,0,,FALSE,FALSE
ACR 204,ACRIKA,S-32,SUN INDUSTRIES ,08-08-2026,7,0,0,,FALSE,FALSE
ACR 205,ACRIKA,S-13,SUN INDUSTRIES ,08-08-2026,2,0,0,,FALSE,FALSE
ACR 205,ACRIKA,S-23,SUN INDUSTRIES ,08-08-2026,2,0,0,BY ORDER,FALSE,FALSE
ACR 206,ACRIKA,S-14,SUN INDUSTRIES ,08-08-2026,4,0,0,,FALSE,FALSE
ACR 207,ACRIKA,S-12,SUN INDUSTRIES ,08-08-2026,0,1,0,,FALSE,FALSE
ACR 207,ACRIKA,S-29,SUN INDUSTRIES ,08-08-2026,2,0,0,,FALSE,FALSE
ACR 207,ACRIKA,S-32,SUN INDUSTRIES ,08-08-2026,6,0,0,,FALSE,FALSE
ACR 208,ACRIKA,S-25,SUN INDUSTRIES ,08-08-2026,10,1,0,7X4,FALSE,FALSE
ACR 301,ACRIKA,S-29,SUN INDUSTRIES ,08-08-2026,4,0,0,,FALSE,FALSE
ACR 302,ACRIKA,S-21,SUN INDUSTRIES ,08-08-2026,1,1,0,8X3,FALSE,FALSE
ACR 302,ACRIKA,S-10,SUN INDUSTRIES ,08-08-2026,0,1,0,,FALSE,FALSE
ACR 302,ACRIKA,S-30,SUN INDUSTRIES ,08-08-2026,7,0,0,,FALSE,FALSE
ACR 302,ACRIKA,S-32,SUN INDUSTRIES ,08-08-2026,6,0,0,,FALSE,FALSE
ACR 303,ACRIKA,S-26,SUN INDUSTRIES ,08-08-2026,1,0,0,,FALSE,FALSE
ACR 304,ACRIKA,S-30,SUN INDUSTRIES ,08-08-2026,4,0,0,,FALSE,FALSE
ACR 304,ACRIKA,S-31,SUN INDUSTRIES ,08-08-2026,11,0,0,,FALSE,FALSE
ACR 305,ACRIKA,S-30,SUN INDUSTRIES ,08-08-2026,18,0,0,,FALSE,FALSE
ACR 306,ACRIKA,S-19,SUN INDUSTRIES ,08-08-2026,5,0,0,,FALSE,FALSE
ACR 307,ACRIKA,S-28,SUN INDUSTRIES ,08-08-2026,4,0,0,,FALSE,FALSE
ACR 308,ACRIKA,S-1,SUN INDUSTRIES ,08-08-2026,0,2,0,,FALSE,FALSE
ACR 308,ACRIKA,S-2,SUN INDUSTRIES ,08-08-2026,0,1,0,,FALSE,FALSE
ACR 308,ACRIKA,S-30,SUN INDUSTRIES ,08-08-2026,5,0,0,,FALSE,FALSE
ACR 309,ACRIKA,S-30,SUN INDUSTRIES ,08-08-2026,5,0,0,,FALSE,FALSE
ACR 310,ACRIKA,S-17,SUN INDUSTRIES ,08-08-2026,1,0,0,BY ORDER,FALSE,FALSE
ACR 401,ACRIKA,S-28,SUN INDUSTRIES ,08-08-2026,6,0,0,,FALSE,FALSE
ACR 401,ACRIKA,S-33,SUN INDUSTRIES ,08-08-2026,10,0,0,,FALSE,FALSE
ACR 401,ACRIKA,S-3,SUN INDUSTRIES ,08-08-2026,0,1,0,4X4,FALSE,FALSE
ACR 402,ACRIKA,S-29,SUN INDUSTRIES ,08-08-2026,7,0,0,,FALSE,FALSE
ACR 403,ACRIKA,S-29,SUN INDUSTRIES ,08-08-2026,8,0,0,,TRUE,FALSE
ACR 404,ACRIKA,S-9,SUN INDUSTRIES ,08-08-2026,3,0,0,,TRUE,FALSE
ACR 405,ACRIKA,S-33,SUN INDUSTRIES ,08-08-2026,4,0,0,BY ORDER,FALSE,FALSE
ACR 405,ACRIKA,S-24,SUN INDUSTRIES ,08-08-2026,2,0,0,BY ORDER,FALSE,FALSE
ACR 406,ACRIKA,S-22,SUN INDUSTRIES ,08-08-2026,2,0,0,BY ORDER,FALSE,FALSE
ACR 407,ACRIKA,S-21,SUN INDUSTRIES ,08-08-2026,5,0,0,BY ORDER,FALSE,FALSE
ACR 408,ACRIKA,0,SUN INDUSTRIES ,08-08-2026,0,0,0,,FALSE,TRUE
ACR 409,ACRIKA,S-21,SUN INDUSTRIES ,08-08-2026,5,0,0,BY ORDER,FALSE,FALSE
ACR 410,ACRIKA,S-21,SUN INDUSTRIES ,08-08-2026,1,0,0,,FALSE,FALSE
ACR 410,ACRIKA,S-30,SUN INDUSTRIES ,08-08-2026,6,0,0,,FALSE,FALSE
ACR 411,ACRIKA,S-34,SUN INDUSTRIES ,08-08-2026,6,0,0,,FALSE,FALSE
ACR 411,ACRIKA,S-31,SUN INDUSTRIES ,08-08-2026,2,0,0,,FALSE,FALSE
ACR 412,ACRIKA,S-21,SUN INDUSTRIES ,08-08-2026,6,0,0,BY ORDER,FALSE,FALSE
ACR 413,ACRIKA,S-31,SUN INDUSTRIES ,08-08-2026,8,2,0,,FALSE,FALSE
ACR 414,ACRIKA,S-31,SUN INDUSTRIES ,08-08-2026,4,0,0,,FALSE,FALSE
ACR 415,ACRIKA,S-31,SUN INDUSTRIES ,08-08-2026,4,0,0,,FALSE,FALSE
ACR 416,ACRIKA,S-31,SUN INDUSTRIES ,08-08-2026,3,0,0,,FALSE,FALSE
ACR 417,ACRIKA,S-31,SUN INDUSTRIES ,08-08-2026,6,0,0,,FALSE,FALSE
ACR 601,ACRIKA,S-30,SUN INDUSTRIES ,08-08-2026,2,0,0,,FALSE,FALSE
ACR 601,ACRIKA,S-32,SUN INDUSTRIES ,08-08-2026,6,0,0,,FALSE,FALSE
ACR 602,ACRIKA,S-34,SUN INDUSTRIES ,08-08-2026,7,1,0,4X2,FALSE,FALSE
ACR 603,ACRIKA,S-33,SUN INDUSTRIES ,08-08-2026,5,0,0,,FALSE,FALSE
ACR 604,ACRIKA,S-34,SUN INDUSTRIES ,08-08-2026,4,0,0,,FALSE,FALSE
ACR 604,ACRIKA,S-33,SUN INDUSTRIES ,08-08-2026,3,0,0,,FALSE,FALSE
ACR 701,ACRIKA,0,SUN INDUSTRIES ,08-08-2026,0,0,0,,FALSE,TRUE
ACR 702,ACRIKA,0,SUN INDUSTRIES ,08-08-2026,0,0,0,,FALSE,TRUE
ACR 703,ACRIKA,S-20,SUN INDUSTRIES ,08-08-2026,2,1,0,,FALSE,TRUE
ACR 704,ACRIKA,S-20,SUN INDUSTRIES ,08-08-2026,3,0,0,,FALSE,TRUE
ACR 801,ACRIKA,S-22,SUN INDUSTRIES ,08-08-2026,3,0,0,,FALSE,FALSE
ACR 802,ACRIKA,S-30,SUN INDUSTRIES ,08-08-2026,4,0,0,,FALSE,FALSE
ACR 802,ACRIKA,S-22,SUN INDUSTRIES ,08-08-2026,2,0,0,,FALSE,FALSE
ACR 803,ACRIKA,S-33,SUN INDUSTRIES ,08-08-2026,2,0,0,,FALSE,FALSE
ACR 803,ACRIKA,S-34,SUN INDUSTRIES ,08-08-2026,4,0,0,,FALSE,FALSE
ACR 804,ACRIKA,S-26,SUN INDUSTRIES ,08-08-2026,6,0,0,,FALSE,FALSE
ACR 901,ACRIKA,0,SUN INDUSTRIES ,08-08-2026,0,0,0,,FALSE,FALSE
ACR 902,ACRIKA,0,SUN INDUSTRIES ,08-08-2026,0,0,0,KD-703,FALSE,FALSE
ACR 903,ACRIKA,S-33,SUN INDUSTRIES ,08-08-2026,1,0,0,,FALSE,FALSE
ACR 904,ACRIKA,S-30,SUN INDUSTRIES ,08-08-2026,2,0,0,,FALSE,FALSE
ACR 905,ACRIKA,0,SUN INDUSTRIES ,08-08-2026,0,0,0,KD-708,FALSE,FALSE
MDF 3.3MM,MDF,0,SUN INDUSTRIES ,08-08-2026,0,0,0,,FALSE,FALSE
MDF 7.5MM,MDF,0,SUN INDUSTRIES ,08-08-2026,8,0,0,,FALSE,FALSE
FLEXI PLY ,FLEXI PLY,0,SUN INDUSTRIES ,08-08-2026,18,0,0,,FALSE,FALSE
ASA 1001,ACRIKA,S-5,SUN INDUSTRIES ,08-08-2026,1,0,0,,FALSE,FALSE
ASA 1002,ACRIKA,0,SUN INDUSTRIES ,08-08-2026,0,0,0,,FALSE,FALSE
ASA 1003,ACRIKA,0,SUN INDUSTRIES ,08-08-2026,0,0,0,,FALSE,FALSE
ASA 1004,ACRIKA,0,SUN INDUSTRIES ,08-08-2026,0,0,0,,FALSE,FALSE
ASA 1005,ACRIKA,S-5,SUN INDUSTRIES ,08-08-2026,5,0,0,,FALSE,FALSE
ASA 1006,ACRIKA,S-5,SUN INDUSTRIES ,08-08-2026,3,0,0,2 SHEET GOTVANI,FALSE,FALSE
ASA 1007,ACRIKA,S-5,SUN INDUSTRIES ,08-08-2026,2,0,0,,FALSE,FALSE
ASA 1008,ACRIKA,0,SUN INDUSTRIES ,08-08-2026,1,0,0,,FALSE,FALSE
ASA 1009,ACRIKA,0,SUN INDUSTRIES ,08-08-2026,0,0,0,,FALSE,FALSE
ASA 1010,ACRIKA,S-5,SUN INDUSTRIES ,08-08-2026,3,0,0,,FALSE,FALSE
ASA 1010,ACRIKA,0,SUN INDUSTRIES ,08-08-2026,2,0,0,,FALSE,FALSE
ASA 1011,ACRIKA,S-8,SUN INDUSTRIES ,08-08-2026,2,0,0,,FALSE,FALSE
ASA 1012,ACRIKA,S-5,SUN INDUSTRIES ,08-08-2026,3,0,0,,FALSE,FALSE
ASA 1013,ACRIKA,S-5,SUN INDUSTRIES ,08-08-2026,2,0,0,,FALSE,FALSE
ASA 1014,ACRIKA,S-5,SUN INDUSTRIES ,08-08-2026,1,0,0,,FALSE,FALSE
ASA 1015,ACRIKA,0,SUN INDUSTRIES ,08-08-2026,0,0,0,,FALSE,FALSE
ASA 1016,ACRIKA,0,SUN INDUSTRIES ,08-08-2026,0,0,0,,FALSE,FALSE
ASA 1017,ACRIKA,0,SUN INDUSTRIES ,08-08-2026,7,0,0,,FALSE,FALSE
ASA 1018,ACRIKA,0,SUN INDUSTRIES ,08-08-2026,0,0,0,,FALSE,FALSE
ASA 1019,ACRIKA,S-5,SUN INDUSTRIES ,08-08-2026,4,0,0,,FALSE,FALSE
ASA 1020,ACRIKA,S-5,SUN INDUSTRIES ,08-08-2026,4,0,0,,FALSE,FALSE
5002/24,YOUR DECOR,210,SHREE ADHYA SHAKTI,08-08-2026,2,0,0,,FALSE,FALSE
5002/47,YOUR DECOR,221,SHREE ADHYA SHAKTI,08-08-2026,8,0,0,,FALSE,FALSE
5002/47,YOUR DECOR,220,SHREE ADHYA SHAKTI,08-08-2026,1,0,0,,FALSE,FALSE
5002/152,YOUR DECOR,0,SHREE ADHYA SHAKTI,08-08-2026,12,0,0,,FALSE,FALSE
5002/152,YOUR DECOR,208,SHREE ADHYA SHAKTI,08-08-2026,3,0,0,,FALSE,FALSE
5004/24,YOUR DECOR,210,SHREE ADHYA SHAKTI,08-08-2026,7,0,0,,FALSE,FALSE
5004/27,YOUR DECOR,219,SHREE ADHYA SHAKTI,08-08-2026,46,0,0,,FALSE,FALSE
5005/27,YOUR DECOR,218,SHREE ADHYA SHAKTI,08-08-2026,15,0,0,,FALSE,FALSE
5005/165,YOUR DECOR,212,SHREE ADHYA SHAKTI,08-08-2026,18,0,0,,FALSE,FALSE
5005/165,YOUR DECOR,214,SHREE ADHYA SHAKTI,08-08-2026,25,0,0,,FALSE,FALSE
5006/01,YOUR DECOR,231,SHREE ADHYA SHAKTI,08-08-2026,17,0,0,5002/01 same,FALSE,FALSE
5006/27,YOUR DECOR,218,SHREE ADHYA SHAKTI,08-08-2026,8,0,0,,FALSE,FALSE
5006/27,YOUR DECOR,220,SHREE ADHYA SHAKTI,08-08-2026,36,0,0,,FALSE,FALSE
5006/31,YOUR DECOR,210,SHREE ADHYA SHAKTI,08-08-2026,1,0,0,5002/31,FALSE,FALSE
5006/39,YOUR DECOR,204,SHREE ADHYA SHAKTI,08-08-2026,33,0,0,,FALSE,FALSE
5006/39,YOUR DECOR,206,SHREE ADHYA SHAKTI,08-08-2026,7,0,0,5002/39,FALSE,FALSE
5006/42,YOUR DECOR,208,SHREE ADHYA SHAKTI,08-08-2026,3,0,0,,FALSE,FALSE
5006/42,YOUR DECOR,210,SHREE ADHYA SHAKTI,08-08-2026,4,0,0,,FALSE,FALSE
5006/42,YOUR DECOR,213,SHREE ADHYA SHAKTI,08-08-2026,2,0,0,,FALSE,FALSE
5006/143,YOUR DECOR,210,SHREE ADHYA SHAKTI,08-08-2026,22,0,0,,FALSE,FALSE
5007/112,YOUR DECOR,210,SHREE ADHYA SHAKTI,08-08-2026,1,0,0,,FALSE,FALSE
5007/112,YOUR DECOR,219,SHREE ADHYA SHAKTI,08-08-2026,7,0,0,,FALSE,FALSE
5007/117,YOUR DECOR,213,SHREE ADHYA SHAKTI,08-08-2026,13,0,0,212 & 213 batch match thai che,FALSE,FALSE
5007/117,YOUR DECOR,212,SHREE ADHYA SHAKTI,08-08-2026,3,0,0,212 & 213 batch match thai che,FALSE,FALSE
5008/112,YOUR DECOR,215,SHREE ADHYA SHAKTI,08-08-2026,2,1,0,,FALSE,FALSE
5008/112,YOUR DECOR,217,SHREE ADHYA SHAKTI,08-08-2026,7,0,0,,FALSE,FALSE
5008/140,YOUR DECOR,207,SHREE ADHYA SHAKTI,08-08-2026,1,0,0,,FALSE,FALSE
5009/24,YOUR DECOR,213,SHREE ADHYA SHAKTI,08-08-2026,9,0,0,,FALSE,FALSE
5009/36,YOUR DECOR,211,SHREE ADHYA SHAKTI,08-08-2026,7,0,0,,FALSE,FALSE
5009/39,YOUR DECOR,201,SHREE ADHYA SHAKTI,08-08-2026,0,1,0,4 inch ,FALSE,FALSE
5009/39,YOUR DECOR,205,SHREE ADHYA SHAKTI,08-08-2026,22,0,0,,FALSE,FALSE
5009/112,YOUR DECOR,220,SHREE ADHYA SHAKTI,08-08-2026,8,0,0,,FALSE,FALSE
5010/150,YOUR DECOR,206,SHREE ADHYA SHAKTI,08-08-2026,1,0,0,,FALSE,FALSE
5010/150,YOUR DECOR,214,SHREE ADHYA SHAKTI,08-08-2026,2,0,0,,FALSE,FALSE
5010/150,YOUR DECOR,212,SHREE ADHYA SHAKTI,08-08-2026,16,0,0,,FALSE,FALSE
5011/37,YOUR DECOR,204,SHREE ADHYA SHAKTI,08-08-2026,16,0,0,,FALSE,FALSE
5011/150,YOUR DECOR,211,SHREE ADHYA SHAKTI,08-08-2026,0,2,0,SCRATCH VADA,FALSE,FALSE
5011/150,YOUR DECOR,212,SHREE ADHYA SHAKTI,08-08-2026,12,0,0,,FALSE,FALSE
5012/47,YOUR DECOR,216,SHREE ADHYA SHAKTI,08-08-2026,6,0,0,,FALSE,FALSE
5012/47,YOUR DECOR,221,SHREE ADHYA SHAKTI,08-08-2026,6,0,0,,FALSE,FALSE
5012/160,YOUR DECOR,218,SHREE ADHYA SHAKTI,08-08-2026,9,0,0,,FALSE,FALSE
5012/162,YOUR DECOR,212,SHREE ADHYA SHAKTI,08-08-2026,2,0,0,,FALSE,FALSE
5012/164,YOUR DECOR,220,SHREE ADHYA SHAKTI,08-08-2026,4,0,0,220 & 223 BATCH MATCH THAI CHE,FALSE,FALSE
5012/164,YOUR DECOR,225,SHREE ADHYA SHAKTI,08-08-2026,32,0,0,,FALSE,FALSE
5012/164,YOUR DECOR,223,SHREE ADHYA SHAKTI,08-08-2026,4,0,0,220 & 223 BATCH MATCH THAI CHE,FALSE,FALSE
5013/02,YOUR DECOR,213,SHREE ADHYA SHAKTI,08-08-2026,4,0,0,,FALSE,FALSE
5013/02,YOUR DECOR,234,SHREE ADHYA SHAKTI,08-08-2026,1,0,0,,FALSE,FALSE
5013/02,YOUR DECOR,228,SHREE ADHYA SHAKTI,08-08-2026,4,0,0,,FALSE,FALSE
5013/165,YOUR DECOR,212,SHREE ADHYA SHAKTI,08-08-2026,5,0,0,212 & 214 BATCH MATCH THAI CHE,FALSE,FALSE
5013/165,YOUR DECOR,214,SHREE ADHYA SHAKTI,08-08-2026,1,0,0,212 & 214 BATCH MATCH THAI CHE,FALSE,FALSE
5013/167,YOUR DECOR,220,SHREE ADHYA SHAKTI,08-08-2026,18,0,0,,FALSE,FALSE
5013/168,YOUR DECOR,208,SHREE ADHYA SHAKTI,08-08-2026,17,0,0,,FALSE,FALSE
5013/168,YOUR DECOR,210,SHREE ADHYA SHAKTI,08-08-2026,32,0,0,,FALSE,FALSE
6001/126,YOUR DECOR,203,SHREE ADHYA SHAKTI,08-08-2026,7,0,0,,FALSE,FALSE
6001/127,YOUR DECOR,212,SHREE ADHYA SHAKTI,08-08-2026,2,0,0,,FALSE,FALSE
6001/127,YOUR DECOR,213,SHREE ADHYA SHAKTI,08-08-2026,3,0,0,,FALSE,FALSE
6001/128,YOUR DECOR,205,SHREE ADHYA SHAKTI,08-08-2026,1,0,0,,FALSE,FALSE
6001/128,YOUR DECOR,206,SHREE ADHYA SHAKTI,08-08-2026,6,0,0,,FALSE,FALSE
6001/129,YOUR DECOR,215,SHREE ADHYA SHAKTI,08-08-2026,2,0,0,YD 5115 SIMILLAR,FALSE,FALSE
6001/129,YOUR DECOR,207,SHREE ADHYA SHAKTI,08-08-2026,1,0,0,,FALSE,FALSE
6001/129,YOUR DECOR,208,SHREE ADHYA SHAKTI,08-08-2026,2,0,0,,FALSE,FALSE
6001/130,YOUR DECOR,0,SHREE ADHYA SHAKTI,08-08-2026,0,0,0,,FALSE,FALSE
6001/131,YOUR DECOR,210,SHREE ADHYA SHAKTI,08-08-2026,1,0,0,,FALSE,FALSE
6001/131,YOUR DECOR,216,SHREE ADHYA SHAKTI,08-08-2026,10,0,0,,FALSE,FALSE
6001/132,YOUR DECOR,204,SHREE ADHYA SHAKTI,08-08-2026,23,0,0,,FALSE,FALSE
6001/132,YOUR DECOR,202,SHREE ADHYA SHAKTI,08-08-2026,4,0,0,,FALSE,FALSE
6001/133,YOUR DECOR,204,SHREE ADHYA SHAKTI,08-08-2026,2,0,0,,FALSE,FALSE
6001/133,YOUR DECOR,205,SHREE ADHYA SHAKTI,08-08-2026,6,0,0,,FALSE,FALSE
6001/134,YOUR DECOR,203,SHREE ADHYA SHAKTI,08-08-2026,4,0,0,,FALSE,FALSE
6001/135,YOUR DECOR,209,SHREE ADHYA SHAKTI,08-08-2026,9,0,0,,FALSE,FALSE
6001/136,YOUR DECOR,201,SHREE ADHYA SHAKTI,08-08-2026,1,0,0,,FALSE,FALSE
6001/136,YOUR DECOR,203,SHREE ADHYA SHAKTI,08-08-2026,1,0,0,,FALSE,FALSE
6002/101,YOUR DECOR,201,SHREE ADHYA SHAKTI,08-08-2026,6,0,0,,FALSE,FALSE
6002/101,YOUR DECOR,202,SHREE ADHYA SHAKTI,08-08-2026,8,0,0,,FALSE,FALSE
6002/102,YOUR DECOR,0,SHREE ADHYA SHAKTI,08-08-2026,0,0,0,,FALSE,FALSE
6002/103,YOUR DECOR,0,SHREE ADHYA SHAKTI,08-08-2026,0,0,0,,FALSE,FALSE
6002/105,YOUR DECOR,201,SHREE ADHYA SHAKTI,08-08-2026,8,0,0,,FALSE,FALSE
6002/106,YOUR DECOR,201,SHREE ADHYA SHAKTI,08-08-2026,1,0,0,,FALSE,FALSE
6002/106,YOUR DECOR,206,SHREE ADHYA SHAKTI,08-08-2026,7,0,0,,FALSE,FALSE
6002/106,YOUR DECOR,209,SHREE ADHYA SHAKTI,08-08-2026,1,0,0,,FALSE,FALSE
6002/106,YOUR DECOR,211,SHREE ADHYA SHAKTI,08-08-2026,1,0,0,,FALSE,FALSE
6002/137,YOUR DECOR,205,SHREE ADHYA SHAKTI,08-08-2026,2,0,0,,FALSE,FALSE
6002/138,YOUR DECOR,205,SHREE ADHYA SHAKTI,08-08-2026,35,0,0,,FALSE,FALSE
6002/139,YOUR DECOR,204,SHREE ADHYA SHAKTI,08-08-2026,56,0,0,,FALSE,FALSE
6002/141,YOUR DECOR,203,SHREE ADHYA SHAKTI,08-08-2026,8,0,0,,FALSE,FALSE
6002/143,YOUR DECOR,203,SHREE ADHYA SHAKTI,08-08-2026,18,0,0,,FALSE,FALSE
6002/144,YOUR DECOR,205,SHREE ADHYA SHAKTI,08-08-2026,31,0,0,,FALSE,FALSE
6002/145,YOUR DECOR,203,SHREE ADHYA SHAKTI,08-08-2026,3,0,0,,FALSE,FALSE
6002/145,YOUR DECOR,202,SHREE ADHYA SHAKTI,08-08-2026,2,0,0,,FALSE,FALSE
6003/108,YOUR DECOR,204,SHREE ADHYA SHAKTI,08-08-2026,14,0,0,,FALSE,FALSE
6003/109,YOUR DECOR,205,SHREE ADHYA SHAKTI,08-08-2026,3,0,0,,FALSE,FALSE
6003/109,YOUR DECOR,204,SHREE ADHYA SHAKTI,08-08-2026,32,0,0,,FALSE,FALSE
6003/109,YOUR DECOR,203,SHREE ADHYA SHAKTI,08-08-2026,38,0,0,,FALSE,FALSE
6003/110,YOUR DECOR,0,SHREE ADHYA SHAKTI,08-08-2026,0,0,0,,FALSE,FALSE
6003/111,YOUR DECOR,203,SHREE ADHYA SHAKTI,08-08-2026,26,0,0,,FALSE,FALSE
6003/113,YOUR DECOR,0,SHREE ADHYA SHAKTI,08-08-2026,0,0,0,,FALSE,FALSE
6003/114,YOUR DECOR,205,SHREE ADHYA SHAKTI,08-08-2026,8,0,0,,FALSE,FALSE
6003/115,YOUR DECOR,208,SHREE ADHYA SHAKTI,08-08-2026,7,0,0,,FALSE,FALSE
6003/116,YOUR DECOR,205,SHREE ADHYA SHAKTI,08-08-2026,1,0,0,,FALSE,FALSE
6003/122,YOUR DECOR,204,SHREE ADHYA SHAKTI,08-08-2026,10,0,0,,FALSE,FALSE
6003/122,YOUR DECOR,205,SHREE ADHYA SHAKTI,08-08-2026,60,0,0,,FALSE,FALSE
6003/123,YOUR DECOR,239,SHREE ADHYA SHAKTI,08-08-2026,9,0,0,,FALSE,FALSE
6003/123,YOUR DECOR,224,SHREE ADHYA SHAKTI,08-08-2026,1,0,0,,FALSE,FALSE
6003/123,YOUR DECOR,225,SHREE ADHYA SHAKTI,08-08-2026,7,0,0,,FALSE,FALSE
6003/124,YOUR DECOR,201,SHREE ADHYA SHAKTI,08-08-2026,4,0,0,,FALSE,FALSE
6003/125,YOUR DECOR,0,SHREE ADHYA SHAKTI,08-08-2026,0,0,0,,FALSE,FALSE
6004/148,YOUR DECOR,213,SHREE ADHYA SHAKTI,08-08-2026,3,0,0,,FALSE,FALSE
6004/148,YOUR DECOR,206,SHREE ADHYA SHAKTI,08-08-2026,1,0,0,,FALSE,FALSE
6004/148,YOUR DECOR,208,SHREE ADHYA SHAKTI,08-08-2026,3,0,0,,FALSE,FALSE
6004/149,YOUR DECOR,203,SHREE ADHYA SHAKTI,08-08-2026,35,0,0,,FALSE,FALSE
6004/149,YOUR DECOR,201,SHREE ADHYA SHAKTI,08-08-2026,2,0,0,,FALSE,FALSE
6004/155,YOUR DECOR,203,SHREE ADHYA SHAKTI,08-08-2026,13,0,0,,FALSE,FALSE
6004/170,YOUR DECOR,202,SHREE ADHYA SHAKTI,08-08-2026,3,0,0,,FALSE,FALSE
6004/170,YOUR DECOR,206,SHREE ADHYA SHAKTI,08-08-2026,2,0,0,,FALSE,FALSE
6004/170,YOUR DECOR,205,SHREE ADHYA SHAKTI,08-08-2026,2,0,0,,FALSE,FALSE
6004/177,YOUR DECOR,204,SHREE ADHYA SHAKTI,08-08-2026,16,0,0,,FALSE,FALSE
6004/177,YOUR DECOR,203,SHREE ADHYA SHAKTI,08-08-2026,1,0,0,,FALSE,FALSE
6004/178,YOUR DECOR,202,SHREE ADHYA SHAKTI,08-08-2026,3,0,0,,FALSE,FALSE
6004/184,YOUR DECOR,205,SHREE ADHYA SHAKTI,08-08-2026,1,0,0,,FALSE,FALSE
6004/185,YOUR DECOR,201,SHREE ADHYA SHAKTI,08-08-2026,6,0,0,,FALSE,FALSE
6004/186,YOUR DECOR,201,SHREE ADHYA SHAKTI,08-08-2026,14,0,0,,FALSE,FALSE
6004/187,YOUR DECOR,222,SHREE ADHYA SHAKTI,08-08-2026,20,0,0,,FALSE,FALSE
6004/187,YOUR DECOR,220,SHREE ADHYA SHAKTI,08-08-2026,2,0,0,,FALSE,FALSE
6004/190,YOUR DECOR,201,SHREE ADHYA SHAKTI,08-08-2026,3,1,0,,FALSE,FALSE
6004/191,YOUR DECOR,201,SHREE ADHYA SHAKTI,08-08-2026,8,0,0,,FALSE,FALSE
6005/103,YOUR DECOR,205,SHREE ADHYA SHAKTI,08-08-2026,10,0,0,,FALSE,FALSE
6005/123,YOUR DECOR,224,SHREE ADHYA SHAKTI,08-08-2026,2,0,0,,FALSE,FALSE
6005/128,YOUR DECOR,0,SHREE ADHYA SHAKTI,08-08-2026,0,0,0,,FALSE,FALSE
6005/158,YOUR DECOR,204,SHREE ADHYA SHAKTI,08-08-2026,4,0,0,,FALSE,FALSE
6005/159,YOUR DECOR,212,SHREE ADHYA SHAKTI,08-08-2026,6,0,0,,FALSE,FALSE
6005/160,YOUR DECOR,203,SHREE ADHYA SHAKTI,08-08-2026,0,1,0,,FALSE,FALSE
6005/161,YOUR DECOR,202,SHREE ADHYA SHAKTI,08-08-2026,10,0,0,,FALSE,FALSE
6005/161,YOUR DECOR,206,SHREE ADHYA SHAKTI,08-08-2026,1,0,0,,FALSE,FALSE
6005/162,YOUR DECOR,0,SHREE ADHYA SHAKTI,08-08-2026,0,0,0,,FALSE,FALSE
6005/163,YOUR DECOR,205,SHREE ADHYA SHAKTI,08-08-2026,24,0,0,,FALSE,FALSE
6005/164,YOUR DECOR,201,SHREE ADHYA SHAKTI,08-08-2026,3,0,0,,FALSE,FALSE
6005/164,YOUR DECOR,208,SHREE ADHYA SHAKTI,08-08-2026,3,0,0,,FALSE,FALSE
6005/164,YOUR DECOR,208,SHREE ADHYA SHAKTI,08-08-2026,27,0,0,,FALSE,FALSE
6005/165,YOUR DECOR,206,SHREE ADHYA SHAKTI,08-08-2026,4,0,0,,FALSE,FALSE
6005/165,YOUR DECOR,203,SHREE ADHYA SHAKTI,08-08-2026,1,0,0,,FALSE,FALSE
6005/165,YOUR DECOR,205,SHREE ADHYA SHAKTI,08-08-2026,8,0,0,,FALSE,FALSE
6005/168,YOUR DECOR,201,SHREE ADHYA SHAKTI,08-08-2026,6,0,0,,FALSE,FALSE
6005/168,YOUR DECOR,206,SHREE ADHYA SHAKTI,08-08-2026,10,0,0,,FALSE,FALSE
6005/169,YOUR DECOR,212,SHREE ADHYA SHAKTI,08-08-2026,24,0,0,,FALSE,FALSE
6006/107,YOUR DECOR,209,SHREE ADHYA SHAKTI,08-08-2026,3,0,0,,FALSE,FALSE
6006/120,YOUR DECOR,201,SHREE ADHYA SHAKTI,08-08-2026,52,0,0,,FALSE,FALSE
6006/128,YOUR DECOR,201,SHREE ADHYA SHAKTI,08-08-2026,6,0,0,,FALSE,FALSE
6006/130,YOUR DECOR,209,SHREE ADHYA SHAKTI,08-08-2026,19,0,0,,FALSE,FALSE
6006/148,YOUR DECOR,201,SHREE ADHYA SHAKTI,08-08-2026,6,0,0,,FALSE,FALSE
6006/148,YOUR DECOR,208,SHREE ADHYA SHAKTI,08-08-2026,32,0,0,,FALSE,FALSE
6006/161,YOUR DECOR,202,SHREE ADHYA SHAKTI,08-08-2026,6,0,0,,FALSE,FALSE
6006/168,YOUR DECOR,202,SHREE ADHYA SHAKTI,08-08-2026,7,0,0,,FALSE,FALSE
6006/168,YOUR DECOR,204,SHREE ADHYA SHAKTI,08-08-2026,8,0,0,,FALSE,FALSE
6006/172,YOUR DECOR,201,SHREE ADHYA SHAKTI,08-08-2026,69,0,0,,FALSE,FALSE
6006/174,YOUR DECOR,201,SHREE ADHYA SHAKTI,08-08-2026,31,0,0,,FALSE,FALSE
6006/176,YOUR DECOR,201,SHREE ADHYA SHAKTI,08-08-2026,5,0,0,,FALSE,FALSE
6006/176,YOUR DECOR,202,SHREE ADHYA SHAKTI,08-08-2026,8,0,0,,FALSE,FALSE
6006/177,YOUR DECOR,201,SHREE ADHYA SHAKTI,08-08-2026,29,0,0,,FALSE,FALSE
6006/178,YOUR DECOR,201,SHREE ADHYA SHAKTI,08-08-2026,26,0,0,,FALSE,FALSE
6007/127,YOUR DECOR,212,SHREE ADHYA SHAKTI,08-08-2026,2,0,0,,FALSE,FALSE
6007/172,YOUR DECOR,201,SHREE ADHYA SHAKTI,08-08-2026,7,0,0,,FALSE,FALSE
6007/172,YOUR DECOR,202,SHREE ADHYA SHAKTI,08-08-2026,19,0,0,,FALSE,FALSE
6007/187,YOUR DECOR,0,SHREE ADHYA SHAKTI,08-08-2026,0,0,0,,FALSE,FALSE
6007/195,YOUR DECOR,210,SHREE ADHYA SHAKTI,08-08-2026,5,0,0,,FALSE,FALSE
6007/196,YOUR DECOR,203,SHREE ADHYA SHAKTI,08-08-2026,8,0,0,,FALSE,FALSE
6007/199,YOUR DECOR,205,SHREE ADHYA SHAKTI,08-08-2026,13,0,0,,FALSE,FALSE
6007/200,YOUR DECOR,206,SHREE ADHYA SHAKTI,08-08-2026,15,0,0,,FALSE,FALSE
6007/200,YOUR DECOR,209,SHREE ADHYA SHAKTI,08-08-2026,7,0,0,,FALSE,FALSE
6007/201,YOUR DECOR,0,SHREE ADHYA SHAKTI,08-08-2026,0,0,0,,FALSE,FALSE
6007/212,YOUR DECOR,201,SHREE ADHYA SHAKTI,08-08-2026,2,0,0,,FALSE,FALSE
6007/212,YOUR DECOR,210,SHREE ADHYA SHAKTI,08-08-2026,9,0,0,,FALSE,FALSE
YD 5101,YOUR DECOR,202,SHREE ADHYA SHAKTI,08-08-2026,9,0,0,,FALSE,FALSE
YD 5102,YOUR DECOR,205,SHREE ADHYA SHAKTI,08-08-2026,2,0,0,,FALSE,FALSE
YD 5103,YOUR DECOR,0,SHREE ADHYA SHAKTI,08-08-2026,0,0,0,,FALSE,FALSE
YD 5104,YOUR DECOR,207,SHREE ADHYA SHAKTI,08-08-2026,1,0,0,,FALSE,FALSE
YD 5104,YOUR DECOR,208,SHREE ADHYA SHAKTI,08-08-2026,9,0,0,,FALSE,FALSE
YD 5104,YOUR DECOR,209,SHREE ADHYA SHAKTI,08-08-2026,17,0,0,,FALSE,FALSE
YD 5105,YOUR DECOR,210,SHREE ADHYA SHAKTI,08-08-2026,28,0,0,,FALSE,FALSE
YD 5106,YOUR DECOR,202,SHREE ADHYA SHAKTI,08-08-2026,2,0,0,,FALSE,FALSE
YD 5107,YOUR DECOR,202,SHREE ADHYA SHAKTI,08-08-2026,25,0,0,,FALSE,FALSE
YD 5108,YOUR DECOR,202,SHREE ADHYA SHAKTI,08-08-2026,3,0,0,,FALSE,FALSE
YD 5109,YOUR DECOR,208,SHREE ADHYA SHAKTI,08-08-2026,1,0,0,,FALSE,FALSE
YD 5110,YOUR DECOR,206,SHREE ADHYA SHAKTI,08-08-2026,1,0,0,,FALSE,FALSE
YD 5111,YOUR DECOR,225,SHREE ADHYA SHAKTI,08-08-2026,7,0,0,,FALSE,FALSE
YD 5112,YOUR DECOR,213,SHREE ADHYA SHAKTI,08-08-2026,3,0,0,,FALSE,FALSE
YD 5112,YOUR DECOR,215,SHREE ADHYA SHAKTI,08-08-2026,6,0,0,,FALSE,FALSE
YD 5113,YOUR DECOR,204,SHREE ADHYA SHAKTI,08-08-2026,2,0,0,,FALSE,FALSE
YD 5113,YOUR DECOR,206,SHREE ADHYA SHAKTI,08-08-2026,19,0,0,,FALSE,FALSE
YD 5114,YOUR DECOR,215,SHREE ADHYA SHAKTI,08-08-2026,6,0,0,,FALSE,FALSE
YD 5114,YOUR DECOR,210,SHREE ADHYA SHAKTI,08-08-2026,2,0,0,,FALSE,FALSE
YD 5115,YOUR DECOR,0,SHREE ADHYA SHAKTI,08-08-2026,0,0,0,,FALSE,FALSE
YD 5116,YOUR DECOR,201,SHREE ADHYA SHAKTI,08-08-2026,5,0,0,,FALSE,FALSE
YD 5117,YOUR DECOR,206,SHREE ADHYA SHAKTI,08-08-2026,2,0,0,,FALSE,FALSE
YD 5118,YOUR DECOR,205,SHREE ADHYA SHAKTI,08-08-2026,1,0,0,,FALSE,FALSE
YD 5119,YOUR DECOR,209,SHREE ADHYA SHAKTI,08-08-2026,6,0,0,,FALSE,FALSE
YD 5119,YOUR DECOR,207,SHREE ADHYA SHAKTI,08-08-2026,2,0,0,,FALSE,FALSE
YD 5120,YOUR DECOR,204,SHREE ADHYA SHAKTI,08-08-2026,8,0,0,,FALSE,FALSE
YD 5121,YOUR DECOR,202,SHREE ADHYA SHAKTI,08-08-2026,26,0,0,,FALSE,FALSE
YD 5122,YOUR DECOR,201,SHREE ADHYA SHAKTI,08-08-2026,7,0,0,,FALSE,FALSE
YD 5123,YOUR DECOR,207,SHREE ADHYA SHAKTI,08-08-2026,1,0,0,,FALSE,FALSE
YD 5123,YOUR DECOR,209,SHREE ADHYA SHAKTI,08-08-2026,12,0,0,,FALSE,FALSE
YD 5124,YOUR DECOR,215,SHREE ADHYA SHAKTI,08-08-2026,1,0,0,,FALSE,FALSE
YD 5125,YOUR DECOR,0,SHREE ADHYA SHAKTI,08-08-2026,0,0,0,,FALSE,FALSE
YD 5126,YOUR DECOR,201,SHREE ADHYA SHAKTI,08-08-2026,5,0,0,,FALSE,FALSE
YD 5127,YOUR DECOR,202,SHREE ADHYA SHAKTI,08-08-2026,24,0,0,,FALSE,FALSE
YD 5128,YOUR DECOR,202,SHREE ADHYA SHAKTI,08-08-2026,2,0,0,,FALSE,FALSE
YD 5128,YOUR DECOR,203,SHREE ADHYA SHAKTI,08-08-2026,19,0,0,,FALSE,FALSE
YD 5129,YOUR DECOR,202,SHREE ADHYA SHAKTI,08-08-2026,5,0,0,,FALSE,FALSE
YD 5130,YOUR DECOR,202,SHREE ADHYA SHAKTI,08-08-2026,2,0,0,,FALSE,FALSE
YD 5131,YOUR DECOR,204,SHREE ADHYA SHAKTI,08-08-2026,2,0,0,,FALSE,FALSE
YD 5132,YOUR DECOR,203,SHREE ADHYA SHAKTI,08-08-2026,37,0,0,,FALSE,FALSE
YD 5133,YOUR DECOR,205,SHREE ADHYA SHAKTI,08-08-2026,10,0,0,,FALSE,FALSE
YD 5133,YOUR DECOR,204,SHREE ADHYA SHAKTI,08-08-2026,5,0,0,,FALSE,FALSE
YD 5134,YOUR DECOR,208,SHREE ADHYA SHAKTI,08-08-2026,8,0,0,,FALSE,FALSE
YD 5135,YOUR DECOR,202,SHREE ADHYA SHAKTI,08-08-2026,9,0,0,,FALSE,FALSE
YD 5136,YOUR DECOR,203,SHREE ADHYA SHAKTI,08-08-2026,3,0,0,,FALSE,FALSE
YD 5137,YOUR DECOR,206,SHREE ADHYA SHAKTI,08-08-2026,13,0,0,,FALSE,FALSE
YD 5138,YOUR DECOR,225,SHREE ADHYA SHAKTI,08-08-2026,18,0,0,,FALSE,FALSE
YD 5139,YOUR DECOR,206,SHREE ADHYA SHAKTI,08-08-2026,19,0,0,,FALSE,FALSE
YD 5140,YOUR DECOR,203,SHREE ADHYA SHAKTI,08-08-2026,25,0,0,,FALSE,FALSE
YD 5141,YOUR DECOR,203,SHREE ADHYA SHAKTI,08-08-2026,8,0,0,,FALSE,FALSE
YD 5142,YOUR DECOR,203,SHREE ADHYA SHAKTI,08-08-2026,18,0,0,,FALSE,FALSE
YD 5143,YOUR DECOR,215,SHREE ADHYA SHAKTI,08-08-2026,1,0,0,,FALSE,FALSE
YD 5144,YOUR DECOR,207,SHREE ADHYA SHAKTI,08-08-2026,1,0,0,,FALSE,FALSE
YD 5144,YOUR DECOR,208,SHREE ADHYA SHAKTI,08-08-2026,12,0,0,,FALSE,FALSE
YD 5145,YOUR DECOR,212,SHREE ADHYA SHAKTI,08-08-2026,16,0,0,,FALSE,FALSE
YD 5145,YOUR DECOR,213,SHREE ADHYA SHAKTI,08-08-2026,13,0,0,,FALSE,FALSE
YD 5146,YOUR DECOR,0,SHREE ADHYA SHAKTI,08-08-2026,0,0,0,,FALSE,FALSE
YD 5147,YOUR DECOR,203,SHREE ADHYA SHAKTI,08-08-2026,8,0,0,,FALSE,FALSE
YD 5148,YOUR DECOR,205,SHREE ADHYA SHAKTI,08-08-2026,4,0,0,,FALSE,FALSE
YD 5148,YOUR DECOR,206,SHREE ADHYA SHAKTI,08-08-2026,9,0,0,,FALSE,FALSE
YD 1201,YOUR DECOR,203,SHREE ADHYA SHAKTI,08-08-2026,3,0,0,,FALSE,FALSE
YD 1202,YOUR DECOR,204,SHREE ADHYA SHAKTI,08-08-2026,12,0,0,,FALSE,FALSE
YD 1203,YOUR DECOR,0,SHREE ADHYA SHAKTI,08-08-2026,0,0,0,,FALSE,FALSE
YD 1204,YOUR DECOR,203,SHREE ADHYA SHAKTI,08-08-2026,3,0,0,,FALSE,FALSE
YD 1204,YOUR DECOR,205,SHREE ADHYA SHAKTI,08-08-2026,1,0,0,,FALSE,FALSE
YD 1205,YOUR DECOR,201,SHREE ADHYA SHAKTI,08-08-2026,10,0,0,,FALSE,FALSE
YD 1206,YOUR DECOR,201,SHREE ADHYA SHAKTI,08-08-2026,2,0,0,,FALSE,FALSE
YD 1206,YOUR DECOR,202,SHREE ADHYA SHAKTI,08-08-2026,5,0,0,,FALSE,FALSE
YD 1207,YOUR DECOR,0,SHREE ADHYA SHAKTI,08-08-2026,0,0,0,,FALSE,FALSE
YD 1208,YOUR DECOR,208,SHREE ADHYA SHAKTI,08-08-2026,6,0,0,,FALSE,FALSE
YD 1209,YOUR DECOR,201,SHREE ADHYA SHAKTI,08-08-2026,8,0,0,,FALSE,FALSE
YD 1210,YOUR DECOR,201,SHREE ADHYA SHAKTI,08-08-2026,2,0,0,,FALSE,FALSE
YD 1211,YOUR DECOR,201,SHREE ADHYA SHAKTI,08-08-2026,8,0,0,,FALSE,FALSE
YD 1212,YOUR DECOR,0,SHREE ADHYA SHAKTI,08-08-2026,0,0,0,,FALSE,FALSE
YD 1213,YOUR DECOR,201,SHREE ADHYA SHAKTI,08-08-2026,3,0,0,,FALSE,FALSE
YD 1214,YOUR DECOR,202,SHREE ADHYA SHAKTI,08-08-2026,5,0,0,,FALSE,FALSE
YD 1215,YOUR DECOR,202,SHREE ADHYA SHAKTI,08-08-2026,1,0,0,,FALSE,FALSE
YD 1215,YOUR DECOR,203,SHREE ADHYA SHAKTI,08-08-2026,15,0,0,,FALSE,FALSE
YD 1216,YOUR DECOR,204,SHREE ADHYA SHAKTI,08-08-2026,3,0,0,,FALSE,FALSE
YD 1216,YOUR DECOR,203,SHREE ADHYA SHAKTI,08-08-2026,10,0,0,,FALSE,FALSE
YD 1217,YOUR DECOR,202,SHREE ADHYA SHAKTI,08-08-2026,1,0,0,,FALSE,FALSE
YD 1218,YOUR DECOR,203,SHREE ADHYA SHAKTI,08-08-2026,6,0,0,,FALSE,FALSE
YD 1219,YOUR DECOR,202,SHREE ADHYA SHAKTI,08-08-2026,3,0,0,,FALSE,FALSE
YD 1220,YOUR DECOR,205,SHREE ADHYA SHAKTI,08-08-2026,5,0,0,,FALSE,FALSE
YD 1220,YOUR DECOR,206,SHREE ADHYA SHAKTI,08-08-2026,2,0,0,,FALSE,FALSE
K11 3025,KIWI DECOR,0,KETONE LAMINATES LLP,08-08-2026,6,0,1,,FALSE,FALSE
K11 3027,KIWI DECOR,0,KETONE LAMINATES LLP,08-08-2026,4,1,0,6X4,FALSE,FALSE
K11 3057,KIWI DECOR,0,KETONE LAMINATES LLP,08-08-2026,4,0,0,,FALSE,FALSE
K11 3058,KIWI DECOR,0,KETONE LAMINATES LLP,08-08-2026,3,0,0,,FALSE,FALSE
K12 3009,KIWI DECOR,0,KETONE LAMINATES LLP,08-08-2026,3,0,1,,FALSE,FALSE
K12 3010,KIWI DECOR,0,KETONE LAMINATES LLP,08-08-2026,3,0,1,,FALSE,FALSE
K12 3019,KIWI DECOR,0,KETONE LAMINATES LLP,08-08-2026,7,0,1,,FALSE,FALSE
K12 3020,KIWI DECOR,0,KETONE LAMINATES LLP,08-08-2026,3,0,1,,FALSE,FALSE
K13 3007,KIWI DECOR,0,KETONE LAMINATES LLP,08-08-2026,3,0,1,,FALSE,FALSE
K13 3008,KIWI DECOR,0,KETONE LAMINATES LLP,08-08-2026,3,0,1,,FALSE,FALSE
K13 3011,KIWI DECOR,0,KETONE LAMINATES LLP,08-08-2026,3,0,1,,FALSE,FALSE
K13 3012,KIWI DECOR,0,KETONE LAMINATES LLP,08-08-2026,4,0,1,,FALSE,FALSE
K14 3005,KIWI DECOR,0,KETONE LAMINATES LLP,08-08-2026,2,0,1,,FALSE,FALSE
K14 3006,KIWI DECOR,0,KETONE LAMINATES LLP,08-08-2026,4,0,1,,FALSE,FALSE
K14 3011,KIWI DECOR,0,KETONE LAMINATES LLP,08-08-2026,2,0,1,,FALSE,FALSE
K14 3012,KIWI DECOR,0,KETONE LAMINATES LLP,08-08-2026,1,0,1,,FALSE,FALSE
K15 3021,KIWI DECOR,0,KETONE LAMINATES LLP,08-08-2026,4,0,1,,FALSE,FALSE
K15 3022,KIWI DECOR,0,KETONE LAMINATES LLP,08-08-2026,0,0,1,,FALSE,FALSE
K15 3030,KIWI DECOR,0,KETONE LAMINATES LLP,08-08-2026,2,0,1,,FALSE,FALSE
K15 3041,KIWI DECOR,0,KETONE LAMINATES LLP,08-08-2026,2,0,1,,FALSE,FALSE
K16 3002,KIWI DECOR,0,KETONE LAMINATES LLP,08-08-2026,4,0,1,,FALSE,FALSE
K16 3030,KIWI DECOR,0,KETONE LAMINATES LLP,08-08-2026,3,0,1,,FALSE,FALSE
K16 3506,KIWI DECOR,0,KETONE LAMINATES LLP,08-08-2026,0,0,0,,FALSE,FALSE
K16 3509,KIWI DECOR,0,KETONE LAMINATES LLP,08-08-2026,8,0,0,,FALSE,FALSE
K16 3510,KIWI DECOR,0,KETONE LAMINATES LLP,08-08-2026,3,0,0,,FALSE,FALSE
K17 3024,KIWI DECOR,0,KETONE LAMINATES LLP,08-08-2026,2,0,1,,FALSE,FALSE
K17 3028,KIWI DECOR,0,KETONE LAMINATES LLP,08-08-2026,5,0,1,,FALSE,FALSE
K17 3043,KIWI DECOR,0,KETONE LAMINATES LLP,08-08-2026,4,0,1,,FALSE,FALSE
K17 3044,KIWI DECOR,0,KETONE LAMINATES LLP,08-08-2026,3,0,1,,FALSE,FALSE
K18 3036,KIWI DECOR,0,KETONE LAMINATES LLP,08-08-2026,3,0,1,,FALSE,FALSE
K18 3037,KIWI DECOR,0,KETONE LAMINATES LLP,08-08-2026,1,0,1,,FALSE,FALSE
K18 3040,KIWI DECOR,0,KETONE LAMINATES LLP,08-08-2026,2,0,1,,FALSE,FALSE
K18 3047,KIWI DECOR,0,KETONE LAMINATES LLP,08-08-2026,6,0,1,,FALSE,FALSE
K18 3051,KIWI DECOR,0,KETONE LAMINATES LLP,08-08-2026,6,0,0,,FALSE,FALSE
K18 3052,KIWI DECOR,0,KETONE LAMINATES LLP,08-08-2026,7,0,0,,FALSE,FALSE
K23 3001,KIWI DECOR,0,KETONE LAMINATES LLP,08-08-2026,3,0,1,,FALSE,FALSE
K23 3002,KIWI DECOR,0,KETONE LAMINATES LLP,08-08-2026,5,0,1,,FALSE,FALSE
K23 3504,KIWI DECOR,0,KETONE LAMINATES LLP,08-08-2026,6,0,0,,FALSE,FALSE
K23 3505,KIWI DECOR,0,KETONE LAMINATES LLP,08-08-2026,7,0,0,,FALSE,FALSE
K23 3511,KIWI DECOR,0,KETONE LAMINATES LLP,08-08-2026,4,0,0,,FALSE,FALSE
K28 3001,KIWI DECOR,0,KETONE LAMINATES LLP,08-08-2026,5,0,1,,FALSE,FALSE
K28 3002,KIWI DECOR,0,KETONE LAMINATES LLP,08-08-2026,6,0,1,,FALSE,FALSE
K28 3031,KIWI DECOR,0,KETONE LAMINATES LLP,08-08-2026,10,0,0,,FALSE,FALSE
K28 3042,KIWI DECOR,0,KETONE LAMINATES LLP,08-08-2026,4,0,1,,FALSE,FALSE
K28 3043,KIWI DECOR,0,KETONE LAMINATES LLP,08-08-2026,8,0,1,,FALSE,FALSE
K28 3044,KIWI DECOR,0,KETONE LAMINATES LLP,08-08-2026,5,0,1,,FALSE,FALSE
K30 3004,KIWI DECOR,0,KETONE LAMINATES LLP,08-08-2026,5,0,1,,FALSE,FALSE
K30 3007,KIWI DECOR,0,KETONE LAMINATES LLP,08-08-2026,5,0,1,,FALSE,FALSE
K30 3008,KIWI DECOR,0,KETONE LAMINATES LLP,08-08-2026,1,0,1,,FALSE,FALSE
K30 3013,KIWI DECOR,0,KETONE LAMINATES LLP,08-08-2026,1,0,1,,FALSE,FALSE
K30 3014,KIWI DECOR,0,KETONE LAMINATES LLP,08-08-2026,4,0,1,,FALSE,FALSE
K30 3021,KIWI DECOR,0,KETONE LAMINATES LLP,08-08-2026,3,0,1,,FALSE,FALSE
K30 3022,KIWI DECOR,0,KETONE LAMINATES LLP,08-08-2026,3,0,1,,FALSE,FALSE
K30 3027,KIWI DECOR,0,KETONE LAMINATES LLP,08-08-2026,2,0,1,,FALSE,FALSE
K30 3028,KIWI DECOR,0,KETONE LAMINATES LLP,08-08-2026,9,0,0,,FALSE,FALSE
K30 3031,KIWI DECOR,0,KETONE LAMINATES LLP,08-08-2026,8,0,1,,FALSE,FALSE
K30 3032,KIWI DECOR,0,KETONE LAMINATES LLP,08-08-2026,5,0,1,,FALSE,FALSE
K30 3033,KIWI DECOR,0,KETONE LAMINATES LLP,08-08-2026,2,0,0,,FALSE,FALSE
K30 3036,KIWI DECOR,0,KETONE LAMINATES LLP,08-08-2026,4,0,1,,FALSE,FALSE
K30 3037,KIWI DECOR,0,KETONE LAMINATES LLP,08-08-2026,6,0,1,,FALSE,FALSE
K30 3038,KIWI DECOR,0,KETONE LAMINATES LLP,08-08-2026,7,0,1,,FALSE,FALSE
K30 3039,KIWI DECOR,0,KETONE LAMINATES LLP,08-08-2026,7,0,1,,FALSE,FALSE
K30 3040,KIWI DECOR,0,KETONE LAMINATES LLP,08-08-2026,5,0,1,,FALSE,FALSE
K30 3042,KIWI DECOR,0,KETONE LAMINATES LLP,08-08-2026,5,0,1,,FALSE,FALSE
K30 3053,KIWI DECOR,0,KETONE LAMINATES LLP,08-08-2026,5,0,0,,FALSE,FALSE
K30 3060,KIWI DECOR,0,KETONE LAMINATES LLP,08-08-2026,7,0,0,,FALSE,FALSE
K30 3501,KIWI DECOR,0,KETONE LAMINATES LLP,08-08-2026,4,1,0,,FALSE,FALSE
K30 3502,KIWI DECOR,0,KETONE LAMINATES LLP,08-08-2026,3,0,0,,FALSE,FALSE
K30 3503,KIWI DECOR,0,KETONE LAMINATES LLP,08-08-2026,6,0,0,,FALSE,FALSE
K30 3504,KIWI DECOR,0,KETONE LAMINATES LLP,08-08-2026,4,0,0,,FALSE,FALSE
K30 3505,KIWI DECOR,0,KETONE LAMINATES LLP,08-08-2026,2,0,0,,FALSE,FALSE
K30 3506,KIWI DECOR,0,KETONE LAMINATES LLP,08-08-2026,6,0,0,,FALSE,FALSE
K30 3507,KIWI DECOR,0,KETONE LAMINATES LLP,08-08-2026,0,0,0,,FALSE,FALSE
K30 3508,KIWI DECOR,0,KETONE LAMINATES LLP,08-08-2026,7,0,0,,FALSE,FALSE
K30 3509,KIWI DECOR,0,KETONE LAMINATES LLP,08-08-2026,2,0,0,,FALSE,FALSE
K30 3510,KIWI DECOR,0,KETONE LAMINATES LLP,08-08-2026,4,0,0,,FALSE,FALSE
K30 3511,KIWI DECOR,0,KETONE LAMINATES LLP,08-08-2026,2,0,0,,FALSE,FALSE
K30 3512,KIWI DECOR,0,KETONE LAMINATES LLP,08-08-2026,1,0,0,,FALSE,FALSE
K30 3513,KIWI DECOR,0,KETONE LAMINATES LLP,08-08-2026,1,0,0,,FALSE,FALSE
K30 3514,KIWI DECOR,0,KETONE LAMINATES LLP,08-08-2026,7,0,0,,FALSE,FALSE
K30 3515,KIWI DECOR,0,KETONE LAMINATES LLP,08-08-2026,1,0,0,,FALSE,FALSE
K30 3516,KIWI DECOR,0,KETONE LAMINATES LLP,08-08-2026,2,0,0,,FALSE,FALSE
K30 3517,KIWI DECOR,0,KETONE LAMINATES LLP,08-08-2026,1,0,0,,FALSE,FALSE
K30 3518,KIWI DECOR,0,KETONE LAMINATES LLP,08-08-2026,7,0,0,,FALSE,FALSE
K30 3519,KIWI DECOR,0,KETONE LAMINATES LLP,08-08-2026,4,0,0,,FALSE,FALSE
K30 3520,KIWI DECOR,0,KETONE LAMINATES LLP,08-08-2026,3,0,0,,FALSE,FALSE
K30 3521,KIWI DECOR,0,KETONE LAMINATES LLP,08-08-2026,5,0,0,,FALSE,FALSE
K30 3528,KIWI DECOR,0,KETONE LAMINATES LLP,08-08-2026,5,0,1,,FALSE,FALSE
K30 3530,KIWI DECOR,0,KETONE LAMINATES LLP,08-08-2026,0,0,0,,FALSE,FALSE
K31 3023,KIWI DECOR,0,KETONE LAMINATES LLP,08-08-2026,4,0,0,,FALSE,FALSE
K31 3024,KIWI DECOR,0,KETONE LAMINATES LLP,08-08-2026,10,0,1,,FALSE,FALSE
K31 3030,KIWI DECOR,0,KETONE LAMINATES LLP,08-08-2026,4,0,1,,FALSE,FALSE
K31 3041,KIWI DECOR,0,KETONE LAMINATES LLP,08-08-2026,5,0,1,,FALSE,FALSE
K31 3042,KIWI DECOR,0,KETONE LAMINATES LLP,08-08-2026,4,0,1,,FALSE,FALSE
K31 3054,KIWI DECOR,0,KETONE LAMINATES LLP,08-08-2026,0,0,0,,FALSE,FALSE
K31 3055,KIWI DECOR,0,KETONE LAMINATES LLP,08-08-2026,6,0,0,,FALSE,FALSE
K31 3056,KIWI DECOR,0,KETONE LAMINATES LLP,08-08-2026,3,0,0,,FALSE,FALSE
K32 3003,KIWI DECOR,0,KETONE LAMINATES LLP,08-08-2026,5,0,1,,FALSE,FALSE
K32 3004,KIWI DECOR,0,KETONE LAMINATES LLP,08-08-2026,1,0,1,,FALSE,FALSE
K32 3028,KIWI DECOR,0,KETONE LAMINATES LLP,08-08-2026,3,0,1,,FALSE,FALSE
K33 3048,KIWI DECOR,0,KETONE LAMINATES LLP,08-08-2026,6,0,1,,FALSE,FALSE
K33 3049,KIWI DECOR,0,KETONE LAMINATES LLP,08-08-2026,5,0,1,,FALSE,FALSE
K34 3046,KIWI DECOR,0,KETONE LAMINATES LLP,08-08-2026,5,0,1,,FALSE,FALSE
K35 3057,KIWI DECOR,0,KETONE LAMINATES LLP,08-08-2026,4,0,0,,FALSE,FALSE
K35 3058,KIWI DECOR,0,KETONE LAMINATES LLP,08-08-2026,4,0,0,,FALSE,FALSE
K35 3059,KIWI DECOR,0,KETONE LAMINATES LLP,08-08-2026,6,0,0,,FALSE,FALSE
K35 3060,KIWI DECOR,0,KETONE LAMINATES LLP,08-08-2026,7,0,0,,FALSE,FALSE
K36 3051,KIWI DECOR,0,KETONE LAMINATES LLP,08-08-2026,7,0,0,,FALSE,FALSE
K36 3052,KIWI DECOR,0,KETONE LAMINATES LLP,08-08-2026,7,0,0,,FALSE,FALSE
K36 3053,KIWI DECOR,0,KETONE LAMINATES LLP,08-08-2026,4,0,0,,FALSE,FALSE
DG 03 KI,KIWI DECOR,0,KETONE LAMINATES LLP,08-08-2026,3,0,0,,FALSE,FALSE
DG 04 KI,KIWI DECOR,0,KETONE LAMINATES LLP,08-08-2026,1,0,0,,FALSE,FALSE
SF 3001,KIWI DECOR,0,KETONE LAMINATES LLP,08-08-2026,4,0,0,,FALSE,FALSE
SF 3002,KIWI DECOR,0,KETONE LAMINATES LLP,08-08-2026,4,0,0,,FALSE,FALSE
SF 3003,KIWI DECOR,0,KETONE LAMINATES LLP,08-08-2026,3,0,0,,FALSE,FALSE
SF 3004,KIWI DECOR,0,KETONE LAMINATES LLP,08-08-2026,3,0,0,,FALSE,FALSE
SF 3005,KIWI DECOR,0,KETONE LAMINATES LLP,08-08-2026,10,0,0,,FALSE,FALSE
SF 3006,KIWI DECOR,0,KETONE LAMINATES LLP,08-08-2026,3,0,0,,FALSE,FALSE
SF 3007,KIWI DECOR,0,KETONE LAMINATES LLP,08-08-2026,3,0,0,,FALSE,FALSE
SF 3008,KIWI DECOR,0,KETONE LAMINATES LLP,08-08-2026,2,0,0,,FALSE,FALSE
SF 3009,KIWI DECOR,0,KETONE LAMINATES LLP,08-08-2026,4,0,0,,FALSE,FALSE
SF 3010,KIWI DECOR,0,KETONE LAMINATES LLP,08-08-2026,2,0,0,,FALSE,FALSE
SF 3011,KIWI DECOR,0,KETONE LAMINATES LLP,08-08-2026,1,0,0,,FALSE,FALSE
SF 3012,KIWI DECOR,0,KETONE LAMINATES LLP,08-08-2026,2,1,0,,FALSE,FALSE
SF 3013,KIWI DECOR,0,KETONE LAMINATES LLP,08-08-2026,4,0,0,,FALSE,FALSE
SF 3014,KIWI DECOR,0,KETONE LAMINATES LLP,08-08-2026,4,0,0,,FALSE,FALSE
SF 3019,KIWI DECOR,0,KETONE LAMINATES LLP,08-08-2026,0,0,0,,FALSE,FALSE
SF 3020,KIWI DECOR,0,KETONE LAMINATES LLP,08-08-2026,6,0,0,,FALSE,FALSE
SF 3021,KIWI DECOR,0,KETONE LAMINATES LLP,08-08-2026,3,0,0,,FALSE,FALSE
SF 3022,KIWI DECOR,0,KETONE LAMINATES LLP,08-08-2026,3,0,0,,FALSE,FALSE
SF 3023,KIWI DECOR,0,KETONE LAMINATES LLP,08-08-2026,0,0,0,,FALSE,FALSE
SF 3024,KIWI DECOR,0,KETONE LAMINATES LLP,08-08-2026,1,0,0,,FALSE,FALSE
SF 3025,KIWI DECOR,0,KETONE LAMINATES LLP,08-08-2026,2,0,0,,FALSE,FALSE
SF 3027,KIWI DECOR,0,KETONE LAMINATES LLP,08-08-2026,4,0,0,,FALSE,FALSE
SF 3028,KIWI DECOR,0,KETONE LAMINATES LLP,08-08-2026,4,0,0,,FALSE,FALSE
SF 3030,KIWI DECOR,0,KETONE LAMINATES LLP,08-08-2026,1,0,0,,FALSE,FALSE
SF 3031,KIWI DECOR,0,KETONE LAMINATES LLP,08-08-2026,1,0,0,,FALSE,FALSE
SF 3033,KIWI DECOR,0,KETONE LAMINATES LLP,08-08-2026,4,0,0,,FALSE,FALSE
SF 3041,KIWI DECOR,0,KETONE LAMINATES LLP,08-08-2026,3,0,0,,FALSE,FALSE
SF 3042,KIWI DECOR,0,KETONE LAMINATES LLP,08-08-2026,4,0,0,,FALSE,FALSE
SF 3043,KIWI DECOR,0,KETONE LAMINATES LLP,08-08-2026,3,0,0,,FALSE,FALSE
SF 3044,KIWI DECOR,0,KETONE LAMINATES LLP,08-08-2026,4,0,0,,FALSE,FALSE
SMT 3038,KIWI DECOR,0,KETONE LAMINATES LLP,08-08-2026,3,0,1,,FALSE,FALSE
SMT 3039,KIWI DECOR,0,KETONE LAMINATES LLP,08-08-2026,7,1,1,,FALSE,FALSE
SMT 3049,KIWI DECOR,0,KETONE LAMINATES LLP,08-08-2026,7,0,0,,FALSE,FALSE
SMT 3054,KIWI DECOR,0,KETONE LAMINATES LLP,08-08-2026,1,0,0,,FALSE,FALSE
SMT 3055,KIWI DECOR,0,KETONE LAMINATES LLP,08-08-2026,2,0,0,,FALSE,FALSE
SMT 3059,KIWI DECOR,0,KETONE LAMINATES LLP,08-08-2026,5,0,0,,FALSE,FALSE
SMT 3501,KIWI DECOR,0,KETONE LAMINATES LLP,08-08-2026,3,0,0,,FALSE,FALSE
SMT 3502,KIWI DECOR,0,KETONE LAMINATES LLP,08-08-2026,3,0,0,,FALSE,FALSE
SMT 3503,KIWI DECOR,0,KETONE LAMINATES LLP,08-08-2026,7,0,1,,FALSE,FALSE
SMT 3504,KIWI DECOR,0,KETONE LAMINATES LLP,08-08-2026,9,0,0,,FALSE,FALSE
SMT 3505,KIWI DECOR,0,KETONE LAMINATES LLP,08-08-2026,8,0,0,,FALSE,FALSE
SMT 3506,KIWI DECOR,0,KETONE LAMINATES LLP,08-08-2026,9,0,1,,FALSE,FALSE
SMT 3507,KIWI DECOR,0,KETONE LAMINATES LLP,08-08-2026,4,0,2,,FALSE,FALSE
SMT 3508,KIWI DECOR,0,KETONE LAMINATES LLP,08-08-2026,3,2,0,,FALSE,FALSE
SMT 3509,KIWI DECOR,0,KETONE LAMINATES LLP,08-08-2026,0,0,0,,FALSE,FALSE
SMT 3510,KIWI DECOR,0,KETONE LAMINATES LLP,08-08-2026,6,0,1,,FALSE,FALSE
SMT 3511,KIWI DECOR,0,KETONE LAMINATES LLP,08-08-2026,2,0,0,,FALSE,FALSE
SMT 3512,KIWI DECOR,0,KETONE LAMINATES LLP,08-08-2026,6,0,0,,FALSE,FALSE
SMT 3513,KIWI DECOR,0,KETONE LAMINATES LLP,08-08-2026,4,0,0,,FALSE,FALSE
SMT 3514,KIWI DECOR,0,KETONE LAMINATES LLP,08-08-2026,1,0,0,,FALSE,FALSE
SMT 3515,KIWI DECOR,0,KETONE LAMINATES LLP,08-08-2026,4,0,0,,FALSE,FALSE
SMT 3516,KIWI DECOR,0,KETONE LAMINATES LLP,08-08-2026,1,0,0,,FALSE,FALSE
SMT 3517,KIWI DECOR,0,KETONE LAMINATES LLP,08-08-2026,4,0,0,,FALSE,FALSE
SMT 3518,KIWI DECOR,0,KETONE LAMINATES LLP,08-08-2026,2,0,0,,FALSE,FALSE
SMT 3519,KIWI DECOR,0,KETONE LAMINATES LLP,08-08-2026,3,0,0,,FALSE,FALSE
SMT 3520,KIWI DECOR,0,KETONE LAMINATES LLP,08-08-2026,5,0,0,,FALSE,FALSE
SMT 3521,KIWI DECOR,0,KETONE LAMINATES LLP,08-08-2026,2,0,1,,FALSE,FALSE
SMT 3522,KIWI DECOR,0,KETONE LAMINATES LLP,08-08-2026,3,0,0,,FALSE,FALSE
SMT 3523,KIWI DECOR,0,KETONE LAMINATES LLP,08-08-2026,5,0,0,,FALSE,FALSE
SMT 3524,KIWI DECOR,0,KETONE LAMINATES LLP,08-08-2026,0,0,0,,FALSE,FALSE
SMT 3525,KIWI DECOR,0,KETONE LAMINATES LLP,08-08-2026,0,0,0,,FALSE,FALSE
SMT 3526,KIWI DECOR,0,KETONE LAMINATES LLP,08-08-2026,5,0,0,,FALSE,FALSE
SMT 3527,KIWI DECOR,0,KETONE LAMINATES LLP,08-08-2026,4,0,1,,FALSE,FALSE
SMT 3528,KIWI DECOR,0,KETONE LAMINATES LLP,08-08-2026,4,0,0,,FALSE,FALSE
SMT 3529,KIWI DECOR,0,KETONE LAMINATES LLP,08-08-2026,4,0,2,,FALSE,FALSE
SMT 3530,KIWI DECOR,0,KETONE LAMINATES LLP,08-08-2026,4,0,0,,FALSE,FALSE
BM 7232,INNATE,0,REBECCA,08-08-2026,0,0,0,FOLDER BANDH KAREL CHHE,FALSE,FALSE
BM 7250,INNATE,0,REBECCA,08-08-2026,0,0,0,FOLDER BANDH KAREL CHHE,FALSE,FALSE
GF 5810 PRE,INNATE,0,REBECCA,08-08-2026,5,0,0,FOLDER BANDH KAREL CHHE,FALSE,FALSE
GF 5811 PRE,INNATE,0,REBECCA,08-08-2026,0,0,0,FOLDER BANDH KAREL CHHE,FALSE,FALSE
GF 5812 PRE,INNATE,0,REBECCA,08-08-2026,3,0,0,FOLDER BANDH KAREL CHHE,FALSE,FALSE
GF 5814 PRE,INNATE,0,REBECCA,08-08-2026,10,0,0,FOLDER BANDH KAREL CHHE,FALSE,FALSE
GF 5815 PRE,INNATE,0,REBECCA,08-08-2026,0,0,0,FOLDER BANDH KAREL CHHE,FALSE,FALSE
GF 5816 PRE,INNATE,0,REBECCA,08-08-2026,0,0,0,FOLDER BANDH KAREL CHHE,FALSE,FALSE
GF 5817 PRE,INNATE,0,REBECCA,08-08-2026,0,0,0,FOLDER BANDH KAREL CHHE,FALSE,FALSE
GF 5819 PRE,INNATE,0,REBECCA,08-08-2026,0,0,0,FOLDER BANDH KAREL CHHE,FALSE,FALSE
GF 5820 PRE,INNATE,0,REBECCA,08-08-2026,0,0,0,FOLDER BANDH KAREL CHHE,FALSE,FALSE
GF 7254,INNATE,0,REBECCA,08-08-2026,7,0,0,FOLDER BANDH KAREL CHHE,FALSE,FALSE
GF 7256,INNATE,0,REBECCA,08-08-2026,4,0,0,FOLDER BANDH KAREL CHHE,FALSE,FALSE
GF 7307,INNATE,0,REBECCA,08-08-2026,0,0,0,FOLDER BANDH KAREL CHHE,FALSE,FALSE
GF 7308,INNATE,0,REBECCA,08-08-2026,7,0,0,FOLDER BANDH KAREL CHHE,FALSE,FALSE
GF 7309,INNATE,0,REBECCA,08-08-2026,0,0,0,FOLDER BANDH KAREL CHHE,FALSE,FALSE
GF 7312,INNATE,0,REBECCA,08-08-2026,2,0,0,FOLDER BANDH KAREL CHHE,FALSE,FALSE
GS 7291,INNATE,0,REBECCA,08-08-2026,2,0,0,FOLDER BANDH KAREL CHHE,FALSE,FALSE
GS 7292,INNATE,0,REBECCA,08-08-2026,0,0,0,FOLDER BANDH KAREL CHHE,FALSE,FALSE
HV 7233 H,INNATE,0,REBECCA,08-08-2026,0,0,0,FOLDER BANDH KAREL CHHE,FALSE,TRUE
HV 7234 H,INNATE,0,REBECCA,08-08-2026,3,0,0,FOLDER BANDH KAREL CHHE,FALSE,FALSE
HV 7239 H,INNATE,0,REBECCA,08-08-2026,6,0,0,FOLDER BANDH KAREL CHHE,FALSE,FALSE
IS 7288,INNATE,0,REBECCA,08-08-2026,5,0,0,FOLDER BANDH KAREL CHHE,FALSE,FALSE
KO 7241,INNATE,0,REBECCA,08-08-2026,0,0,0,FOLDER BANDH KAREL CHHE,FALSE,FALSE
KO 7242,INNATE,0,REBECCA,08-08-2026,0,0,0,FOLDER BANDH KAREL CHHE,FALSE,FALSE
KO 7250,INNATE,0,REBECCA,08-08-2026,0,0,0,FOLDER BANDH KAREL CHHE,FALSE,FALSE
LK 7293,INNATE,0,REBECCA,08-08-2026,6,1,0,FOLDER BANDH KAREL CHHE,FALSE,FALSE
LK 7294,INNATE,0,REBECCA,08-08-2026,4,0,0,FOLDER BANDH KAREL CHHE,FALSE,FALSE
MW 7247,INNATE,0,REBECCA,08-08-2026,3,0,0,FOLDER BANDH KAREL CHHE,FALSE,FALSE
MW 7248,INNATE,0,REBECCA,08-08-2026,6,0,0,FOLDER BANDH KAREL CHHE,FALSE,FALSE
NV 7221,INNATE,0,REBECCA,08-08-2026,8,0,0,FOLDER BANDH KAREL CHHE,FALSE,FALSE
RK 7293,INNATE,0,REBECCA,08-08-2026,0,0,0,FOLDER BANDH KAREL CHHE,FALSE,FALSE
RK 7294,INNATE,0,REBECCA,08-08-2026,0,0,0,FOLDER BANDH KAREL CHHE,FALSE,FALSE
RS 7246,INNATE,0,REBECCA,08-08-2026,0,0,0,FOLDER BANDH KAREL CHHE,FALSE,FALSE
SV 7232,INNATE,0,REBECCA,08-08-2026,0,0,0,FOLDER BANDH KAREL CHHE,FALSE,FALSE
SV 7249,INNATE,0,REBECCA,08-08-2026,0,0,0,FOLDER BANDH KAREL CHHE,FALSE,FALSE
SV 7250,INNATE,0,REBECCA,08-08-2026,3,0,0,FOLDER BANDH KAREL CHHE,FALSE,FALSE
SV 7253,INNATE,0,REBECCA,08-08-2026,0,0,0,FOLDER BANDH KAREL CHHE,FALSE,FALSE
SV 7256,INNATE,0,REBECCA,08-08-2026,5,0,0,FOLDER BANDH KAREL CHHE,FALSE,FALSE
SV 7259,INNATE,0,REBECCA,08-08-2026,3,0,0,FOLDER BANDH KAREL CHHE,FALSE,FALSE
SV 7261,INNATE,0,REBECCA,08-08-2026,0,0,0,FOLDER BANDH KAREL CHHE,FALSE,FALSE
SV 7262,INNATE,0,REBECCA,08-08-2026,0,0,0,FOLDER BANDH KAREL CHHE,FALSE,FALSE
SV 7263,INNATE,0,REBECCA,08-08-2026,0,0,0,FOLDER BANDH KAREL CHHE,FALSE,FALSE
SY 7216,INNATE,0,REBECCA,08-08-2026,0,0,0,FOLDER BANDH KAREL CHHE,FALSE,FALSE
SY 7248 HZ,INNATE,0,REBECCA,08-08-2026,3,0,0,FOLDER BANDH KAREL CHHE,FALSE,FALSE
SY 7249 HZ,INNATE,0,REBECCA,08-08-2026,14,0,0,FOLDER BANDH KAREL CHHE,FALSE,FALSE
SY 7250 HZ,INNATE,0,REBECCA,08-08-2026,3,0,0,FOLDER BANDH KAREL CHHE,FALSE,FALSE
TN 7220,INNATE,0,REBECCA,08-08-2026,0,0,0,FOLDER BANDH KAREL CHHE,FALSE,TRUE
TN 7232,INNATE,0,REBECCA,08-08-2026,0,0,0,FOLDER BANDH KAREL CHHE,FALSE,TRUE
TN 7233,INNATE,0,REBECCA,08-08-2026,2,0,0,FOLDER BANDH KAREL CHHE,FALSE,TRUE
ZH 7253,INNATE,0,REBECCA,08-08-2026,0,0,0,FOLDER BANDH KAREL CHHE,FALSE,FALSE
ZH 7258,INNATE,0,REBECCA,08-08-2026,0,0,0,FOLDER BANDH KAREL CHHE,FALSE,FALSE
ZH 7060,INNATE,0,REBECCA,08-08-2026,5,0,0,FOLDER BANDH KAREL CHHE,FALSE,FALSE
ZH 7262,INNATE,0,REBECCA,08-08-2026,6,0,0,FOLDER BANDH KAREL CHHE,FALSE,FALSE
ZH 7263,INNATE,0,REBECCA,08-08-2026,0,0,0,FOLDER BANDH KAREL CHHE,FALSE,FALSE
ZK 7254,INNATE,0,REBECCA,08-08-2026,0,0,0,FOLDER BANDH KAREL CHHE,FALSE,FALSE
ZK 7255,INNATE,0,REBECCA,08-08-2026,0,0,0,FOLDER BANDH KAREL CHHE,FALSE,FALSE
ZK 7256,INNATE,0,REBECCA,08-08-2026,0,0,0,FOLDER BANDH KAREL CHHE,FALSE,FALSE
ZK 7259,INNATE,0,REBECCA,08-08-2026,0,0,0,FOLDER BANDH KAREL CHHE,FALSE,FALSE
ZL 5801 PRE,INNATE,0,REBECCA,08-08-2026,2,0,0,FOLDER BANDH KAREL CHHE,FALSE,FALSE
ZL 5802 PRE,INNATE,0,REBECCA,08-08-2026,0,0,0,FOLDER BANDH KAREL CHHE,FALSE,FALSE
ZL 5803 PRE,INNATE,0,REBECCA,08-08-2026,5,0,0,FOLDER BANDH KAREL CHHE,FALSE,FALSE
ZL 7298,INNATE,0,REBECCA,08-08-2026,1,0,0,FOLDER BANDH KAREL CHHE,FALSE,FALSE
ZL 7299,INNATE,0,REBECCA,08-08-2026,4,0,0,FOLDER BANDH KAREL CHHE,FALSE,FALSE
ZL 7303,INNATE,0,REBECCA,08-08-2026,4,0,0,FOLDER BANDH KAREL CHHE,FALSE,FALSE
ZL 7304,INNATE,0,REBECCA,08-08-2026,0,0,0,FOLDER BANDH KAREL CHHE,FALSE,FALSE
ZM 7254,INNATE,0,REBECCA,08-08-2026,0,0,0,FOLDER BANDH KAREL CHHE,FALSE,FALSE
ZM 7255,INNATE,0,REBECCA,08-08-2026,0,0,0,FOLDER BANDH KAREL CHHE,FALSE,FALSE
ZM 7257,INNATE,0,REBECCA,08-08-2026,1,0,0,FOLDER BANDH KAREL CHHE,FALSE,FALSE
ZM 7258,INNATE,0,REBECCA,08-08-2026,0,0,0,FOLDER BANDH KAREL CHHE,FALSE,FALSE
ZM 7262,INNATE,0,REBECCA,08-08-2026,0,0,0,FOLDER BANDH KAREL CHHE,FALSE,FALSE
ZM 7307,INNATE,0,REBECCA,08-08-2026,9,0,0,FOLDER BANDH KAREL CHHE,FALSE,FALSE
ZM 7308,INNATE,0,REBECCA,08-08-2026,5,0,0,FOLDER BANDH KAREL CHHE,FALSE,FALSE
ZM 7309,INNATE,0,REBECCA,08-08-2026,6,0,0,FOLDER BANDH KAREL CHHE,FALSE,FALSE
ZM 7310,INNATE,0,REBECCA,08-08-2026,0,0,0,FOLDER BANDH KAREL CHHE,FALSE,FALSE
ZM 7311,INNATE,0,REBECCA,08-08-2026,3,0,0,FOLDER BANDH KAREL CHHE,FALSE,FALSE
ZM 7312,INNATE,0,REBECCA,08-08-2026,0,0,0,FOLDER BANDH KAREL CHHE,FALSE,FALSE
HG 5201,INNATE,0,REBECCA,08-08-2026,0,0,0,FOLDER BANDH KAREL CHHE,FALSE,FALSE
HG 5202,INNATE,0,REBECCA,08-08-2026,0,0,0,FOLDER BANDH KAREL CHHE,FALSE,FALSE
HG 5204,INNATE,0,REBECCA,08-08-2026,0,0,0,FOLDER BANDH KAREL CHHE,FALSE,FALSE
HG 5205,INNATE,0,REBECCA,08-08-2026,0,0,0,FOLDER BANDH KAREL CHHE,FALSE,FALSE
HG 5206,INNATE,0,REBECCA,08-08-2026,0,0,0,FOLDER BANDH KAREL CHHE,FALSE,FALSE
HG 5207,INNATE,0,REBECCA,08-08-2026,6,0,0,FOLDER BANDH KAREL CHHE,FALSE,FALSE
HG 5209,INNATE,0,REBECCA,08-08-2026,0,0,0,FOLDER BANDH KAREL CHHE,FALSE,FALSE
HG 5210,INNATE,0,REBECCA,08-08-2026,0,0,0,FOLDER BANDH KAREL CHHE,FALSE,FALSE
HG 5213,INNATE,0,REBECCA,08-08-2026,0,0,0,FOLDER BANDH KAREL CHHE,FALSE,FALSE
HG 5214,INNATE,0,REBECCA,08-08-2026,3,0,0,FOLDER BANDH KAREL CHHE,FALSE,FALSE
HG 5215,INNATE,0,REBECCA,08-08-2026,5,0,0,FOLDER BANDH KAREL CHHE,FALSE,FALSE
HG 5216,INNATE,0,REBECCA,08-08-2026,0,0,0,FOLDER BANDH KAREL CHHE,FALSE,FALSE
HG 5217,INNATE,0,REBECCA,08-08-2026,0,0,0,FOLDER BANDH KAREL CHHE,FALSE,FALSE
HG 5701,INNATE,0,REBECCA,08-08-2026,0,0,0,FOLDER BANDH KAREL CHHE,FALSE,FALSE
HG 5702,INNATE,0,REBECCA,08-08-2026,0,0,0,FOLDER BANDH KAREL CHHE,FALSE,FALSE
HG 5703,INNATE,0,REBECCA,08-08-2026,1,0,0,FOLDER BANDH KAREL CHHE,FALSE,FALSE
HG 5704,INNATE,0,REBECCA,08-08-2026,0,0,0,FOLDER BANDH KAREL CHHE,FALSE,FALSE
HG 5705,INNATE,0,REBECCA,08-08-2026,0,0,0,FOLDER BANDH KAREL CHHE,FALSE,FALSE
HG 5706,INNATE,0,REBECCA,08-08-2026,0,0,0,FOLDER BANDH KAREL CHHE,FALSE,FALSE
HG 5707,INNATE,0,REBECCA,08-08-2026,1,0,0,FOLDER BANDH KAREL CHHE,FALSE,FALSE
HG 5708,INNATE,0,REBECCA,08-08-2026,0,0,0,FOLDER BANDH KAREL CHHE,FALSE,FALSE
HG 5709,INNATE,0,REBECCA,08-08-2026,0,0,0,FOLDER BANDH KAREL CHHE,FALSE,FALSE
HG 5801 PRE,INNATE,0,REBECCA,08-08-2026,0,0,0,FOLDER BANDH KAREL CHHE,FALSE,FALSE
HG 5802 PRE,INNATE,0,REBECCA,08-08-2026,0,0,0,FOLDER BANDH KAREL CHHE,FALSE,FALSE
HG 5803 PRE,INNATE,0,REBECCA,08-08-2026,0,0,0,FOLDER BANDH KAREL CHHE,FALSE,FALSE
HG 5810 PRE,INNATE,0,REBECCA,08-08-2026,0,0,0,FOLDER BANDH KAREL CHHE,FALSE,FALSE
HG 5811 PRE,INNATE,0,REBECCA,08-08-2026,0,0,0,FOLDER BANDH KAREL CHHE,FALSE,FALSE
HG 5812 PRE,INNATE,0,REBECCA,08-08-2026,0,0,0,FOLDER BANDH KAREL CHHE,FALSE,FALSE
HG 5813 PRE,INNATE,0,REBECCA,08-08-2026,0,0,0,FOLDER BANDH KAREL CHHE,FALSE,FALSE
HG 5814 PRE,INNATE,0,REBECCA,08-08-2026,0,0,0,FOLDER BANDH KAREL CHHE,FALSE,FALSE
HG 5815 PRE,INNATE,0,REBECCA,08-08-2026,0,0,0,FOLDER BANDH KAREL CHHE,FALSE,FALSE
HG 5816 PRE,INNATE,0,REBECCA,08-08-2026,0,0,0,FOLDER BANDH KAREL CHHE,FALSE,FALSE
HG 5817 PRE,INNATE,0,REBECCA,08-08-2026,0,0,0,FOLDER BANDH KAREL CHHE,FALSE,FALSE
HG 5818 PRE,INNATE,0,REBECCA,08-08-2026,0,0,0,FOLDER BANDH KAREL CHHE,FALSE,FALSE
HG 5819 PRE,INNATE,0,REBECCA,08-08-2026,0,0,0,FOLDER BANDH KAREL CHHE,FALSE,FALSE
HG 5820 PRE,INNATE,0,REBECCA,08-08-2026,0,0,0,FOLDER BANDH KAREL CHHE,FALSE,FALSE
HG 7216,INNATE,0,REBECCA,08-08-2026,5,0,0,FOLDER BANDH KAREL CHHE,FALSE,FALSE
HG 7217,INNATE,0,REBECCA,08-08-2026,1,0,0,FOLDER BANDH KAREL CHHE,FALSE,FALSE
HG 7220,INNATE,0,REBECCA,08-08-2026,0,0,0,FOLDER BANDH KAREL CHHE,FALSE,FALSE
HG 7221,INNATE,0,REBECCA,08-08-2026,0,0,0,FOLDER BANDH KAREL CHHE,FALSE,FALSE
HG 7228,INNATE,0,REBECCA,08-08-2026,0,0,0,FOLDER BANDH KAREL CHHE,FALSE,FALSE
HG 7230,INNATE,0,REBECCA,08-08-2026,2,0,0,FOLDER BANDH KAREL CHHE,FALSE,FALSE
HG 7232,INNATE,0,REBECCA,08-08-2026,0,0,0,FOLDER BANDH KAREL CHHE,FALSE,FALSE
HG 7234,INNATE,0,REBECCA,08-08-2026,1,0,0,FOLDER BANDH KAREL CHHE,FALSE,FALSE
HG 7239,INNATE,0,REBECCA,08-08-2026,0,0,0,FOLDER BANDH KAREL CHHE,FALSE,FALSE
HG 7241,INNATE,0,REBECCA,08-08-2026,6,0,0,FOLDER BANDH KAREL CHHE,FALSE,FALSE
HG 7242,INNATE,0,REBECCA,08-08-2026,1,0,0,FOLDER BANDH KAREL CHHE,FALSE,FALSE
HG 7245,INNATE,0,REBECCA,08-08-2026,4,0,0,FOLDER BANDH KAREL CHHE,FALSE,FALSE
HG 7247,INNATE,0,REBECCA,08-08-2026,4,0,0,FOLDER BANDH KAREL CHHE,FALSE,TRUE
HG 7248,INNATE,0,REBECCA,08-08-2026,1,0,0,FOLDER BANDH KAREL CHHE,FALSE,FALSE
HG 7250,INNATE,0,REBECCA,08-08-2026,1,0,0,FOLDER BANDH KAREL CHHE,FALSE,FALSE
HG 7254,INNATE,0,REBECCA,08-08-2026,3,0,0,FOLDER BANDH KAREL CHHE,FALSE,FALSE
HG 7256,INNATE,0,REBECCA,08-08-2026,0,0,0,FOLDER BANDH KAREL CHHE,FALSE,FALSE
HG 7257,INNATE,0,REBECCA,08-08-2026,0,0,0,FOLDER BANDH KAREL CHHE,FALSE,FALSE
HG 7258,INNATE,0,REBECCA,08-08-2026,6,0,0,FOLDER BANDH KAREL CHHE,FALSE,FALSE
HG 7259,INNATE,0,REBECCA,08-08-2026,1,0,0,FOLDER BANDH KAREL CHHE,FALSE,FALSE
HG 7260,INNATE,0,REBECCA,08-08-2026,0,0,0,FOLDER BANDH KAREL CHHE,FALSE,FALSE
HG 7261,INNATE,0,REBECCA,08-08-2026,3,1,0,FOLDER BANDH KAREL CHHE,FALSE,FALSE
HG 7262,INNATE,0,REBECCA,08-08-2026,0,0,0,FOLDER BANDH KAREL CHHE,FALSE,FALSE
HG 7263,INNATE,0,REBECCA,08-08-2026,0,0,0,FOLDER BANDH KAREL CHHE,FALSE,FALSE
HG 7285,INNATE,0,REBECCA,08-08-2026,0,0,0,FOLDER BANDH KAREL CHHE,FALSE,FALSE
HG 7287,INNATE,0,REBECCA,08-08-2026,3,1,0,FOLDER BANDH KAREL CHHE,FALSE,FALSE
HG 7288,INNATE,0,REBECCA,08-08-2026,4,0,0,FOLDER BANDH KAREL CHHE,FALSE,FALSE
HG 7291,INNATE,0,REBECCA,08-08-2026,5,0,0,FOLDER BANDH KAREL CHHE,FALSE,FALSE
HG 7292,INNATE,0,REBECCA,08-08-2026,2,0,0,FOLDER BANDH KAREL CHHE,FALSE,FALSE
HG 7293,INNATE,0,REBECCA,08-08-2026,0,0,0,FOLDER BANDH KAREL CHHE,FALSE,FALSE
HG 7294,INNATE,0,REBECCA,08-08-2026,0,0,0,FOLDER BANDH KAREL CHHE,FALSE,FALSE
HG 7297,INNATE,0,REBECCA,08-08-2026,0,0,0,FOLDER BANDH KAREL CHHE,FALSE,FALSE
HG 7298,INNATE,0,REBECCA,08-08-2026,5,0,0,FOLDER BANDH KAREL CHHE,FALSE,FALSE
HG 7299,INNATE,0,REBECCA,08-08-2026,0,0,0,FOLDER BANDH KAREL CHHE,FALSE,FALSE
HG 7301,INNATE,0,REBECCA,08-08-2026,0,0,0,FOLDER BANDH KAREL CHHE,FALSE,FALSE
HG 7302,INNATE,0,REBECCA,08-08-2026,10,0,0,FOLDER BANDH KAREL CHHE,FALSE,FALSE
HG 7303,INNATE,0,REBECCA,08-08-2026,0,0,0,FOLDER BANDH KAREL CHHE,FALSE,FALSE
HG 7304,INNATE,0,REBECCA,08-08-2026,9,0,0,FOLDER BANDH KAREL CHHE,FALSE,FALSE
HG 7305,INNATE,0,REBECCA,08-08-2026,0,0,0,FOLDER BANDH KAREL CHHE,FALSE,FALSE
HG 7306,INNATE,0,REBECCA,08-08-2026,0,0,0,FOLDER BANDH KAREL CHHE,FALSE,FALSE
HG 7307,INNATE,0,REBECCA,08-08-2026,0,0,0,FOLDER BANDH KAREL CHHE,FALSE,FALSE
HG 7308,INNATE,0,REBECCA,08-08-2026,0,0,0,FOLDER BANDH KAREL CHHE,FALSE,FALSE
HG 7309,INNATE,0,REBECCA,08-08-2026,0,0,0,FOLDER BANDH KAREL CHHE,FALSE,FALSE
HG 7310,INNATE,0,REBECCA,08-08-2026,0,0,0,FOLDER BANDH KAREL CHHE,FALSE,FALSE
HG 7311,INNATE,0,REBECCA,08-08-2026,5,0,0,FOLDER BANDH KAREL CHHE,FALSE,FALSE
HG 7312,INNATE,0,REBECCA,08-08-2026,0,0,0,FOLDER BANDH KAREL CHHE,FALSE,FALSE
SF 7205,INNATE,0,REBECCA,08-08-2026,0,0,0,FOLDER BANDH KAREL CHHE,FALSE,FALSE
SF 7208,INNATE,0,REBECCA,08-08-2026,0,0,0,FOLDER BANDH KAREL CHHE,FALSE,FALSE
SF 7214,INNATE,0,REBECCA,08-08-2026,0,0,0,FOLDER BANDH KAREL CHHE,FALSE,FALSE
SF 7216,INNATE,0,REBECCA,08-08-2026,4,0,0,FOLDER BANDH KAREL CHHE,FALSE,FALSE
SF 7218,INNATE,0,REBECCA,08-08-2026,0,0,0,FOLDER BANDH KAREL CHHE,FALSE,FALSE
SF 7220,INNATE,0,REBECCA,08-08-2026,0,0,0,FOLDER BANDH KAREL CHHE,FALSE,FALSE
SF 7221,INNATE,0,REBECCA,08-08-2026,0,0,0,FOLDER BANDH KAREL CHHE,FALSE,FALSE
SF 7224,INNATE,0,REBECCA,08-08-2026,0,0,0,FOLDER BANDH KAREL CHHE,FALSE,FALSE
SF 7228,INNATE,0,REBECCA,08-08-2026,0,1,0,(7X4 PIECE) FOLDER BANDH KAREL CHHE,FALSE,FALSE
SF 7232,INNATE,0,REBECCA,08-08-2026,0,0,0,FOLDER BANDH KAREL CHHE,FALSE,FALSE
SF 7233,INNATE,0,REBECCA,08-08-2026,0,0,0,FOLDER BANDH KAREL CHHE,FALSE,FALSE
SF 7234,INNATE,0,REBECCA,08-08-2026,0,0,0,FOLDER BANDH KAREL CHHE,FALSE,FALSE
SF 7253,INNATE,0,REBECCA,08-08-2026,0,0,0,FOLDER BANDH KAREL CHHE,FALSE,FALSE
SF 7255,INNATE,0,REBECCA,08-08-2026,0,0,0,FOLDER BANDH KAREL CHHE,FALSE,FALSE
SF 7256,INNATE,0,REBECCA,08-08-2026,0,0,0,FOLDER BANDH KAREL CHHE,FALSE,FALSE
SF 7261,INNATE,0,REBECCA,08-08-2026,0,0,0,FOLDER BANDH KAREL CHHE,FALSE,FALSE
SF 7241,INNATE,0,REBECCA,08-08-2026,0,0,0,FOLDER BANDH KAREL CHHE,FALSE,FALSE
SF 7242,INNATE,0,REBECCA,08-08-2026,0,0,0,FOLDER BANDH KAREL CHHE,FALSE,FALSE
SF 7243,INNATE,0,REBECCA,08-08-2026,0,0,0,FOLDER BANDH KAREL CHHE,FALSE,FALSE
SF 7245,INNATE,0,REBECCA,08-08-2026,0,0,0,FOLDER BANDH KAREL CHHE,FALSE,FALSE
SF 7246,INNATE,0,REBECCA,08-08-2026,4,0,0,FOLDER BANDH KAREL CHHE,FALSE,TRUE
SF 7249,INNATE,0,REBECCA,08-08-2026,0,0,0,FOLDER BANDH KAREL CHHE,FALSE,FALSE
SF 7250,INNATE,0,REBECCA,08-08-2026,0,0,0,FOLDER BANDH KAREL CHHE,FALSE,FALSE
MT 5201,INNATE,0,REBECCA,08-08-2026,0,0,0,FOLDER BANDH KAREL CHHE,FALSE,FALSE
MT 5202,INNATE,0,REBECCA,08-08-2026,0,0,0,FOLDER BANDH KAREL CHHE,FALSE,FALSE
MT 5204,INNATE,0,REBECCA,08-08-2026,0,0,0,FOLDER BANDH KAREL CHHE,FALSE,FALSE
MT 5205,INNATE,0,REBECCA,08-08-2026,0,0,0,FOLDER BANDH KAREL CHHE,FALSE,FALSE
MT 5216,INNATE,0,REBECCA,08-08-2026,0,0,0,FOLDER BANDH KAREL CHHE,FALSE,FALSE
MT 5701,INNATE,0,REBECCA,08-08-2026,0,0,0,FOLDER BANDH KAREL CHHE,FALSE,FALSE
MT 5702,INNATE,0,REBECCA,08-08-2026,0,0,0,FOLDER BANDH KAREL CHHE,FALSE,FALSE
MT 5703,INNATE,0,REBECCA,08-08-2026,0,0,0,FOLDER BANDH KAREL CHHE,FALSE,FALSE
MT 5704,INNATE,0,REBECCA,08-08-2026,0,0,0,FOLDER BANDH KAREL CHHE,FALSE,FALSE
MT 5705,INNATE,0,REBECCA,08-08-2026,0,0,0,FOLDER BANDH KAREL CHHE,FALSE,FALSE
MT 5706,INNATE,0,REBECCA,08-08-2026,0,0,0,FOLDER BANDH KAREL CHHE,FALSE,FALSE
MT 5707,INNATE,0,REBECCA,08-08-2026,1,0,0,FOLDER BANDH KAREL CHHE,FALSE,FALSE
MT 5708,INNATE,0,REBECCA,08-08-2026,0,0,0,FOLDER BANDH KAREL CHHE,FALSE,FALSE
MT 5709,INNATE,0,REBECCA,08-08-2026,0,0,0,FOLDER BANDH KAREL CHHE,FALSE,FALSE
MT 7232,INNATE,0,REBECCA,08-08-2026,4,0,0,FOLDER BANDH KAREL CHHE,FALSE,FALSE
MT 7233,INNATE,0,REBECCA,08-08-2026,0,0,0,FOLDER BANDH KAREL CHHE,FALSE,FALSE
MT 7234,INNATE,0,REBECCA,08-08-2026,0,0,0,FOLDER BANDH KAREL CHHE,FALSE,FALSE
MT 7239,INNATE,0,REBECCA,08-08-2026,1,0,0,FOLDER BANDH KAREL CHHE,FALSE,FALSE
MT 7285,INNATE,0,REBECCA,08-08-2026,0,0,0,FOLDER BANDH KAREL CHHE,FALSE,FALSE
MT 7287,INNATE,0,REBECCA,08-08-2026,9,0,0,FOLDER BANDH KAREL CHHE,FALSE,FALSE
MT 7288,INNATE,0,REBECCA,08-08-2026,8,0,0,FOLDER BANDH KAREL CHHE,FALSE,FALSE
MT 7297,INNATE,0,REBECCA,08-08-2026,0,0,0,FOLDER BANDH KAREL CHHE,FALSE,FALSE
MT 7301,INNATE,0,REBECCA,08-08-2026,0,0,0,FOLDER BANDH KAREL CHHE,FALSE,FALSE
MT 7302,INNATE,0,REBECCA,08-08-2026,6,0,0,FOLDER BANDH KAREL CHHE,FALSE,FALSE
MT 7305,INNATE,0,REBECCA,08-08-2026,1,0,0,FOLDER BANDH KAREL CHHE,FALSE,FALSE
MT 7306,INNATE,0,REBECCA,08-08-2026,6,0,0,FOLDER BANDH KAREL CHHE,FALSE,FALSE
MT 5801 PRE,INNATE,0,REBECCA,08-08-2026,4,0,0,FOLDER BANDH KAREL CHHE,FALSE,FALSE
MT 5802 PRE,INNATE,0,REBECCA,08-08-2026,0,0,0,FOLDER BANDH KAREL CHHE,FALSE,FALSE
MT 5803 PRE,INNATE,0,REBECCA,08-08-2026,6,0,0,FOLDER BANDH KAREL CHHE,FALSE,FALSE
IN09 7229,INNATE,0,REBECCA,08-08-2026,2,0,0,,FALSE,TRUE
IN09 7237,INNATE,0,REBECCA,08-08-2026,4,0,0,,FALSE,TRUE
IN09 7238,INNATE,0,REBECCA,08-08-2026,5,0,0,,FALSE,TRUE
IN09 7286,INNATE,0,REBECCA,08-08-2026,4,0,0,,FALSE,TRUE
IN16 7228 OLD,INNATE,0,REBECCA,08-08-2026,7,0,0,,FALSE,TRUE
IN19 7238,INNATE,0,REBECCA,08-08-2026,5,0,0,,FALSE,TRUE
IN19 7239,INNATE,0,REBECCA,08-08-2026,4,0,0,,FALSE,TRUE
IN20 7208,INNATE,0,REBECCA,08-08-2026,4,0,0,,FALSE,TRUE
IN20 7217,INNATE,0,REBECCA,08-08-2026,1,0,0,,FALSE,TRUE
IN20 7218,INNATE,0,REBECCA,08-08-2026,3,0,0,,FALSE,TRUE
IN24 7291,INNATE,0,REBECCA,08-08-2026,10,0,0,,FALSE,TRUE
IN24 7292,INNATE,0,REBECCA,08-08-2026,3,0,0,,FALSE,TRUE
IN28 7289,INNATE,0,REBECCA,08-08-2026,8,0,0,,FALSE,TRUE
IN28 7290,INNATE,0,REBECCA,08-08-2026,5,0,0,,FALSE,TRUE
IN34 7252,INNATE,0,REBECCA,08-08-2026,4,0,0,,FALSE,TRUE
IN37 7235,INNATE,0,REBECCA,08-08-2026,0,0,0,,FALSE,TRUE
IN37 7236,INNATE,0,REBECCA,08-08-2026,1,0,0,,FALSE,TRUE
IN37 7237,INNATE,0,REBECCA,08-08-2026,1,0,0,,FALSE,TRUE
IN37 7238,INNATE,0,REBECCA,08-08-2026,1,0,0,,FALSE,TRUE
IN63 7205,INNATE,0,REBECCA,08-08-2026,7,0,0,,FALSE,TRUE
IN63 7227,INNATE,0,REBECCA,08-08-2026,2,0,0,,FALSE,TRUE
IN64 7249,INNATE,0,REBECCA,08-08-2026,1,0,0,,FALSE,TRUE
IN67 7222,INNATE,0,REBECCA,08-08-2026,6,0,0,,FALSE,TRUE
IN67 7224 OLD,INNATE,0,REBECCA,08-08-2026,6,0,0,,FALSE,TRUE
IN69 7293,INNATE,0,REBECCA,08-08-2026,1,0,0,,FALSE,TRUE
IN72 7245,INNATE,0,REBECCA,08-08-2026,5,0,0,,FALSE,TRUE
IN83 7285,INNATE,0,REBECCA,08-08-2026,4,0,0,,FALSE,TRUE
IN83 7289,INNATE,0,REBECCA,08-08-2026,4,0,0,,FALSE,TRUE
IN83 7290,INNATE,0,REBECCA,08-08-2026,5,0,0,,FALSE,TRUE
IN86 7234,INNATE,0,REBECCA,08-08-2026,6,0,0,,FALSE,TRUE
IN86 7235,INNATE,0,REBECCA,08-08-2026,6,0,0,,FALSE,TRUE
IN116 7228 OLD,INNATE,0,REBECCA,08-08-2026,7,0,0,,FALSE,TRUE
IN116 7232 OLD,INNATE,0,REBECCA,08-08-2026,7,0,0,,FALSE,TRUE
IN116 7249,INNATE,0,REBECCA,08-08-2026,0,0,0,,FALSE,TRUE
IN116 7250,INNATE,0,REBECCA,08-08-2026,0,0,0,,FALSE,TRUE
IN117 7286,INNATE,0,REBECCA,08-08-2026,6,0,0,,FALSE,TRUE
IN117 7289,INNATE,0,REBECCA,08-08-2026,5,0,0,,FALSE,TRUE
IN117 7290,INNATE,0,REBECCA,08-08-2026,3,0,0,,FALSE,TRUE
IN118 7238,INNATE,0,REBECCA,08-08-2026,0,0,0,,FALSE,TRUE
HG 5212 RED,INNATE,0,REBECCA,08-08-2026,4,0,0,,FALSE,TRUE
HG 5218 BLUE,INNATE,0,REBECCA,08-08-2026,6,0,0,,FALSE,TRUE
HG 7218,INNATE,0,REBECCA,08-08-2026,9,0,0,,FALSE,TRUE
HG 7223,INNATE,0,REBECCA,08-08-2026,5,0,0,,FALSE,TRUE
HG 7227,INNATE,0,REBECCA,08-08-2026,2,0,0,,FALSE,TRUE
HG 7229,INNATE,0,REBECCA,08-08-2026,2,0,0,,FALSE,TRUE
HG 7233,INNATE,0,REBECCA,08-08-2026,0,0,0,,FALSE,TRUE
HG 7235,INNATE,0,REBECCA,08-08-2026,2,0,0,,FALSE,TRUE
HG 7237,INNATE,0,REBECCA,08-08-2026,0,0,0,,FALSE,TRUE
HG 7238,INNATE,0,REBECCA,08-08-2026,4,0,0,,FALSE,TRUE
HG 7240,INNATE,0,REBECCA,08-08-2026,1,0,0,,FALSE,TRUE
HG 7243,INNATE,0,REBECCA,08-08-2026,1,0,0,,FALSE,TRUE
HG 7244,INNATE,0,REBECCA,08-08-2026,0,0,0,,FALSE,TRUE
HG 7251,INNATE,0,REBECCA,08-08-2026,7,0,0,,FALSE,TRUE
HG 7252,INNATE,0,REBECCA,08-08-2026,3,0,0,,FALSE,TRUE
HG 7286,INNATE,0,REBECCA,08-08-2026,0,0,0,,FALSE,TRUE
HG 7290,INNATE,0,REBECCA,08-08-2026,6,0,0,,FALSE,TRUE
HG 7296,INNATE,0,REBECCA,08-08-2026,2,0,0,,FALSE,TRUE
SF 5201 WHITE,INNATE,0,REBECCA,08-08-2026,0,0,0,,FALSE,TRUE
SF 5202 OW,INNATE,0,REBECCA,08-08-2026,1,0,0,,FALSE,TRUE
SF 5203 OLD,INNATE,0,REBECCA,08-08-2026,1,0,0,,FALSE,TRUE
SF 5207 DARK BLUE,INNATE,0,REBECCA,08-08-2026,6,0,0,,FALSE,TRUE
SF 5209 COFFEE,INNATE,0,REBECCA,08-08-2026,1,0,0,,FALSE,TRUE
SF 5210 ORANGE,INNATE,0,REBECCA,08-08-2026,3,0,0,,FALSE,TRUE
SF 5212 RED,INNATE,0,REBECCA,08-08-2026,1,0,0,,FALSE,TRUE
SF 5213 PINK,INNATE,0,REBECCA,08-08-2026,0,0,0,,FALSE,TRUE
SF 5214 PERPAL,INNATE,0,REBECCA,08-08-2026,4,0,0,,FALSE,TRUE
SF 5215 PARROT GREEN,INNATE,0,REBECCA,08-08-2026,1,0,0,,FALSE,TRUE
SF 5216 BLACK,INNATE,0,REBECCA,08-08-2026,1,0,0,,FALSE,TRUE
SF 7237,INNATE,0,REBECCA,08-08-2026,4,0,0,,FALSE,TRUE
SF 7244,INNATE,0,REBECCA,08-08-2026,2,0,0,,FALSE,TRUE
S09 9282 OLD,REAL TOUCH,0,RANGOLI LAMINATES PVT. LTD.,08-08-2026,4,0,0,,FALSE,TRUE
S09 9283 OLD,REAL TOUCH,0,RANGOLI LAMINATES PVT. LTD.,08-08-2026,2,3,0,,FALSE,TRUE
S09 9680,REAL TOUCH,0,RANGOLI LAMINATES PVT. LTD.,08-08-2026,2,0,0,,FALSE,TRUE
S09 9681,REAL TOUCH,0,RANGOLI LAMINATES PVT. LTD.,08-08-2026,3,0,0,,FALSE,TRUE
S09 9718,REAL TOUCH,0,RANGOLI LAMINATES PVT. LTD.,08-08-2026,6,0,0,,FALSE,TRUE
S14 9445 OLD,REAL TOUCH,0,RANGOLI LAMINATES PVT. LTD.,08-08-2026,0,2,0,,FALSE,TRUE
S17 9396,REAL TOUCH,0,RANGOLI LAMINATES PVT. LTD.,08-08-2026,3,0,0,,FALSE,TRUE
S19 9445 OLD,REAL TOUCH,0,RANGOLI LAMINATES PVT. LTD.,08-08-2026,7,0,0,,FALSE,TRUE
S38 9445 OLD,REAL TOUCH,0,RANGOLI LAMINATES PVT. LTD.,08-08-2026,1,0,0,,FALSE,TRUE
S38 9579,REAL TOUCH,0,RANGOLI LAMINATES PVT. LTD.,08-08-2026,1,0,0,,FALSE,TRUE
S38 9581 OLD,REAL TOUCH,0,RANGOLI LAMINATES PVT. LTD.,08-08-2026,1,0,0,,FALSE,TRUE
S41 9445 OLD,REAL TOUCH,0,RANGOLI LAMINATES PVT. LTD.,08-08-2026,3,0,0,,FALSE,TRUE
S41 9579 OLD,REAL TOUCH,0,RANGOLI LAMINATES PVT. LTD.,08-08-2026,1,0,0,,FALSE,TRUE
S42 4065 OLD,REAL TOUCH,0,RANGOLI LAMINATES PVT. LTD.,08-08-2026,4,0,0,,FALSE,TRUE
S42 4141,REAL TOUCH,0,RANGOLI LAMINATES PVT. LTD.,08-08-2026,2,0,0,,FALSE,TRUE
S42 4170,REAL TOUCH,0,RANGOLI LAMINATES PVT. LTD.,08-08-2026,1,0,0,,FALSE,TRUE
S42 4191,REAL TOUCH,0,RANGOLI LAMINATES PVT. LTD.,08-08-2026,1,0,0,,FALSE,TRUE
S42 9588 OLD,REAL TOUCH,0,RANGOLI LAMINATES PVT. LTD.,08-08-2026,1,0,0,,FALSE,TRUE
S42 9667,REAL TOUCH,0,RANGOLI LAMINATES PVT. LTD.,08-08-2026,1,0,0,,FALSE,TRUE
S42 9699,REAL TOUCH,0,RANGOLI LAMINATES PVT. LTD.,08-08-2026,2,0,0,,FALSE,TRUE
S44 9498,REAL TOUCH,0,RANGOLI LAMINATES PVT. LTD.,08-08-2026,2,0,0,,FALSE,TRUE
S45 9282 OLD,REAL TOUCH,0,RANGOLI LAMINATES PVT. LTD.,08-08-2026,0,0,0,,FALSE,TRUE
S46 9283 OLD,REAL TOUCH,0,RANGOLI LAMINATES PVT. LTD.,08-08-2026,2,0,0,,FALSE,TRUE
S48 9563 OLD,REAL TOUCH,0,RANGOLI LAMINATES PVT. LTD.,08-08-2026,7,0,0,,FALSE,TRUE
S48 9688 OLD,REAL TOUCH,0,RANGOLI LAMINATES PVT. LTD.,08-08-2026,2,0,0,,FALSE,TRUE
S52 9582 OLD,REAL TOUCH,0,RANGOLI LAMINATES PVT. LTD.,08-08-2026,1,0,0,,FALSE,TRUE
S52 9649,REAL TOUCH,0,RANGOLI LAMINATES PVT. LTD.,08-08-2026,1,0,0,,FALSE,TRUE
S54 9581 OLD,REAL TOUCH,0,RANGOLI LAMINATES PVT. LTD.,08-08-2026,1,0,0,,FALSE,TRUE
S54 9726,REAL TOUCH,0,RANGOLI LAMINATES PVT. LTD.,08-08-2026,4,0,0,,FALSE,TRUE
S54 9727,REAL TOUCH,0,RANGOLI LAMINATES PVT. LTD.,08-08-2026,5,0,0,,FALSE,TRUE
S56 9560 OLD,REAL TOUCH,0,RANGOLI LAMINATES PVT. LTD.,08-08-2026,1,0,0,,FALSE,TRUE
S56 9579 OLD,REAL TOUCH,0,RANGOLI LAMINATES PVT. LTD.,08-08-2026,1,0,0,,FALSE,TRUE
S56 9725,REAL TOUCH,0,RANGOLI LAMINATES PVT. LTD.,08-08-2026,1,0,0,,FALSE,TRUE
S57 4065 OLD,REAL TOUCH,0,RANGOLI LAMINATES PVT. LTD.,08-08-2026,2,0,0,,FALSE,TRUE
S57 4135 OLD,REAL TOUCH,0,RANGOLI LAMINATES PVT. LTD.,08-08-2026,4,0,0,,FALSE,TRUE
S57 4138 OLD,REAL TOUCH,0,RANGOLI LAMINATES PVT. LTD.,08-08-2026,7,0,0,,FALSE,TRUE
S57 4142 OLD,REAL TOUCH,0,RANGOLI LAMINATES PVT. LTD.,08-08-2026,1,0,0,,FALSE,TRUE
S58 9632 OLD,REAL TOUCH,0,RANGOLI LAMINATES PVT. LTD.,08-08-2026,1,0,0,,FALSE,TRUE
S58 9635 OLD,REAL TOUCH,0,RANGOLI LAMINATES PVT. LTD.,08-08-2026,1,0,0,,FALSE,TRUE
S61 4129,REAL TOUCH,0,RANGOLI LAMINATES PVT. LTD.,08-08-2026,2,0,0,,FALSE,TRUE
S61 4150,REAL TOUCH,0,RANGOLI LAMINATES PVT. LTD.,08-08-2026,0,0,0,,FALSE,TRUE
S61 9642 OLD,REAL TOUCH,0,RANGOLI LAMINATES PVT. LTD.,08-08-2026,1,0,0,,FALSE,TRUE
S63 9697 OLD,REAL TOUCH,0,RANGOLI LAMINATES PVT. LTD.,08-08-2026,1,0,0,,FALSE,TRUE
S64 9679,REAL TOUCH,0,RANGOLI LAMINATES PVT. LTD.,08-08-2026,5,0,0,,FALSE,TRUE
S72 9673,REAL TOUCH,0,RANGOLI LAMINATES PVT. LTD.,08-08-2026,2,0,0,,FALSE,TRUE
S77 9645,REAL TOUCH,0,RANGOLI LAMINATES PVT. LTD.,08-08-2026,5,0,0,,FALSE,TRUE
SF 4001 WHITE,REAL TOUCH,0,RANGOLI LAMINATES PVT. LTD.,08-08-2026,1,0,0,,FALSE,TRUE
SF 4007 BLACK,REAL TOUCH,0,RANGOLI LAMINATES PVT. LTD.,08-08-2026,2,0,0,,FALSE,TRUE
SF 4054 MUSTER YELLOW,REAL TOUCH,0,RANGOLI LAMINATES PVT. LTD.,08-08-2026,5,0,0,,FALSE,TRUE
SF 4082 PARROT GREEN,REAL TOUCH,0,RANGOLI LAMINATES PVT. LTD.,08-08-2026,2,0,0,,FALSE,TRUE
SF 4083 MIDNIGHT BLUE,REAL TOUCH,0,RANGOLI LAMINATES PVT. LTD.,08-08-2026,7,0,0,,FALSE,TRUE
SF 4120,REAL TOUCH,0,RANGOLI LAMINATES PVT. LTD.,08-08-2026,1,0,0,,FALSE,TRUE
SF 4135,REAL TOUCH,0,RANGOLI LAMINATES PVT. LTD.,08-08-2026,5,0,0,,FALSE,TRUE
SF 4138,REAL TOUCH,0,RANGOLI LAMINATES PVT. LTD.,08-08-2026,0,0,0,,FALSE,TRUE
SF 4139,REAL TOUCH,0,RANGOLI LAMINATES PVT. LTD.,08-08-2026,2,0,0,,FALSE,TRUE
SF 4142,REAL TOUCH,0,RANGOLI LAMINATES PVT. LTD.,08-08-2026,1,0,0,,FALSE,TRUE
SF 4163,REAL TOUCH,0,RANGOLI LAMINATES PVT. LTD.,08-08-2026,2,0,0,,FALSE,TRUE
SF 4166 YELLOW,REAL TOUCH,0,RANGOLI LAMINATES PVT. LTD.,08-08-2026,1,0,0,,FALSE,TRUE
SF 4168,REAL TOUCH,0,RANGOLI LAMINATES PVT. LTD.,08-08-2026,3,0,0,,FALSE,TRUE
SF 4170 DARK GREY,REAL TOUCH,0,RANGOLI LAMINATES PVT. LTD.,08-08-2026,3,0,0,,FALSE,TRUE
SF 4171 LIGHT GREY,REAL TOUCH,0,RANGOLI LAMINATES PVT. LTD.,08-08-2026,1,0,0,,FALSE,TRUE
SF 4172,REAL TOUCH,0,RANGOLI LAMINATES PVT. LTD.,08-08-2026,2,0,0,,FALSE,TRUE
SF 4173,REAL TOUCH,0,RANGOLI LAMINATES PVT. LTD.,08-08-2026,2,0,0,,FALSE,TRUE
SF 4175,REAL TOUCH,0,RANGOLI LAMINATES PVT. LTD.,08-08-2026,1,0,0,,FALSE,TRUE
SF 4177,REAL TOUCH,0,RANGOLI LAMINATES PVT. LTD.,08-08-2026,4,0,0,,FALSE,TRUE
SF 4178,REAL TOUCH,0,RANGOLI LAMINATES PVT. LTD.,08-08-2026,3,2,0,,FALSE,TRUE
SF 4184 RED BROWN,REAL TOUCH,0,RANGOLI LAMINATES PVT. LTD.,08-08-2026,1,0,0,,FALSE,TRUE
SF 4185,REAL TOUCH,0,RANGOLI LAMINATES PVT. LTD.,08-08-2026,2,0,0,,FALSE,TRUE
SF 4186 OLD,REAL TOUCH,0,RANGOLI LAMINATES PVT. LTD.,08-08-2026,1,0,0,,FALSE,TRUE
SF 9492,REAL TOUCH,0,RANGOLI LAMINATES PVT. LTD.,08-08-2026,4,0,0,,FALSE,TRUE
SF 9581 OLD,REAL TOUCH,0,RANGOLI LAMINATES PVT. LTD.,08-08-2026,1,0,0,,FALSE,TRUE
SF 9612,REAL TOUCH,0,RANGOLI LAMINATES PVT. LTD.,08-08-2026,3,0,0,,FALSE,TRUE
SF 9626 OLD,REAL TOUCH,0,RANGOLI LAMINATES PVT. LTD.,08-08-2026,5,0,0,,FALSE,TRUE
SF 9696 OLD,REAL TOUCH,0,RANGOLI LAMINATES PVT. LTD.,08-08-2026,4,0,0,,FALSE,TRUE
SF 9697,REAL TOUCH,0,RANGOLI LAMINATES PVT. LTD.,08-08-2026,4,0,0,,FALSE,TRUE
MT 4146 OLD,REAL TOUCH,0,RANGOLI LAMINATES PVT. LTD.,08-08-2026,1,0,0,,FALSE,TRUE
T03 4075,REAL TOUCH,0,RANGOLI LAMINATES PVT. LTD.,08-08-2026,2,0,0,,FALSE,TRUE
T07 4061,REAL TOUCH,0,RANGOLI LAMINATES PVT. LTD.,08-08-2026,2,0,0,,FALSE,TRUE
T10 4007,REAL TOUCH,0,RANGOLI LAMINATES PVT. LTD.,08-08-2026,2,0,0,,FALSE,TRUE
T16 4001,REAL TOUCH,0,RANGOLI LAMINATES PVT. LTD.,08-08-2026,2,0,0,,FALSE,TRUE
T16 4120,REAL TOUCH,0,RANGOLI LAMINATES PVT. LTD.,08-08-2026,1,0,0,,FALSE,TRUE
T16 4125,REAL TOUCH,0,RANGOLI LAMINATES PVT. LTD.,08-08-2026,2,0,0,,FALSE,TRUE
CR 4119 OLD,REAL TOUCH,0,RANGOLI LAMINATES PVT. LTD.,08-08-2026,1,0,0,,FALSE,TRUE
S42 VT182,REAL TOUCH,0,RANGOLI LAMINATES PVT. LTD.,08-08-2026,1,0,0,,FALSE,TRUE
HG 4018,REAL TOUCH,0,RANGOLI LAMINATES PVT. LTD.,08-08-2026,2,0,0,,FALSE,TRUE
HG 4014,REAL TOUCH,0,RANGOLI LAMINATES PVT. LTD.,08-08-2026,8,0,0,,FALSE,TRUE
HG 4054,REAL TOUCH,0,RANGOLI LAMINATES PVT. LTD.,08-08-2026,2,0,0,,FALSE,TRUE
HG 4058,REAL TOUCH,0,RANGOLI LAMINATES PVT. LTD.,08-08-2026,4,0,0,,FALSE,TRUE
HG 4059,REAL TOUCH,0,RANGOLI LAMINATES PVT. LTD.,08-08-2026,1,0,0,,FALSE,TRUE
HG 4072,REAL TOUCH,0,RANGOLI LAMINATES PVT. LTD.,08-08-2026,4,0,0,,FALSE,TRUE
HG 4081,REAL TOUCH,0,RANGOLI LAMINATES PVT. LTD.,08-08-2026,2,0,0,,FALSE,TRUE
HG 4082,REAL TOUCH,0,RANGOLI LAMINATES PVT. LTD.,08-08-2026,2,0,0,,FALSE,TRUE
HG 4083,REAL TOUCH,0,RANGOLI LAMINATES PVT. LTD.,08-08-2026,2,0,0,,FALSE,TRUE
HG 4086,REAL TOUCH,0,RANGOLI LAMINATES PVT. LTD.,08-08-2026,2,0,0,,FALSE,TRUE
HG 4104,REAL TOUCH,0,RANGOLI LAMINATES PVT. LTD.,08-08-2026,3,0,0,,FALSE,TRUE
HG 4108,REAL TOUCH,0,RANGOLI LAMINATES PVT. LTD.,08-08-2026,2,0,0,,FALSE,TRUE
HG 4110,REAL TOUCH,0,RANGOLI LAMINATES PVT. LTD.,08-08-2026,1,0,0,,FALSE,TRUE
HG 4115,REAL TOUCH,0,RANGOLI LAMINATES PVT. LTD.,08-08-2026,4,0,0,,FALSE,TRUE
HG 4120,REAL TOUCH,0,RANGOLI LAMINATES PVT. LTD.,08-08-2026,2,0,0,,FALSE,TRUE
HG 4130,REAL TOUCH,0,RANGOLI LAMINATES PVT. LTD.,08-08-2026,1,0,0,,FALSE,TRUE
HG 4138,REAL TOUCH,0,RANGOLI LAMINATES PVT. LTD.,08-08-2026,1,0,0,,FALSE,TRUE
HG 4143,REAL TOUCH,0,RANGOLI LAMINATES PVT. LTD.,08-08-2026,3,0,0,,FALSE,TRUE
HG 4157 OLD,REAL TOUCH,0,RANGOLI LAMINATES PVT. LTD.,08-08-2026,3,0,0,,FALSE,TRUE
HG 4160,REAL TOUCH,0,RANGOLI LAMINATES PVT. LTD.,08-08-2026,3,0,0,,FALSE,TRUE
HG 4163,REAL TOUCH,0,RANGOLI LAMINATES PVT. LTD.,08-08-2026,3,0,0,,FALSE,TRUE
HG 4165,REAL TOUCH,0,RANGOLI LAMINATES PVT. LTD.,08-08-2026,6,0,0,,FALSE,TRUE
HG 4166,REAL TOUCH,0,RANGOLI LAMINATES PVT. LTD.,08-08-2026,3,0,0,,FALSE,TRUE
HG 4168,REAL TOUCH,0,RANGOLI LAMINATES PVT. LTD.,08-08-2026,5,0,0,,FALSE,TRUE
HG 4172,REAL TOUCH,0,RANGOLI LAMINATES PVT. LTD.,08-08-2026,8,0,0,,FALSE,TRUE
HG 4174,REAL TOUCH,0,RANGOLI LAMINATES PVT. LTD.,08-08-2026,1,0,0,,FALSE,TRUE
HG 4175,REAL TOUCH,0,RANGOLI LAMINATES PVT. LTD.,08-08-2026,1,0,0,,FALSE,TRUE
HG 4177,REAL TOUCH,0,RANGOLI LAMINATES PVT. LTD.,08-08-2026,4,0,0,,FALSE,TRUE
HG 4182,REAL TOUCH,0,RANGOLI LAMINATES PVT. LTD.,08-08-2026,2,0,0,,FALSE,TRUE
HG 4185,REAL TOUCH,0,RANGOLI LAMINATES PVT. LTD.,08-08-2026,3,0,0,,FALSE,TRUE
HG 9667,REAL TOUCH,0,RANGOLI LAMINATES PVT. LTD.,08-08-2026,1,0,0,,FALSE,TRUE
HG 9683,REAL TOUCH,0,RANGOLI LAMINATES PVT. LTD.,08-08-2026,8,0,0,,FALSE,TRUE
HG 9687,REAL TOUCH,0,RANGOLI LAMINATES PVT. LTD.,08-08-2026,5,0,0,,FALSE,TRUE
HG 9688,REAL TOUCH,0,RANGOLI LAMINATES PVT. LTD.,08-08-2026,0,1,0,,FALSE,TRUE
HG 9708,REAL TOUCH,0,RANGOLI LAMINATES PVT. LTD.,08-08-2026,0,0,1,,FALSE,TRUE
HG 9709,REAL TOUCH,0,RANGOLI LAMINATES PVT. LTD.,08-08-2026,0,0,1,,FALSE,TRUE
HG 9710,REAL TOUCH,0,RANGOLI LAMINATES PVT. LTD.,08-08-2026,0,0,1,,FALSE,TRUE
HG 9711,REAL TOUCH,0,RANGOLI LAMINATES PVT. LTD.,08-08-2026,0,0,0,,FALSE,TRUE
E16 1135 OLD,REAL PLUS,0,KETONE LAMINATES LLP,08-08-2026,3,0,0,,FALSE,TRUE
E16 1136 OLD,REAL PLUS,0,KETONE LAMINATES LLP,08-08-2026,8,0,0,,FALSE,TRUE
E16 563 OLD,REAL PLUS,0,KETONE LAMINATES LLP,08-08-2026,7,0,0,,FALSE,TRUE
E25 563,REAL PLUS,0,KETONE LAMINATES LLP,08-08-2026,3,0,0,,FALSE,TRUE
E26 1138,REAL PLUS,0,KETONE LAMINATES LLP,08-08-2026,5,0,0,,FALSE,TRUE
E26 507,REAL PLUS,0,KETONE LAMINATES LLP,08-08-2026,2,2,0,,FALSE,TRUE
E26 563,REAL PLUS,0,KETONE LAMINATES LLP,08-08-2026,7,0,0,,FALSE,TRUE
E26 576,REAL PLUS,0,KETONE LAMINATES LLP,08-08-2026,5,1,0,,FALSE,TRUE
E27 563 OLD,REAL PLUS,0,KETONE LAMINATES LLP,08-08-2026,7,2,0,,FALSE,TRUE
E28 563 ,REAL PLUS,0,KETONE LAMINATES LLP,08-08-2026,8,0,0,,FALSE,TRUE
E28 1079 OLD,REAL PLUS,0,KETONE LAMINATES LLP,08-08-2026,5,0,0,,FALSE,TRUE
E30 1142,REAL PLUS,0,KETONE LAMINATES LLP,08-08-2026,5,1,0,,FALSE,TRUE
E30 1185,REAL PLUS,0,KETONE LAMINATES LLP,08-08-2026,6,0,0,,FALSE,TRUE
E30 1186,REAL PLUS,0,KETONE LAMINATES LLP,08-08-2026,4,0,0,,FALSE,TRUE
E34 1144,REAL PLUS,0,KETONE LAMINATES LLP,08-08-2026,7,0,0,,FALSE,TRUE
E34 1146,REAL PLUS,0,KETONE LAMINATES LLP,08-08-2026,7,0,0,,FALSE,TRUE
E36 563,REAL PLUS,0,KETONE LAMINATES LLP,08-08-2026,5,0,0,,FALSE,TRUE
E38 1145,REAL PLUS,0,KETONE LAMINATES LLP,08-08-2026,1,0,0,,FALSE,TRUE
E38 1146,REAL PLUS,0,KETONE LAMINATES LLP,08-08-2026,0,0,0,,FALSE,TRUE
E38 1196,REAL PLUS,0,KETONE LAMINATES LLP,08-08-2026,5,1,0,,FALSE,TRUE
E38 2030 OLD,REAL PLUS,0,KETONE LAMINATES LLP,08-08-2026,8,0,0,,FALSE,TRUE
E39 1188 OLD,REAL PLUS,0,KETONE LAMINATES LLP,08-08-2026,1,0,0,,FALSE,TRUE
E39 509,REAL PLUS,0,KETONE LAMINATES LLP,08-08-2026,3,0,0,,FALSE,TRUE
E39 563,REAL PLUS,0,KETONE LAMINATES LLP,08-08-2026,7,0,0,,FALSE,TRUE
E39 1085,REAL PLUS,0,KETONE LAMINATES LLP,08-08-2026,7,0,0,,FALSE,TRUE
E39 1139,REAL PLUS,0,KETONE LAMINATES LLP,08-08-2026,7,0,0,,FALSE,TRUE
E40 1144,REAL PLUS,0,KETONE LAMINATES LLP,08-08-2026,3,0,0,,FALSE,TRUE
E41 1122 OLD,REAL PLUS,0,KETONE LAMINATES LLP,08-08-2026,6,0,0,,FALSE,TRUE
E43 588 OLD,REAL PLUS,0,KETONE LAMINATES LLP,08-08-2026,4,0,0,,FALSE,TRUE
E44 1188 OLD,REAL PLUS,0,KETONE LAMINATES LLP,08-08-2026,3,0,0,,FALSE,TRUE
E44 1196,REAL PLUS,0,KETONE LAMINATES LLP,08-08-2026,2,0,0,,FALSE,TRUE
E44 563,REAL PLUS,0,KETONE LAMINATES LLP,08-08-2026,3,0,0,,FALSE,TRUE
E46 1187 OLD,REAL PLUS,0,KETONE LAMINATES LLP,08-08-2026,3,0,0,,FALSE,TRUE
E46 2032 OLD,REAL PLUS,0,KETONE LAMINATES LLP,08-08-2026,4,0,0,,FALSE,TRUE
E47 1077,REAL PLUS,0,KETONE LAMINATES LLP,08-08-2026,6,0,0,,FALSE,TRUE
E47 1144,REAL PLUS,0,KETONE LAMINATES LLP,08-08-2026,9,1,0,,FALSE,TRUE
E47 1169,REAL PLUS,0,KETONE LAMINATES LLP,08-08-2026,4,0,0,,FALSE,TRUE
E47 563,REAL PLUS,0,KETONE LAMINATES LLP,08-08-2026,4,1,0,,FALSE,TRUE
E48 534,REAL PLUS,0,KETONE LAMINATES LLP,08-08-2026,5,0,0,,FALSE,TRUE
E49 2013 OLD,REAL PLUS,0,KETONE LAMINATES LLP,08-08-2026,2,0,0,,FALSE,TRUE
E49 507,REAL PLUS,0,KETONE LAMINATES LLP,08-08-2026,2,0,0,,FALSE,TRUE
E51 563,REAL PLUS,0,KETONE LAMINATES LLP,08-08-2026,0,1,0,,FALSE,TRUE
E52 563,REAL PLUS,0,KETONE LAMINATES LLP,08-08-2026,4,0,0,,FALSE,TRUE
E58 1144,REAL PLUS,0,KETONE LAMINATES LLP,08-08-2026,11,0,0,,FALSE,TRUE
E58 1146,REAL PLUS,0,KETONE LAMINATES LLP,08-08-2026,5,0,0,,FALSE,TRUE
HG 1072 OLD,REAL PLUS,0,KETONE LAMINATES LLP,08-08-2026,3,0,0,,FALSE,TRUE
HG 1140,REAL PLUS,0,KETONE LAMINATES LLP,08-08-2026,6,0,0,,FALSE,TRUE
HG 1144,REAL PLUS,0,KETONE LAMINATES LLP,08-08-2026,7,0,0,,FALSE,TRUE
HG 1145,REAL PLUS,0,KETONE LAMINATES LLP,08-08-2026,0,0,0,,FALSE,TRUE
HG 1146,REAL PLUS,0,KETONE LAMINATES LLP,08-08-2026,6,0,0,,FALSE,TRUE
HG 1196,REAL PLUS,0,KETONE LAMINATES LLP,08-08-2026,3,2,0,,FALSE,TRUE
HG 2002 OLD,REAL PLUS,0,KETONE LAMINATES LLP,08-08-2026,3,0,0,,FALSE,TRUE
HG 2003 OLD,REAL PLUS,0,KETONE LAMINATES LLP,08-08-2026,7,0,0,,FALSE,TRUE
HG 2023 OLD,REAL PLUS,0,KETONE LAMINATES LLP,08-08-2026,7,0,0,,FALSE,TRUE
HG 2026 OLD,REAL PLUS,0,KETONE LAMINATES LLP,08-08-2026,3,0,0,,FALSE,TRUE
HG 2028 OLD,REAL PLUS,0,KETONE LAMINATES LLP,08-08-2026,4,0,0,,FALSE,TRUE
HG 526,REAL PLUS,0,KETONE LAMINATES LLP,08-08-2026,4,0,0,,FALSE,TRUE
HG 592,REAL PLUS,0,KETONE LAMINATES LLP,08-08-2026,3,0,0,,FALSE,TRUE
HG 599,REAL PLUS,0,KETONE LAMINATES LLP,08-08-2026,3,0,0,,FALSE,TRUE
HG 604,REAL PLUS,0,KETONE LAMINATES LLP,08-08-2026,6,0,0,,FALSE,TRUE
HG 608,REAL PLUS,0,KETONE LAMINATES LLP,08-08-2026,3,0,0,,FALSE,TRUE
HG 609,REAL PLUS,0,KETONE LAMINATES LLP,08-08-2026,1,0,0,,FALSE,TRUE
SF 1136,REAL PLUS,0,KETONE LAMINATES LLP,08-08-2026,4,0,0,,FALSE,TRUE
SF 1149,REAL PLUS,0,KETONE LAMINATES LLP,08-08-2026,0,0,0,,FALSE,TRUE
SF 2001 OLD,REAL PLUS,0,KETONE LAMINATES LLP,08-08-2026,2,0,0,,FALSE,TRUE
SF 2026 OLD,REAL PLUS,0,KETONE LAMINATES LLP,08-08-2026,12,0,0,,FALSE,TRUE
SF 2029 OLD,REAL PLUS,0,KETONE LAMINATES LLP,08-08-2026,3,1,0,,FALSE,TRUE
SF 505,REAL PLUS,0,KETONE LAMINATES LLP,08-08-2026,1,0,0,,FALSE,TRUE
SF 526,REAL PLUS,0,KETONE LAMINATES LLP,08-08-2026,6,1,0,,FALSE,TRUE
SF 592,REAL PLUS,0,KETONE LAMINATES LLP,08-08-2026,0,0,0,,FALSE,TRUE
SF 599,REAL PLUS,0,KETONE LAMINATES LLP,08-08-2026,5,0,0,,FALSE,TRUE
SF 604,REAL PLUS,0,KETONE LAMINATES LLP,08-08-2026,1,0,0,,FALSE,TRUE
SF 608,REAL PLUS,0,KETONE LAMINATES LLP,08-08-2026,12,0,0,,FALSE,TRUE
SF 609,REAL PLUS,0,KETONE LAMINATES LLP,08-08-2026,3,0,0,,FALSE,TRUE
SF 937,REAL PLUS,0,KETONE LAMINATES LLP,08-08-2026,0,1,0,,FALSE,TRUE
MT 616,REAL PLUS,0,KETONE LAMINATES LLP,08-08-2026,1,0,0,,FALSE,TRUE
K11 3015,KIWI DECOR,0,KETONE LAMINATES LLP,08-08-2026,6,0,1,,FALSE,TRUE
K11 3016,KIWI DECOR,0,KETONE LAMINATES LLP,08-08-2026,8,0,1,,FALSE,TRUE
K11 3026,KIWI DECOR,0,KETONE LAMINATES LLP,08-08-2026,5,0,1,,FALSE,TRUE
K14 3010 OLD,KIWI DECOR,0,KETONE LAMINATES LLP,08-08-2026,4,0,0,,FALSE,TRUE
K15 3034,KIWI DECOR,0,KETONE LAMINATES LLP,08-08-2026,3,1,1,,FALSE,TRUE
K16 3503,KIWI DECOR,0,KETONE LAMINATES LLP,08-08-2026,3,0,1,,FALSE,TRUE
K18 3045,KIWI DECOR,0,KETONE LAMINATES LLP,08-08-2026,4,0,1,,FALSE,TRUE
K19 3511 OLD,KIWI DECOR,0,KETONE LAMINATES LLP,08-08-2026,4,0,0,,FALSE,TRUE
K20 3510 OLD,KIWI DECOR,0,KETONE LAMINATES LLP,08-08-2026,4,0,0,,FALSE,TRUE
K20 3511 OLD,KIWI DECOR,0,KETONE LAMINATES LLP,08-08-2026,3,0,0,,FALSE,TRUE
K20 3526 OLD,KIWI DECOR,0,KETONE LAMINATES LLP,08-08-2026,4,0,0,,FALSE,TRUE
K20 3527 OLD,KIWI DECOR,0,KETONE LAMINATES LLP,08-08-2026,0,0,0,,FALSE,TRUE
K21 3003 OLD,KIWI DECOR,0,KETONE LAMINATES LLP,08-08-2026,0,0,0,,FALSE,TRUE
K21 3004 OLD,KIWI DECOR,0,KETONE LAMINATES LLP,08-08-2026,2,0,0,,FALSE,TRUE
K21 3029 OLD,KIWI DECOR,0,KETONE LAMINATES LLP,08-08-2026,5,0,0,,FALSE,TRUE
K22 3024 OLD,KIWI DECOR,0,KETONE LAMINATES LLP,08-08-2026,1,0,0,,FALSE,TRUE
K22 3033 OLD,KIWI DECOR,0,KETONE LAMINATES LLP,08-08-2026,6,0,0,,FALSE,TRUE
K22 3041 OLD,KIWI DECOR,0,KETONE LAMINATES LLP,08-08-2026,3,0,0,,FALSE,TRUE
K22 3042 OLD,KIWI DECOR,0,KETONE LAMINATES LLP,08-08-2026,0,0,0,,FALSE,TRUE
K23 3508,KIWI DECOR,0,KETONE LAMINATES LLP,08-08-2026,6,0,1,,FALSE,TRUE
K24 3508 OLD,KIWI DECOR,0,KETONE LAMINATES LLP,08-08-2026,3,0,0,,FALSE,TRUE
K25 3029 OLD,KIWI DECOR,0,KETONE LAMINATES LLP,08-08-2026,0,0,0,,FALSE,TRUE
K25 3508 OLD,KIWI DECOR,0,KETONE LAMINATES LLP,08-08-2026,1,0,0,,FALSE,TRUE
K26 3013 OLD,KIWI DECOR,0,KETONE LAMINATES LLP,08-08-2026,4,0,0,,FALSE,TRUE
K27 3029 OLD,KIWI DECOR,0,KETONE LAMINATES LLP,08-08-2026,3,0,0,,FALSE,TRUE
K28 3032 OLD,KIWI DECOR,0,KETONE LAMINATES LLP,08-08-2026,4,0,0,,FALSE,TRUE
K28 3033 OLD,KIWI DECOR,0,KETONE LAMINATES LLP,08-08-2026,2,0,0,,FALSE,TRUE
K29 3034 OLD,KIWI DECOR,0,KETONE LAMINATES LLP,08-08-2026,2,0,0,,FALSE,TRUE
K30 3017,KIWI DECOR,0,KETONE LAMINATES LLP,08-08-2026,0,0,1,,FALSE,TRUE
K30 3018,KIWI DECOR,0,KETONE LAMINATES LLP,08-08-2026,1,0,0,,FALSE,TRUE
K32 3029,KIWI DECOR,0,KETONE LAMINATES LLP,08-08-2026,6,0,1,,FALSE,TRUE
SF 3015,KIWI DECOR,0,KETONE LAMINATES LLP,08-08-2026,7,0,0,,FALSE,TRUE
SF 3016,KIWI DECOR,0,KETONE LAMINATES LLP,08-08-2026,4,0,0,,FALSE,TRUE
SF 3017,KIWI DECOR,0,KETONE LAMINATES LLP,08-08-2026,1,0,0,,FALSE,TRUE
SF 3026,KIWI DECOR,0,KETONE LAMINATES LLP,08-08-2026,4,0,0,,FALSE,TRUE
SF 3029,KIWI DECOR,0,KETONE LAMINATES LLP,08-08-2026,4,0,0,,FALSE,TRUE
SF 3032,KIWI DECOR,0,KETONE LAMINATES LLP,08-08-2026,4,0,0,,FALSE,TRUE
SMT 3524,KIWI DECOR,0,KETONE LAMINATES LLP,08-08-2026,0,0,0,,FALSE,TRUE
Q19 8258 OLD,ROXX LAM,0,RANGOLI LAMINATES PVT. LTD.,08-08-2026,1,0,0,,FALSE,TRUE
Q23 8235 OLD,ROXX LAM,0,RANGOLI LAMINATES PVT. LTD.,08-08-2026,1,0,0,,FALSE,TRUE
Q23 8236 OLD,ROXX LAM,0,RANGOLI LAMINATES PVT. LTD.,08-08-2026,7,0,0,,FALSE,TRUE
Q38 8225 OLD,ROXX LAM,0,RANGOLI LAMINATES PVT. LTD.,08-08-2026,1,0,0,,FALSE,TRUE
Q42 8216 OLD,ROXX LAM,0,RANGOLI LAMINATES PVT. LTD.,08-08-2026,1,0,0,,FALSE,TRUE
Q43 8234 OLD,ROXX LAM,0,RANGOLI LAMINATES PVT. LTD.,08-08-2026,1,0,0,,FALSE,TRUE
Q46 8243 OLD,ROXX LAM,0,RANGOLI LAMINATES PVT. LTD.,08-08-2026,1,0,0,,FALSE,TRUE
Q48 8244 OLD,ROXX LAM,0,RANGOLI LAMINATES PVT. LTD.,08-08-2026,1,0,0,,FALSE,TRUE
Q53 8235 OLD,ROXX LAM,0,RANGOLI LAMINATES PVT. LTD.,08-08-2026,2,0,0,,FALSE,TRUE
Q53 8251 OLD,ROXX LAM,0,RANGOLI LAMINATES PVT. LTD.,08-08-2026,7,0,0,,FALSE,TRUE
Q55 8272 OLD,ROXX LAM,0,RANGOLI LAMINATES PVT. LTD.,08-08-2026,2,0,0,,FALSE,TRUE
SF 7070,ROXX LAM,0,RANGOLI LAMINATES PVT. LTD.,08-08-2026,1,0,0,,FALSE,TRUE
SF 8233,ROXX LAM,0,RANGOLI LAMINATES PVT. LTD.,08-08-2026,6,0,0,,FALSE,TRUE
AR 3011,FINE TOUCH LITE,0,SATVVA DECOR LLP,08-08-2026,6,0,0,,FALSE,TRUE
AR 3201,FINE TOUCH LITE,0,SATVVA DECOR LLP,08-08-2026,3,0,0,,FALSE,TRUE
AR 3214,FINE TOUCH LITE,0,SATVVA DECOR LLP,08-08-2026,2,0,0,,FALSE,TRUE
AR 3307,FINE TOUCH LITE,0,SATVVA DECOR LLP,08-08-2026,0,0,0,,FALSE,TRUE
AR 3310,FINE TOUCH LITE,0,SATVVA DECOR LLP,08-08-2026,0,0,0,,FALSE,TRUE
BO 3005,FINE TOUCH LITE,0,SATVVA DECOR LLP,08-08-2026,4,0,0,,FALSE,TRUE
BO 3011,FINE TOUCH LITE,0,SATVVA DECOR LLP,08-08-2026,4,1,1,,FALSE,TRUE
BO 3206,FINE TOUCH LITE,0,SATVVA DECOR LLP,08-08-2026,0,0,0,,FALSE,TRUE
BO 3212,FINE TOUCH LITE,0,SATVVA DECOR LLP,08-08-2026,5,0,1,,FALSE,TRUE
DG 100,FINE TOUCH LITE,0,SATVVA DECOR LLP,08-08-2026,4,0,0,,FALSE,TRUE
DT 3403,FINE TOUCH LITE,0,SATVVA DECOR LLP,08-08-2026,0,0,0,,FALSE,TRUE
DT 3404,FINE TOUCH LITE,0,SATVVA DECOR LLP,08-08-2026,0,0,0,,FALSE,TRUE
DT 3410,FINE TOUCH LITE,0,SATVVA DECOR LLP,08-08-2026,0,0,0,,FALSE,TRUE
EK 3010,FINE TOUCH LITE,0,SATVVA DECOR LLP,08-08-2026,6,0,0,,FALSE,TRUE
FD 3004,FINE TOUCH LITE,0,SATVVA DECOR LLP,08-08-2026,0,0,0,,FALSE,TRUE
FD 3211,FINE TOUCH LITE,0,SATVVA DECOR LLP,08-08-2026,0,1,0,,FALSE,TRUE
LR 3203,FINE TOUCH LITE,0,SATVVA DECOR LLP,08-08-2026,3,0,0,,FALSE,TRUE
LR 3208,FINE TOUCH LITE,0,SATVVA DECOR LLP,08-08-2026,4,0,1,,FALSE,TRUE
MD 3010,FINE TOUCH LITE,0,SATVVA DECOR LLP,08-08-2026,5,0,0,,FALSE,TRUE
MD 3204,FINE TOUCH LITE,0,SATVVA DECOR LLP,08-08-2026,5,0,0,,FALSE,TRUE
OD 3313,FINE TOUCH LITE,0,SATVVA DECOR LLP,08-08-2026,0,0,0,,FALSE,TRUE
OD 3318,FINE TOUCH LITE,0,SATVVA DECOR LLP,08-08-2026,5,1,0,,FALSE,TRUE
OD 3320,FINE TOUCH LITE,0,SATVVA DECOR LLP,08-08-2026,3,0,0,,FALSE,TRUE
QB 3204,FINE TOUCH LITE,0,SATVVA DECOR LLP,08-08-2026,5,0,0,,FALSE,TRUE
QB 3610,FINE TOUCH LITE,0,SATVVA DECOR LLP,08-08-2026,1,0,0,,FALSE,TRUE
RE 3207,FINE TOUCH LITE,0,SATVVA DECOR LLP,08-08-2026,0,0,0,,FALSE,TRUE
RE 3318,FINE TOUCH LITE,0,SATVVA DECOR LLP,08-08-2026,2,0,0,,FALSE,TRUE
TL 3004,FINE TOUCH LITE,0,SATVVA DECOR LLP,08-08-2026,7,1,0,,FALSE,TRUE
TL 3006,FINE TOUCH LITE,0,SATVVA DECOR LLP,08-08-2026,1,0,0,,FALSE,TRUE
TL 3012,FINE TOUCH LITE,0,SATVVA DECOR LLP,08-08-2026,5,0,0,,FALSE,TRUE
TL 3309,FINE TOUCH LITE,0,SATVVA DECOR LLP,08-08-2026,5,0,0,,FALSE,TRUE
TS 3310,FINE TOUCH LITE,0,SATVVA DECOR LLP,08-08-2026,2,0,0,,FALSE,TRUE
SGL 3603,FINE TOUCH LITE,0,SATVVA DECOR LLP,08-08-2026,4,0,0,,FALSE,TRUE
SGL 3604,FINE TOUCH LITE,0,SATVVA DECOR LLP,08-08-2026,2,0,0,,FALSE,TRUE
SGL 3605,FINE TOUCH LITE,0,SATVVA DECOR LLP,08-08-2026,2,0,0,,FALSE,TRUE
HGL 3208,FINE TOUCH LITE,0,SATVVA DECOR LLP,08-08-2026,0,0,0,,FALSE,TRUE
HGL 3305,FINE TOUCH LITE,0,SATVVA DECOR LLP,08-08-2026,2,0,0,,FALSE,TRUE
HGL 3320,FINE TOUCH LITE,0,SATVVA DECOR LLP,08-08-2026,3,0,0,,FALSE,TRUE
SF 3010,FINE TOUCH LITE,0,SATVVA DECOR LLP,08-08-2026,0,0,0,,FALSE,TRUE
SF 3204,FINE TOUCH LITE,0,SATVVA DECOR LLP,08-08-2026,1,0,0,,FALSE,TRUE
SF 3215,FINE TOUCH LITE,0,SATVVA DECOR LLP,08-08-2026,15,0,0,,FALSE,TRUE
SF 3305,FINE TOUCH LITE,0,SATVVA DECOR LLP,08-08-2026,0,0,0,,FALSE,TRUE
SF 3310,FINE TOUCH LITE,0,SATVVA DECOR LLP,08-08-2026,2,0,0,,FALSE,TRUE
SF 3318,FINE TOUCH LITE,0,SATVVA DECOR LLP,08-08-2026,6,0,0,,FALSE,TRUE
SF 3320,FINE TOUCH LITE,0,SATVVA DECOR LLP,08-08-2026,2,0,0,,FALSE,TRUE
BB 2072 OLD,FINOBLE,0,SATVVA DECOR LLP,08-08-2026,1,0,0,,FALSE,TRUE
BT 2001 OLD,FINOBLE,0,SATVVA DECOR LLP,08-08-2026,0,3,0,,FALSE,TRUE
CA 1014,FINOBLE,0,SATVVA DECOR LLP,08-08-2026,0,0,0,,FALSE,TRUE
CB 1006 OLD,FINOBLE,0,SATVVA DECOR LLP,08-08-2026,1,0,0,,FALSE,TRUE
CO 2096,FINOBLE,0,SATVVA DECOR LLP,08-08-2026,4,0,1,,FALSE,TRUE
CW 1092,FINOBLE,0,SATVVA DECOR LLP,08-08-2026,7,0,0,,FALSE,TRUE
EM 2074,FINOBLE,0,SATVVA DECOR LLP,08-08-2026,5,0,0,,FALSE,TRUE
GR 1081 HZ,FINOBLE,0,SATVVA DECOR LLP,08-08-2026,6,1,0,,FALSE,TRUE
GR 2064 HZ,FINOBLE,0,SATVVA DECOR LLP,08-08-2026,7,0,0,,FALSE,TRUE
GR 2084 HZ,FINOBLE,0,SATVVA DECOR LLP,08-08-2026,8,0,0,,FALSE,TRUE
LL 1092 OLD,FINOBLE,0,SATVVA DECOR LLP,08-08-2026,1,0,0,,FALSE,TRUE
LL 2069 OLD,FINOBLE,0,SATVVA DECOR LLP,08-08-2026,5,0,0,,FALSE,TRUE
LL 2080 OLD,FINOBLE,0,SATVVA DECOR LLP,08-08-2026,3,0,0,,FALSE,TRUE
MR 2024 OLD,FINOBLE,0,SATVVA DECOR LLP,08-08-2026,1,0,0,,FALSE,TRUE
MR 2084,FINOBLE,0,SATVVA DECOR LLP,08-08-2026,2,0,1,,FALSE,TRUE
PM 1005 OLD,FINOBLE,0,SATVVA DECOR LLP,08-08-2026,1,0,0,,FALSE,TRUE
PM 2069 OLD,FINOBLE,0,SATVVA DECOR LLP,08-08-2026,0,0,0,,FALSE,TRUE
PY 2074,FINOBLE,0,SATVVA DECOR LLP,08-08-2026,3,0,0,,FALSE,TRUE
RV 1020,FINOBLE,0,SATVVA DECOR LLP,08-08-2026,9,0,0,,FALSE,TRUE
RV 2020,FINOBLE,0,SATVVA DECOR LLP,08-08-2026,8,0,0,,FALSE,TRUE
RV 2021,FINOBLE,0,SATVVA DECOR LLP,08-08-2026,6,0,0,,FALSE,TRUE
SD 2025,FINOBLE,0,SATVVA DECOR LLP,08-08-2026,6,0,0,,FALSE,TRUE
SD 2026 OLD,FINOBLE,0,SATVVA DECOR LLP,08-08-2026,1,0,0,,FALSE,TRUE
SR 2074 OLD,FINOBLE,0,SATVVA DECOR LLP,08-08-2026,3,0,0,,FALSE,TRUE
ST 1013,FINOBLE,0,SATVVA DECOR LLP,08-08-2026,4,0,0,,FALSE,TRUE
TV 2016,FINOBLE,0,SATVVA DECOR LLP,08-08-2026,4,0,0,,FALSE,TRUE
WK 1004,FINOBLE,0,SATVVA DECOR LLP,08-08-2026,7,0,0,,FALSE,TRUE
WK 1006 OLD,FINOBLE,0,SATVVA DECOR LLP,08-08-2026,9,0,0,,FALSE,TRUE
WK 2013,FINOBLE,0,SATVVA DECOR LLP,08-08-2026,0,0,0,,FALSE,TRUE
WT 1086 OLD,FINOBLE,0,SATVVA DECOR LLP,08-08-2026,2,0,0,,FALSE,TRUE
WT 2069 OLD,FINOBLE,0,SATVVA DECOR LLP,08-08-2026,4,0,0,,FALSE,TRUE
SGL 1129,FINOBLE,0,SATVVA DECOR LLP,08-08-2026,1,0,1,,FALSE,TRUE
SGL 1132,FINOBLE,0,SATVVA DECOR LLP,08-08-2026,0,0,0,,FALSE,TRUE
SGL 1143,FINOBLE,0,SATVVA DECOR LLP,08-08-2026,1,0,1,,FALSE,TRUE
HGL 1116,FINOBLE,0,SATVVA DECOR LLP,08-08-2026,5,0,1,,FALSE,TRUE
HGL 1120 OLD,FINOBLE,0,SATVVA DECOR LLP,08-08-2026,1,0,0,,FALSE,TRUE
HGL 1126,FINOBLE,0,SATVVA DECOR LLP,08-08-2026,1,0,1,,FALSE,TRUE
HGL 1130 OLD,FINOBLE,0,SATVVA DECOR LLP,08-08-2026,2,0,0,,FALSE,TRUE
HGL 1133 OLD,FINOBLE,0,SATVVA DECOR LLP,08-08-2026,1,0,0,,FALSE,TRUE
HGL 1139 OLD,FINOBLE,0,SATVVA DECOR LLP,08-08-2026,1,0,0,,FALSE,TRUE
HGL 1140 OLD,FINOBLE,0,SATVVA DECOR LLP,08-08-2026,2,0,0,,FALSE,TRUE
HGL 1141 OLD,FINOBLE,0,SATVVA DECOR LLP,08-08-2026,1,0,0,,FALSE,TRUE
HGL 1142 OLD,FINOBLE,0,SATVVA DECOR LLP,08-08-2026,5,0,0,,FALSE,TRUE
HGL 2074,FINOBLE,0,SATVVA DECOR LLP,08-08-2026,3,0,1,,FALSE,TRUE
SF 1013,FINOBLE,0,SATVVA DECOR LLP,08-08-2026,3,0,0,,FALSE,TRUE
SF 1019 OLD,FINOBLE,0,SATVVA DECOR LLP,08-08-2026,1,0,0,,FALSE,TRUE
SF 1081,FINOBLE,0,SATVVA DECOR LLP,08-08-2026,1,0,0,,FALSE,TRUE
SF 1092,FINOBLE,0,SATVVA DECOR LLP,08-08-2026,2,0,0,,FALSE,TRUE
SF 1104 OLD,FINOBLE,0,SATVVA DECOR LLP,08-08-2026,7,0,0,,FALSE,TRUE
SF 1116,FINOBLE,0,SATVVA DECOR LLP,08-08-2026,1,0,0,,FALSE,TRUE
SF 1120 OLD,FINOBLE,0,SATVVA DECOR LLP,08-08-2026,1,0,0,,FALSE,TRUE
SF 2013,FINOBLE,0,SATVVA DECOR LLP,08-08-2026,1,0,0,,FALSE,TRUE
SF 2016,FINOBLE,0,SATVVA DECOR LLP,08-08-2026,2,0,0,,FALSE,TRUE
SF 2020,FINOBLE,0,SATVVA DECOR LLP,08-08-2026,1,0,0,,FALSE,TRUE
SF 2021,FINOBLE,0,SATVVA DECOR LLP,08-08-2026,4,0,0,,FALSE,TRUE
SF 2026 OLD,FINOBLE,0,SATVVA DECOR LLP,08-08-2026,4,0,0,,FALSE,TRUE
SF 2064,FINOBLE,0,SATVVA DECOR LLP,08-08-2026,6,0,1,,FALSE,TRUE
SF 2074,FINOBLE,0,SATVVA DECOR LLP,08-08-2026,1,0,1,,FALSE,TRUE
MT 1102,FINOBLE,0,SATVVA DECOR LLP,08-08-2026,1,0,0,,FALSE,TRUE
MT 1105,FINOBLE,0,SATVVA DECOR LLP,08-08-2026,9,0,0,,FALSE,TRUE
MT 1201,FINOBLE,0,SATVVA DECOR LLP,08-08-2026,0,0,0,,FALSE,TRUE
MT 1204 OLD,FINOBLE,0,SATVVA DECOR LLP,08-08-2026,3,0,0,,FALSE,TRUE
SM 1013,FINOBLE,0,SATVVA DECOR LLP,08-08-2026,1,0,0,,FALSE,TRUE
SM 1014,FINOBLE,0,SATVVA DECOR LLP,08-08-2026,0,0,0,,FALSE,TRUE
AB 775,FINE TOUCH,0,SAMARPAN LAMINATES ,08-08-2026,9,0,1,,FALSE,TRUE
AO 771,FINE TOUCH,0,SAMARPAN LAMINATES ,08-08-2026,1,0,0,,FALSE,TRUE
AT 925,FINE TOUCH,0,SAMARPAN LAMINATES ,08-08-2026,0,1,0,,FALSE,TRUE
AT 926,FINE TOUCH,0,SAMARPAN LAMINATES ,08-08-2026,0,1,0,,FALSE,TRUE
AT 933,FINE TOUCH,0,SAMARPAN LAMINATES ,08-08-2026,1,0,0,,FALSE,TRUE
AT 939,FINE TOUCH,0,SAMARPAN LAMINATES ,08-08-2026,2,1,0,,FALSE,TRUE
CD 834,FINE TOUCH,0,SAMARPAN LAMINATES ,08-08-2026,2,0,0,,FALSE,TRUE
ET 851,FINE TOUCH,0,SAMARPAN LAMINATES ,08-08-2026,1,0,0,,FALSE,TRUE
MA 779,FINE TOUCH,0,SAMARPAN LAMINATES ,08-08-2026,1,0,0,,FALSE,TRUE
MA 832,FINE TOUCH,0,SAMARPAN LAMINATES ,08-08-2026,5,0,1,,FALSE,TRUE
MA 845,FINE TOUCH,0,SAMARPAN LAMINATES ,08-08-2026,1,0,0,,FALSE,TRUE
RM 833,FINE TOUCH,0,SAMARPAN LAMINATES ,08-08-2026,3,0,0,,FALSE,TRUE
RS 541,FINE TOUCH,0,SAMARPAN LAMINATES ,08-08-2026,3,0,0,,FALSE,TRUE
SO 103,FINE TOUCH,0,SAMARPAN LAMINATES ,08-08-2026,0,1,0,,FALSE,TRUE
SO 153,FINE TOUCH,0,SAMARPAN LAMINATES ,08-08-2026,7,0,1,,FALSE,TRUE
SO 155,FINE TOUCH,0,SAMARPAN LAMINATES ,08-08-2026,6,0,1,,FALSE,TRUE
SO 929,FINE TOUCH,0,SAMARPAN LAMINATES ,08-08-2026,2,1,0,,FALSE,TRUE
SO 930,FINE TOUCH,0,SAMARPAN LAMINATES ,08-08-2026,6,1,1,,FALSE,TRUE
SO 931,FINE TOUCH,0,SAMARPAN LAMINATES ,08-08-2026,1,0,0,,FALSE,TRUE
SO 932,FINE TOUCH,0,SAMARPAN LAMINATES ,08-08-2026,1,1,0,,FALSE,TRUE
SO 932,FINE TOUCH,1,SAMARPAN LAMINATES ,08-08-2026,4,0,0,,FALSE,TRUE
SP 103,FINE TOUCH,0,SAMARPAN LAMINATES ,08-08-2026,2,0,0,,FALSE,TRUE
SP 833,FINE TOUCH,0,SAMARPAN LAMINATES ,08-08-2026,2,0,0,,FALSE,TRUE
TW 103,FINE TOUCH,0,SAMARPAN LAMINATES ,08-08-2026,6,0,1,,FALSE,TRUE
TW 545,FINE TOUCH,0,SAMARPAN LAMINATES ,08-08-2026,3,0,0,,FALSE,TRUE
TW 548,FINE TOUCH,0,SAMARPAN LAMINATES ,08-08-2026,5,0,0,,FALSE,TRUE
VR 349,FINE TOUCH,0,SAMARPAN LAMINATES ,08-08-2026,2,0,1,,FALSE,TRUE
VR 717,FINE TOUCH,0,SAMARPAN LAMINATES ,08-08-2026,5,1,0,,FALSE,TRUE
VR 775,FINE TOUCH,0,SAMARPAN LAMINATES ,08-08-2026,12,0,1,,FALSE,TRUE
VR 837,FINE TOUCH,0,SAMARPAN LAMINATES ,08-08-2026,2,0,0,,FALSE,TRUE
VR 840,FINE TOUCH,0,SAMARPAN LAMINATES ,08-08-2026,2,0,0,,FALSE,TRUE
VR 849,FINE TOUCH,0,SAMARPAN LAMINATES ,08-08-2026,1,0,0,,FALSE,TRUE
ZB 155,FINE TOUCH,0,SAMARPAN LAMINATES ,08-08-2026,6,0,1,,FALSE,TRUE
ZB 928,FINE TOUCH,0,SAMARPAN LAMINATES ,08-08-2026,1,0,0,,FALSE,TRUE
ZM 150,FINE TOUCH,0,SAMARPAN LAMINATES ,08-08-2026,0,1,0,,FALSE,TRUE
ZM 156,FINE TOUCH,0,SAMARPAN LAMINATES ,08-08-2026,2,0,0,,FALSE,TRUE
ZO 720,FINE TOUCH,0,SAMARPAN LAMINATES ,08-08-2026,2,0,0,,FALSE,TRUE
ZO 723,FINE TOUCH,0,SAMARPAN LAMINATES ,08-08-2026,4,0,1,,FALSE,TRUE
HGL 117,FINE TOUCH,0,SAMARPAN LAMINATES ,08-08-2026,2,0,0,,FALSE,TRUE
HGL 126,FINE TOUCH,0,SAMARPAN LAMINATES ,08-08-2026,2,0,0,,FALSE,TRUE
HGL 133,FINE TOUCH,0,SAMARPAN LAMINATES ,08-08-2026,2,0,0,,FALSE,TRUE
HGL 138,FINE TOUCH,0,SAMARPAN LAMINATES ,08-08-2026,4,0,0,,FALSE,TRUE
HGL 139,FINE TOUCH,0,SAMARPAN LAMINATES ,08-08-2026,3,0,0,,FALSE,TRUE
HGL 141,FINE TOUCH,0,SAMARPAN LAMINATES ,08-08-2026,3,0,0,,FALSE,TRUE
HGL 144,FINE TOUCH,0,SAMARPAN LAMINATES ,08-08-2026,2,0,0,,FALSE,TRUE
HGL 146,FINE TOUCH,0,SAMARPAN LAMINATES ,08-08-2026,3,0,0,,FALSE,TRUE
HGL 149,FINE TOUCH,0,SAMARPAN LAMINATES ,08-08-2026,1,0,0,,FALSE,TRUE
HGL 156,FINE TOUCH,0,SAMARPAN LAMINATES ,08-08-2026,4,0,0,,FALSE,TRUE
HGL 723,FINE TOUCH,0,SAMARPAN LAMINATES ,08-08-2026,6,0,0,,FALSE,TRUE
HGL 775,FINE TOUCH,0,SAMARPAN LAMINATES ,08-08-2026,1,0,0,,FALSE,TRUE
HGL 796,FINE TOUCH,0,SAMARPAN LAMINATES ,08-08-2026,0,1,0,,FALSE,TRUE
HGL 797,FINE TOUCH,0,SAMARPAN LAMINATES ,08-08-2026,6,0,0,,FALSE,TRUE
HGL 840,FINE TOUCH,0,SAMARPAN LAMINATES ,08-08-2026,1,0,0,,FALSE,TRUE
HGL 851,FINE TOUCH,0,SAMARPAN LAMINATES ,08-08-2026,0,0,0,,FALSE,TRUE
SF 104,FINE TOUCH,0,SAMARPAN LAMINATES ,08-08-2026,3,0,0,,FALSE,TRUE
SF 114,FINE TOUCH,0,SAMARPAN LAMINATES ,08-08-2026,1,0,0,,FALSE,TRUE
SF 117,FINE TOUCH,0,SAMARPAN LAMINATES ,08-08-2026,1,0,0,,FALSE,TRUE
SF 126,FINE TOUCH,0,SAMARPAN LAMINATES ,08-08-2026,1,0,0,,FALSE,TRUE
SF 133,FINE TOUCH,0,SAMARPAN LAMINATES ,08-08-2026,2,0,0,,FALSE,TRUE
SF 134,FINE TOUCH,0,SAMARPAN LAMINATES ,08-08-2026,1,0,0,,FALSE,TRUE
SF 135,FINE TOUCH,0,SAMARPAN LAMINATES ,08-08-2026,1,0,0,,FALSE,TRUE
SF 138,FINE TOUCH,0,SAMARPAN LAMINATES ,08-08-2026,2,0,0,,FALSE,TRUE
SF 314,FINE TOUCH,0,SAMARPAN LAMINATES ,08-08-2026,1,0,0,,FALSE,TRUE
SF 717,FINE TOUCH,0,SAMARPAN LAMINATES ,08-08-2026,3,0,0,,FALSE,TRUE
SF 723,FINE TOUCH,0,SAMARPAN LAMINATES ,08-08-2026,13,0,0,,FALSE,TRUE
SF 733,FINE TOUCH,0,SAMARPAN LAMINATES ,08-08-2026,3,0,0,,FALSE,TRUE
SF 769,FINE TOUCH,0,SAMARPAN LAMINATES ,08-08-2026,1,0,0,,FALSE,TRUE
SF 779,FINE TOUCH,0,SAMARPAN LAMINATES ,08-08-2026,1,0,0,,FALSE,TRUE
SF 832,FINE TOUCH,0,SAMARPAN LAMINATES ,08-08-2026,5,0,0,,FALSE,TRUE
SF 849,FINE TOUCH,0,SAMARPAN LAMINATES ,08-08-2026,4,0,0,,FALSE,TRUE
CR 117,FINE TOUCH,0,SAMARPAN LAMINATES ,08-08-2026,1,0,0,,FALSE,TRUE
CR 148,FINE TOUCH,0,SAMARPAN LAMINATES ,08-08-2026,1,0,0,,FALSE,TRUE
CR 303,FINE TOUCH,0,SAMARPAN LAMINATES ,08-08-2026,7,0,0,,FALSE,TRUE
CR 541,FINE TOUCH,0,SAMARPAN LAMINATES ,08-08-2026,1,0,0,,FALSE,TRUE
CR 543,FINE TOUCH,0,SAMARPAN LAMINATES ,08-08-2026,5,0,0,,FALSE,TRUE
CR 547,FINE TOUCH,0,SAMARPAN LAMINATES ,08-08-2026,5,0,0,,FALSE,TRUE
CR 551,FINE TOUCH,0,SAMARPAN LAMINATES ,08-08-2026,9,0,0,,FALSE,TRUE
CR 844,FINE TOUCH,0,SAMARPAN LAMINATES ,08-08-2026,6,0,0,,FALSE,TRUE
CR 921,FINE TOUCH,0,SAMARPAN LAMINATES ,08-08-2026,4,0,0,,FALSE,TRUE
CR 922,FINE TOUCH,0,SAMARPAN LAMINATES ,08-08-2026,4,0,0,,FALSE,TRUE
CR 923,FINE TOUCH,0,SAMARPAN LAMINATES ,08-08-2026,5,0,0,,FALSE,TRUE
CR 924,FINE TOUCH,0,SAMARPAN LAMINATES ,08-08-2026,4,0,0,,FALSE,TRUE
RSCR 541,FINE TOUCH,0,SAMARPAN LAMINATES ,08-08-2026,6,0,0,,FALSE,TRUE
SMCR 303,FINE TOUCH,0,SAMARPAN LAMINATES ,08-08-2026,5,0,0,,FALSE,TRUE
SMCR 844,FINE TOUCH,0,SAMARPAN LAMINATES ,08-08-2026,5,0,0,,FALSE,TRUE
TWCR 345,FINE TOUCH,0,SAMARPAN LAMINATES ,08-08-2026,8,0,0,,FALSE,TRUE
SG 922,FINE TOUCH,0,SAMARPAN LAMINATES ,08-08-2026,7,0,0,,FALSE,TRUE
K-11,FINE TOUCH,0,SAMARPAN LAMINATES ,08-08-2026,3,1,0,,FALSE,TRUE
K-18,FINE TOUCH,0,SAMARPAN LAMINATES ,08-08-2026,0,1,0,,FALSE,TRUE
K-23,FINE TOUCH,0,SAMARPAN LAMINATES ,08-08-2026,0,1,0,,FALSE,TRUE
K-28,FINE TOUCH,0,SAMARPAN LAMINATES ,08-08-2026,2,0,0,,FALSE,TRUE
K-47,FINE TOUCH,0,SAMARPAN LAMINATES ,08-08-2026,3,1,0,,FALSE,TRUE
W-19,FINE TOUCH,0,SAMARPAN LAMINATES ,08-08-2026,2,0,0,,FALSE,TRUE
W-26,FINE TOUCH,0,SAMARPAN LAMINATES ,08-08-2026,2,0,0,,FALSE,TRUE
W-30,FINE TOUCH,0,SAMARPAN LAMINATES ,08-08-2026,5,0,0,,FALSE,TRUE
W-31,FINE TOUCH,0,SAMARPAN LAMINATES ,08-08-2026,1,0,0,,FALSE,TRUE
W-38,FINE TOUCH,0,SAMARPAN LAMINATES ,08-08-2026,1,0,0,,FALSE,TRUE
W-39,FINE TOUCH,0,SAMARPAN LAMINATES ,08-08-2026,1,0,0,,FALSE,TRUE
W-40,FINE TOUCH,0,SAMARPAN LAMINATES ,08-08-2026,0,1,0,,FALSE,TRUE
W-41,FINE TOUCH,0,SAMARPAN LAMINATES ,08-08-2026,1,0,0,,FALSE,TRUE
W-42,FINE TOUCH,0,SAMARPAN LAMINATES ,08-08-2026,2,0,0,,FALSE,TRUE
W-47,FINE TOUCH,0,SAMARPAN LAMINATES ,08-08-2026,1,0,0,,FALSE,TRUE
IM 1001,REAL TOUCH,0,RANGOLI LAMINATES PVT. LTD.,08-08-2026,1,0,0,,FALSE,TRUE
IM 1005,REAL TOUCH,0,RANGOLI LAMINATES PVT. LTD.,08-08-2026,4,0,0,,FALSE,TRUE
IM 1009,REAL TOUCH,0,RANGOLI LAMINATES PVT. LTD.,08-08-2026,1,0,0,,FALSE,TRUE
IM 1023,REAL TOUCH,0,RANGOLI LAMINATES PVT. LTD.,08-08-2026,1,0,0,,FALSE,TRUE
MP 104,REAL TOUCH,0,RANGOLI LAMINATES PVT. LTD.,08-08-2026,1,0,0,,FALSE,TRUE
MP 106,REAL TOUCH,0,RANGOLI LAMINATES PVT. LTD.,08-08-2026,1,0,0,,FALSE,TRUE
MP 115,REAL TOUCH,0,RANGOLI LAMINATES PVT. LTD.,08-08-2026,1,0,0,,FALSE,TRUE
BW-1,REAL TOUCH,0,RANGOLI LAMINATES PVT. LTD.,08-08-2026,1,0,0,,FALSE,TRUE
BW-3,REAL TOUCH,0,RANGOLI LAMINATES PVT. LTD.,08-08-2026,1,0,0,,FALSE,TRUE
BW-8,REAL TOUCH,0,RANGOLI LAMINATES PVT. LTD.,08-08-2026,1,0,0,,FALSE,TRUE
BW-9,REAL TOUCH,0,RANGOLI LAMINATES PVT. LTD.,08-08-2026,1,0,0,,FALSE,TRUE
C-10,FINE TOUCH,0,SAMARPAN LAMINATES,08-08-2026,1,0,0,,FALSE,TRUE
C-03 GLOSSY,FINE TOUCH,0,SAMARPAN LAMINATES,08-08-2026,1,0,0,,FALSE,TRUE
C-03 MATT,FINE TOUCH,0,SAMARPAN LAMINATES,08-08-2026,0,1,0,,FALSE,TRUE
RD 103,REAL TOUCH,0,RANGOLI LAMINATES PVT. LTD.,08-08-2026,6,0,0,,FALSE,TRUE
RD 106,REAL TOUCH,0,RANGOLI LAMINATES PVT. LTD.,08-08-2026,3,0,0,,FALSE,TRUE
RD 108,REAL TOUCH,0,RANGOLI LAMINATES PVT. LTD.,08-08-2026,5,0,0,,FALSE,TRUE
RD 126,REAL TOUCH,0,RANGOLI LAMINATES PVT. LTD.,08-08-2026,5,0,0,,FALSE,TRUE
RD 127,REAL TOUCH,0,RANGOLI LAMINATES PVT. LTD.,08-08-2026,4,0,0,,FALSE,TRUE
RD 135,REAL TOUCH,0,RANGOLI LAMINATES PVT. LTD.,08-08-2026,4,0,0,,FALSE,TRUE
RD 140,REAL TOUCH,0,RANGOLI LAMINATES PVT. LTD.,08-08-2026,4,0,0,,FALSE,TRUE
RD 143,REAL TOUCH,0,RANGOLI LAMINATES PVT. LTD.,08-08-2026,1,0,0,,FALSE,TRUE
RD 148,REAL TOUCH,0,RANGOLI LAMINATES PVT. LTD.,08-08-2026,2,0,0,,FALSE,TRUE
RD 154,REAL TOUCH,0,RANGOLI LAMINATES PVT. LTD.,08-08-2026,4,0,0,,FALSE,TRUE
RD 156,REAL TOUCH,0,RANGOLI LAMINATES PVT. LTD.,08-08-2026,2,0,0,,FALSE,TRUE
RD 158,REAL TOUCH,0,RANGOLI LAMINATES PVT. LTD.,08-08-2026,4,0,0,,FALSE,TRUE
RD 163,REAL TOUCH,0,RANGOLI LAMINATES PVT. LTD.,08-08-2026,5,0,0,,FALSE,TRUE
RD 164,REAL TOUCH,0,RANGOLI LAMINATES PVT. LTD.,08-08-2026,2,0,0,,FALSE,TRUE
RD 165,REAL TOUCH,0,RANGOLI LAMINATES PVT. LTD.,08-08-2026,4,0,0,,FALSE,TRUE
RD 169,REAL TOUCH,0,RANGOLI LAMINATES PVT. LTD.,08-08-2026,3,0,0,,FALSE,TRUE
RD 177,REAL TOUCH,0,RANGOLI LAMINATES PVT. LTD.,08-08-2026,4,0,0,,FALSE,TRUE
RD 179,REAL TOUCH,0,RANGOLI LAMINATES PVT. LTD.,08-08-2026,3,0,0,,FALSE,TRUE
ROXX 119,ROXX LAM,0,RANGOLI LAMINATES PVT. LTD.,08-08-2026,0,1,0,,FALSE,TRUE
ROXX 168,ROXX LAM,0,RANGOLI LAMINATES PVT. LTD.,08-08-2026,3,0,0,,FALSE,TRUE
 ROXX 176,ROXX LAM,0,RANGOLI LAMINATES PVT. LTD.,08-08-2026,1,0,0,,FALSE,TRUE
ROXX 191,ROXX LAM,0,RANGOLI LAMINATES PVT. LTD.,08-08-2026,2,0,0,,FALSE,TRUE
ROXX 195,ROXX LAM,0,RANGOLI LAMINATES PVT. LTD.,08-08-2026,1,0,0,,FALSE,TRUE
ROXX 205,ROXX LAM,0,RANGOLI LAMINATES PVT. LTD.,08-08-2026,2,0,0,,FALSE,TRUE
ROXX 206,ROXX LAM,0,RANGOLI LAMINATES PVT. LTD.,08-08-2026,0,0,0,,FALSE,TRUE
ROXX 222,ROXX LAM,0,RANGOLI LAMINATES PVT. LTD.,08-08-2026,4,0,0,,FALSE,TRUE
ROXX 225,ROXX LAM,0,RANGOLI LAMINATES PVT. LTD.,08-08-2026,2,0,0,,FALSE,TRUE
ROXX 258,ROXX LAM,0,RANGOLI LAMINATES PVT. LTD.,08-08-2026,2,0,0,,FALSE,TRUE
ROXX 263,ROXX LAM,0,RANGOLI LAMINATES PVT. LTD.,08-08-2026,5,0,0,,FALSE,TRUE
ROXX 272,ROXX LAM,0,RANGOLI LAMINATES PVT. LTD.,08-08-2026,4,0,0,,FALSE,TRUE
ROXX 278,ROXX LAM,0,RANGOLI LAMINATES PVT. LTD.,08-08-2026,1,0,0,,FALSE,TRUE
ROXX 282,ROXX LAM,0,RANGOLI LAMINATES PVT. LTD.,08-08-2026,4,0,0,,FALSE,TRUE
VN 01 HG,REAL TOUCH,0,RANGOLI LAMINATES PVT. LTD.,08-08-2026,5,0,0,,FALSE,TRUE
VN 02 S-52,REAL TOUCH,0,RANGOLI LAMINATES PVT. LTD.,08-08-2026,6,0,0,,FALSE,TRUE
VN 02 HG,REAL TOUCH,0,RANGOLI LAMINATES PVT. LTD.,08-08-2026,6,0,0,,FALSE,TRUE
VN 03 S-69,REAL TOUCH,0,RANGOLI LAMINATES PVT. LTD.,08-08-2026,6,0,0,,FALSE,TRUE
VN 03 HG,REAL TOUCH,0,RANGOLI LAMINATES PVT. LTD.,08-08-2026,6,0,0,,FALSE,TRUE
VN 04 S-52,REAL TOUCH,0,RANGOLI LAMINATES PVT. LTD.,08-08-2026,6,0,0,,FALSE,TRUE
VN 04 S-56,REAL TOUCH,0,RANGOLI LAMINATES PVT. LTD.,08-08-2026,3,0,0,,FALSE,TRUE
VN 05 HG,REAL TOUCH,0,RANGOLI LAMINATES PVT. LTD.,08-08-2026,1,0,0,,FALSE,TRUE
VN 06 S-38,REAL TOUCH,0,RANGOLI LAMINATES PVT. LTD.,08-08-2026,1,0,0,,FALSE,TRUE
VN 06 HG,REAL TOUCH,0,RANGOLI LAMINATES PVT. LTD.,08-08-2026,6,0,0,,FALSE,TRUE
VN 07 S-56,REAL TOUCH,0,RANGOLI LAMINATES PVT. LTD.,08-08-2026,7,0,0,,FALSE,TRUE
VN 07 HG,REAL TOUCH,0,RANGOLI LAMINATES PVT. LTD.,08-08-2026,3,0,0,,FALSE,TRUE
VN 08 S-54,REAL TOUCH,0,RANGOLI LAMINATES PVT. LTD.,08-08-2026,7,0,0,,FALSE,TRUE
VN 08 HG,REAL TOUCH,0,RANGOLI LAMINATES PVT. LTD.,08-08-2026,1,0,0,,FALSE,TRUE
VN 09 S-56,REAL TOUCH,0,RANGOLI LAMINATES PVT. LTD.,08-08-2026,5,0,0,,FALSE,TRUE
VN 09 HG,REAL TOUCH,0,RANGOLI LAMINATES PVT. LTD.,08-08-2026,7,0,0,,FALSE,TRUE
VN 13 HG,REAL TOUCH,0,RANGOLI LAMINATES PVT. LTD.,08-08-2026,6,0,0,,FALSE,TRUE
VN 14 S-56,REAL TOUCH,0,RANGOLI LAMINATES PVT. LTD.,08-08-2026,5,0,0,,FALSE,TRUE
VN 15 HG,REAL TOUCH,0,RANGOLI LAMINATES PVT. LTD.,08-08-2026,6,0,0,,FALSE,TRUE
VN 16 S-70,REAL TOUCH,0,RANGOLI LAMINATES PVT. LTD.,08-08-2026,3,0,0,,FALSE,TRUE
VN 16 HG,REAL TOUCH,0,RANGOLI LAMINATES PVT. LTD.,08-08-2026,6,0,0,,FALSE,TRUE
VN 17 S-56,REAL TOUCH,0,RANGOLI LAMINATES PVT. LTD.,08-08-2026,5,0,0,,FALSE,TRUE
VN 17 HG,REAL TOUCH,0,RANGOLI LAMINATES PVT. LTD.,08-08-2026,7,0,0,,FALSE,TRUE
VN 18 HG,REAL TOUCH,0,RANGOLI LAMINATES PVT. LTD.,08-08-2026,6,0,0,,FALSE,TRUE
VN 19 S-69,REAL TOUCH,0,RANGOLI LAMINATES PVT. LTD.,08-08-2026,7,0,0,,FALSE,TRUE
VN 20 S-56,REAL TOUCH,0,RANGOLI LAMINATES PVT. LTD.,08-08-2026,1,0,0,,FALSE,TRUE
Z- 02-9500,REAL TOUCH,0,RANGOLI LAMINATES PVT. LTD.,08-08-2026,0,0,0,,FALSE,TRUE
Z- 02-9519,REAL TOUCH,0,RANGOLI LAMINATES PVT. LTD.,08-08-2026,0,0,0,,FALSE,TRUE
Z- 02-9671,REAL TOUCH,0,RANGOLI LAMINATES PVT. LTD.,08-08-2026,0,0,0,,FALSE,TRUE
Z- 03-9656,REAL TOUCH,0,RANGOLI LAMINATES PVT. LTD.,08-08-2026,1,0,0,,FALSE,TRUE
Z- 16-9614,REAL TOUCH,0,RANGOLI LAMINATES PVT. LTD.,08-08-2026,3,0,0,,FALSE,TRUE
Z- 16-9653,REAL TOUCH,0,RANGOLI LAMINATES PVT. LTD.,08-08-2026,1,0,0,,FALSE,TRUE
Z- 16-9669,REAL TOUCH,0,RANGOLI LAMINATES PVT. LTD.,08-08-2026,1,0,0,,FALSE,TRUE
Z- 17-9658,REAL TOUCH,0,RANGOLI LAMINATES PVT. LTD.,08-08-2026,2,0,0,,FALSE,TRUE
Z- 17-9659,REAL TOUCH,0,RANGOLI LAMINATES PVT. LTD.,08-08-2026,1,0,0,,FALSE,TRUE
Z- 21-9663,REAL TOUCH,0,RANGOLI LAMINATES PVT. LTD.,08-08-2026,1,0,0,,FALSE,TRUE
Z- 22-9670,REAL TOUCH,0,RANGOLI LAMINATES PVT. LTD.,08-08-2026,1,0,0,,FALSE,TRUE
SYN 01-9645,REAL TOUCH,0,RANGOLI LAMINATES PVT. LTD.,08-08-2026,2,0,0,,FALSE,TRUE
SYN 02-9648,REAL TOUCH,0,RANGOLI LAMINATES PVT. LTD.,08-08-2026,1,0,0,,FALSE,TRUE
SYN 03-9650,REAL TOUCH,0,RANGOLI LAMINATES PVT. LTD.,08-08-2026,1,0,0,,FALSE,TRUE
SYN 03-9651,REAL TOUCH,0,RANGOLI LAMINATES PVT. LTD.,08-08-2026,1,0,0,,FALSE,TRUE
MPR 1,ROXX LAM,0,RANGOLI LAMINATES PVT. LTD.,08-08-2026,3,0,0,,FALSE,TRUE
MPR 2,ROXX LAM,0,RANGOLI LAMINATES PVT. LTD.,08-08-2026,1,0,0,,FALSE,TRUE
MPR 3,ROXX LAM,0,RANGOLI LAMINATES PVT. LTD.,08-08-2026,5,0,0,,FALSE,TRUE
MPR 5,ROXX LAM,0,RANGOLI LAMINATES PVT. LTD.,08-08-2026,5,0,0,,FALSE,TRUE
MPR 7,ROXX LAM,0,RANGOLI LAMINATES PVT. LTD.,08-08-2026,4,0,0,,FALSE,TRUE
MPR 8,ROXX LAM,0,RANGOLI LAMINATES PVT. LTD.,08-08-2026,3,0,0,,FALSE,TRUE
MPR 12,ROXX LAM,0,RANGOLI LAMINATES PVT. LTD.,08-08-2026,3,0,0,,FALSE,TRUE
MPR 13,ROXX LAM,0,RANGOLI LAMINATES PVT. LTD.,08-08-2026,2,0,0,,FALSE,TRUE
MPR 15,ROXX LAM,0,RANGOLI LAMINATES PVT. LTD.,08-08-2026,5,0,0,,FALSE,TRUE
MPR 17,ROXX LAM,0,RANGOLI LAMINATES PVT. LTD.,08-08-2026,6,0,0,,FALSE,TRUE
MPR 18,ROXX LAM,0,RANGOLI LAMINATES PVT. LTD.,08-08-2026,4,0,0,,FALSE,TRUE
MPR 19,ROXX LAM,0,RANGOLI LAMINATES PVT. LTD.,08-08-2026,4,0,0,,FALSE,TRUE
MPR 20,ROXX LAM,0,RANGOLI LAMINATES PVT. LTD.,08-08-2026,4,0,0,,FALSE,TRUE
MPR 21,ROXX LAM,0,RANGOLI LAMINATES PVT. LTD.,08-08-2026,6,0,0,,FALSE,TRUE
T 8 MM COPPER MIRROR,GLORIO,0,GLORIO,08-08-2026,0,0,0,,FALSE,TRUE
T 8 MM COPPER MATT,GLORIO,0,GLORIO,08-08-2026,6,0,0,,FALSE,TRUE
T 8 MM GOLD MIRROR,GLORIO,0,GLORIO,08-08-2026,0,0,0,,FALSE,TRUE
T 8 MM GOLD MATT,GLORIO,0,GLORIO,08-08-2026,20,0,0,,FALSE,TRUE
T 8 MM GREY MIRROR,GLORIO,0,GLORIO,08-08-2026,0,0,0,,FALSE,TRUE
T 8 MM GREY MATT,GLORIO,0,GLORIO,08-08-2026,5,0,0,,FALSE,TRUE
T 8 MM SILVER MIRROR,GLORIO,0,GLORIO,08-08-2026,8,0,0,,FALSE,TRUE
T 8 MM SILVER MATT,GLORIO,0,GLORIO,08-08-2026,16,0,0,,FALSE,TRUE
T 12 MM COPPER MIRROR,GLORIO,0,GLORIO,08-08-2026,0,0,0,,FALSE,TRUE
T 12 MM COPPER MATT,GLORIO,0,GLORIO,08-08-2026,21,0,0,,FALSE,TRUE
T 12 MM GOLD MIRROR,GLORIO,0,GLORIO,08-08-2026,7,0,0,,FALSE,TRUE
T 12 MM GOLD MATT,GLORIO,0,GLORIO,08-08-2026,22,0,0,,FALSE,TRUE
T 12 MM GREY MIRROR,GLORIO,0,GLORIO,08-08-2026,1,0,0,,FALSE,TRUE
T 12 MM GREY MATT,GLORIO,0,GLORIO,08-08-2026,7,0,0,,FALSE,TRUE
T 12 MM SILVER MIRROR,GLORIO,0,GLORIO,08-08-2026,1,0,0,,FALSE,TRUE
T 12 MM SILVER MATT,GLORIO,0,GLORIO,08-08-2026,10,0,0,,FALSE,TRUE
T 18 MM COPPER MIRROR,GLORIO,0,GLORIO,08-08-2026,5,0,0,,FALSE,TRUE
T 18 MM COPPER MATT,GLORIO,0,GLORIO,08-08-2026,5,0,0,,FALSE,TRUE
T 18 MM GOLD MIRROR,GLORIO,0,GLORIO,08-08-2026,0,0,0,,FALSE,TRUE
T 18 MM GOLD MATT,GLORIO,0,GLORIO,08-08-2026,10,0,0,,FALSE,TRUE
T 18 MM SILVER MIRROR,GLORIO,0,GLORIO,08-08-2026,1,0,0,,FALSE,TRUE
T 18 MM SILVER MATT,GLORIO,0,GLORIO,08-08-2026,0,0,0,,FALSE,TRUE
T 25 MM GREY MATT,GLORIO,0,GLORIO,08-08-2026,10,0,0,,FALSE,TRUE
U 8 MM COPPER MIRROR,GLORIO,0,GLORIO,08-08-2026,16,0,0,,FALSE,TRUE
U 8 MM COPPER MATT,GLORIO,0,GLORIO,08-08-2026,0,0,0,,FALSE,TRUE
U 8 MM GOLD MIRROR,GLORIO,0,GLORIO,08-08-2026,24,0,0,,FALSE,TRUE
U 8 MM GOLD MATT,GLORIO,0,GLORIO,08-08-2026,2,0,0,,FALSE,TRUE
U 8 MM GREY MIRROR,GLORIO,0,GLORIO,08-08-2026,37,0,0,,FALSE,TRUE
U 8 MM GREY MATT,GLORIO,0,GLORIO,08-08-2026,0,0,0,,FALSE,TRUE
U 8 MM SILVER MIRROR,GLORIO,0,GLORIO,08-08-2026,40,0,0,,FALSE,TRUE
U 8 MM SILVER MATT,GLORIO,0,GLORIO,08-08-2026,0,0,0,,FALSE,TRUE
U 12 MM COPPER MIRROR,GLORIO,0,GLORIO,08-08-2026,12,0,0,,FALSE,TRUE
U 12 MM COPPER MATT,GLORIO,0,GLORIO,08-08-2026,0,0,0,,FALSE,TRUE
U 12 MM GOLD MIRROR,GLORIO,0,GLORIO,08-08-2026,37,0,0,,FALSE,TRUE
U 12 MM GOLD MATT,GLORIO,0,GLORIO,08-08-2026,0,0,0,,FALSE,TRUE
U 18 MM COPPER MIRROR,GLORIO,0,GLORIO,08-08-2026,4,0,0,,FALSE,TRUE
U 18 MM COPPER MATT,GLORIO,0,GLORIO,08-08-2026,4,0,0,,FALSE,TRUE
U 18 MM GOLD MIRROR,GLORIO,0,GLORIO,08-08-2026,8,0,0,,FALSE,TRUE
U 18 MM GOLD MATT,GLORIO,0,GLORIO,08-08-2026,0,0,0,,FALSE,TRUE
U 18 MM SILVER MIRROR,GLORIO,0,GLORIO,08-08-2026,40,0,0,,FALSE,TRUE
HG 401 (3502),CHROMA,0,KETONE LAMINATES LLP,08-08-2026,0,0,0,,FALSE,TRUE
HG 402 (3505),CHROMA,0,KETONE LAMINATES LLP,08-08-2026,0,1,0,,FALSE,TRUE
HG 403 (3506),CHROMA,0,KETONE LAMINATES LLP,08-08-2026,4,0,0,,FALSE,TRUE
HG 404 (3504),CHROMA,0,KETONE LAMINATES LLP,08-08-2026,0,0,0,,FALSE,TRUE
HG 405 (3503),CHROMA,0,KETONE LAMINATES LLP,08-08-2026,0,0,0,,FALSE,TRUE
HG 406 (3510),CHROMA,0,KETONE LAMINATES LLP,08-08-2026,0,0,0,,FALSE,TRUE
HG 407 (3511),CHROMA,0,KETONE LAMINATES LLP,08-08-2026,0,0,0,,FALSE,TRUE
HG 408 (3522),CHROMA,0,KETONE LAMINATES LLP,08-08-2026,0,0,0,,FALSE,TRUE
HG 409 (3528),CHROMA,0,KETONE LAMINATES LLP,08-08-2026,2,0,0,,FALSE,TRUE
HG 410 (3525),CHROMA,0,KETONE LAMINATES LLP,08-08-2026,4,0,0,,FALSE,TRUE
HG 411,CHROMA,0,KETONE LAMINATES LLP,08-08-2026,0,0,0,,FALSE,TRUE
HG 412,CHROMA,0,KETONE LAMINATES LLP,08-08-2026,0,1,0,,FALSE,TRUE
HG 413,CHROMA,0,KETONE LAMINATES LLP,08-08-2026,0,0,0,,FALSE,TRUE
HG 414,CHROMA,0,KETONE LAMINATES LLP,08-08-2026,3,0,0,,FALSE,TRUE
HG 415,CHROMA,0,KETONE LAMINATES LLP,08-08-2026,0,0,0,,FALSE,TRUE
HG 416,CHROMA,0,KETONE LAMINATES LLP,08-08-2026,0,0,0,,FALSE,TRUE
HG 417,CHROMA,0,KETONE LAMINATES LLP,08-08-2026,2,0,0,,FALSE,TRUE
HG 418,CHROMA,0,KETONE LAMINATES LLP,08-08-2026,2,0,0,,FALSE,TRUE
HG 419,CHROMA,0,KETONE LAMINATES LLP,08-08-2026,3,0,0,,FALSE,TRUE
HG 420,CHROMA,0,KETONE LAMINATES LLP,08-08-2026,4,0,0,,FALSE,TRUE
HG 421,CHROMA,0,KETONE LAMINATES LLP,08-08-2026,4,0,0,,FALSE,TRUE
HG 422,CHROMA,0,KETONE LAMINATES LLP,08-08-2026,1,0,0,,FALSE,TRUE
HG 423,CHROMA,0,KETONE LAMINATES LLP,08-08-2026,0,0,0,,FALSE,TRUE
HG 424,CHROMA,0,KETONE LAMINATES LLP,08-08-2026,3,0,0,,FALSE,TRUE
HG 425,CHROMA,0,KETONE LAMINATES LLP,08-08-2026,0,0,0,,FALSE,TRUE
HG 426,CHROMA,0,KETONE LAMINATES LLP,08-08-2026,0,0,0,,FALSE,TRUE
HG 427,CHROMA,0,KETONE LAMINATES LLP,08-08-2026,4,0,0,,FALSE,TRUE
HG 428,CHROMA,0,KETONE LAMINATES LLP,08-08-2026,2,0,0,,FALSE,TRUE
HG 429,CHROMA,0,KETONE LAMINATES LLP,08-08-2026,2,0,0,,FALSE,TRUE
HG 430,CHROMA,1,KETONE LAMINATES LLP,08-08-2026,3,0,0,,FALSE,TRUE
HG 431 (3529),CHROMA,0,KETONE LAMINATES LLP,08-08-2026,0,0,0,,FALSE,TRUE
SMT 401 (3502),CHROMA,0,KETONE LAMINATES LLP,08-08-2026,0,0,0,,FALSE,TRUE
SMT 402 (3505),CHROMA,0,KETONE LAMINATES LLP,08-08-2026,0,0,0,,FALSE,TRUE
SMT 403 (3506),CHROMA,0,KETONE LAMINATES LLP,08-08-2026,1,0,0,,FALSE,TRUE
SMT 404 (3504),CHROMA,0,KETONE LAMINATES LLP,08-08-2026,0,0,0,,FALSE,TRUE
SMT 405 (3503),CHROMA,0,KETONE LAMINATES LLP,08-08-2026,0,0,0,,FALSE,TRUE
SMT 406 (3510),CHROMA,0,KETONE LAMINATES LLP,08-08-2026,0,0,0,,FALSE,TRUE
SMT 407 (3511),CHROMA,0,KETONE LAMINATES LLP,08-08-2026,0,0,0,,FALSE,TRUE
SMT 408 (3522),CHROMA,0,KETONE LAMINATES LLP,08-08-2026,0,0,0,,FALSE,TRUE
SMT 409 (3528),CHROMA,0,KETONE LAMINATES LLP,08-08-2026,0,0,0,,FALSE,TRUE
SMT 410 (3525),CHROMA,0,KETONE LAMINATES LLP,08-08-2026,0,0,0,,FALSE,TRUE
SMT 411,CHROMA,0,KETONE LAMINATES LLP,08-08-2026,0,0,0,,FALSE,TRUE
SMT 412,CHROMA,0,KETONE LAMINATES LLP,08-08-2026,0,1,0,,FALSE,TRUE
SMT 413,CHROMA,0,KETONE LAMINATES LLP,08-08-2026,1,0,0,,FALSE,TRUE
SMT 414,CHROMA,0,KETONE LAMINATES LLP,08-08-2026,5,0,0,,FALSE,TRUE
SMT 415,CHROMA,0,KETONE LAMINATES LLP,08-08-2026,1,0,0,,FALSE,TRUE
SMT 416,CHROMA,0,KETONE LAMINATES LLP,08-08-2026,0,0,0,,FALSE,TRUE
SMT 417,CHROMA,0,KETONE LAMINATES LLP,08-08-2026,4,0,0,,FALSE,TRUE
SMT 418,CHROMA,0,KETONE LAMINATES LLP,08-08-2026,4,0,0,,FALSE,TRUE
SMT 419,CHROMA,0,KETONE LAMINATES LLP,08-08-2026,3,0,0,,FALSE,TRUE
SMT 420,CHROMA,0,KETONE LAMINATES LLP,08-08-2026,2,0,0,,FALSE,TRUE
SMT 421,CHROMA,0,KETONE LAMINATES LLP,08-08-2026,0,0,0,,FALSE,TRUE
SMT 422,CHROMA,0,KETONE LAMINATES LLP,08-08-2026,3,0,0,,FALSE,TRUE
SMT 423,CHROMA,0,KETONE LAMINATES LLP,08-08-2026,4,0,0,,FALSE,TRUE
SMT 424,CHROMA,0,KETONE LAMINATES LLP,08-08-2026,0,0,0,,FALSE,TRUE
SMT 425,CHROMA,0,KETONE LAMINATES LLP,08-08-2026,8,2,0,,FALSE,TRUE
SMT 426,CHROMA,0,KETONE LAMINATES LLP,08-08-2026,4,0,0,,FALSE,TRUE
SMT 427,CHROMA,0,KETONE LAMINATES LLP,08-08-2026,2,0,0,,FALSE,TRUE
SMT 428,CHROMA,0,KETONE LAMINATES LLP,08-08-2026,1,0,0,,FALSE,TRUE
SMT 429,CHROMA,0,KETONE LAMINATES LLP,08-08-2026,0,0,0,,FALSE,TRUE
SMT 430,CHROMA,1,KETONE LAMINATES LLP,08-08-2026,5,1,0,,FALSE,TRUE
SMT 431 (3529),CHROMA,0,KETONE LAMINATES LLP,08-08-2026,0,0,0,,FALSE,TRUE
TR 401,CHROMA,0,KETONE LAMINATES LLP,08-08-2026,4,0,0,,FALSE,TRUE
TR 402,CHROMA,0,KETONE LAMINATES LLP,08-08-2026,0,0,0,,FALSE,TRUE
TR 403,CHROMA,0,KETONE LAMINATES LLP,08-08-2026,4,0,0,,FALSE,TRUE
TR 404,CHROMA,0,KETONE LAMINATES LLP,08-08-2026,0,0,0,,FALSE,TRUE
TR 405,CHROMA,0,KETONE LAMINATES LLP,08-08-2026,4,0,0,,FALSE,TRUE
TR 406,CHROMA,0,KETONE LAMINATES LLP,08-08-2026,4,0,0,,FALSE,TRUE
TR 407,CHROMA,0,KETONE LAMINATES LLP,08-08-2026,4,0,0,,FALSE,TRUE
TR 408,CHROMA,0,KETONE LAMINATES LLP,08-08-2026,1,0,0,,FALSE,TRUE
TR 409,CHROMA,0,KETONE LAMINATES LLP,08-08-2026,3,0,0,,FALSE,TRUE
TR 410,CHROMA,0,KETONE LAMINATES LLP,08-08-2026,4,0,0,,FALSE,TRUE
TR 411,CHROMA,0,KETONE LAMINATES LLP,08-08-2026,2,0,0,,FALSE,TRUE
TR 412,CHROMA,0,KETONE LAMINATES LLP,08-08-2026,4,0,0,,FALSE,TRUE
TR 413,CHROMA,0,KETONE LAMINATES LLP,08-08-2026,3,0,0,,FALSE,TRUE
TR 414,CHROMA,0,KETONE LAMINATES LLP,08-08-2026,1,0,0,,FALSE,TRUE
TR 415,CHROMA,0,KETONE LAMINATES LLP,08-08-2026,1,0,0,,FALSE,TRUE
TR 416,CHROMA,0,KETONE LAMINATES LLP,08-08-2026,3,0,0,,FALSE,TRUE
TR 417,CHROMA,0,KETONE LAMINATES LLP,08-08-2026,4,0,0,,FALSE,TRUE
TR 418,CHROMA,0,KETONE LAMINATES LLP,08-08-2026,0,0,0,,FALSE,TRUE
TR 419,CHROMA,0,KETONE LAMINATES LLP,08-08-2026,3,0,0,,FALSE,TRUE
TR 420,CHROMA,0,KETONE LAMINATES LLP,08-08-2026,4,0,0,,FALSE,TRUE
TR 421,CHROMA,0,KETONE LAMINATES LLP,08-08-2026,0,0,0,,FALSE,TRUE
TR 422,CHROMA,0,KETONE LAMINATES LLP,08-08-2026,0,0,0,,FALSE,TRUE
TR 423,CHROMA,0,KETONE LAMINATES LLP,08-08-2026,4,0,0,,FALSE,TRUE
TR 424,CHROMA,0,KETONE LAMINATES LLP,08-08-2026,3,0,0,,FALSE,TRUE
TR 425,CHROMA,0,KETONE LAMINATES LLP,08-08-2026,0,0,0,,FALSE,TRUE
TR 426,CHROMA,0,KETONE LAMINATES LLP,08-08-2026,1,0,0,,FALSE,TRUE
TR 427,CHROMA,0,KETONE LAMINATES LLP,08-08-2026,1,0,0,,FALSE,TRUE
TR 428,CHROMA,0,KETONE LAMINATES LLP,08-08-2026,4,0,0,,FALSE,TRUE
TR 429,CHROMA,0,KETONE LAMINATES LLP,08-08-2026,1,0,0,,FALSE,TRUE
TR 430,CHROMA,1,KETONE LAMINATES LLP,08-08-2026,1,0,0,,FALSE,TRUE
TR 431,CHROMA,0,KETONE LAMINATES LLP,08-08-2026,1,0,0,,FALSE,TRUE
LT 401,CHROMA,0,KETONE LAMINATES LLP,08-08-2026,3,0,0,,FALSE,TRUE
LT 402,CHROMA,0,KETONE LAMINATES LLP,08-08-2026,3,0,0,,FALSE,TRUE
LT 403,CHROMA,0,KETONE LAMINATES LLP,08-08-2026,2,0,0,,FALSE,TRUE
LT 404,CHROMA,0,KETONE LAMINATES LLP,08-08-2026,0,1,0,,FALSE,TRUE
LT 405,CHROMA,0,KETONE LAMINATES LLP,08-08-2026,4,0,0,,FALSE,TRUE
LT 406,CHROMA,0,KETONE LAMINATES LLP,08-08-2026,0,0,0,,FALSE,TRUE
LT 407,CHROMA,0,KETONE LAMINATES LLP,08-08-2026,4,0,0,,FALSE,TRUE
LT 408,CHROMA,0,KETONE LAMINATES LLP,08-08-2026,0,0,0,,FALSE,TRUE
LT 409,CHROMA,0,KETONE LAMINATES LLP,08-08-2026,1,0,0,,FALSE,TRUE
LT 410,CHROMA,0,KETONE LAMINATES LLP,08-08-2026,1,0,0,,FALSE,TRUE
LT 411,CHROMA,0,KETONE LAMINATES LLP,08-08-2026,1,0,0,,FALSE,TRUE
LT 412,CHROMA,0,KETONE LAMINATES LLP,08-08-2026,1,0,0,,FALSE,TRUE
LT 413,CHROMA,0,KETONE LAMINATES LLP,08-08-2026,6,0,0,,FALSE,TRUE
LT 414,CHROMA,0,KETONE LAMINATES LLP,08-08-2026,0,0,0,,FALSE,TRUE
LT 415,CHROMA,0,KETONE LAMINATES LLP,08-08-2026,1,0,0,,FALSE,TRUE
LT 416,CHROMA,0,KETONE LAMINATES LLP,08-08-2026,0,0,0,,FALSE,TRUE
LT 417,CHROMA,0,KETONE LAMINATES LLP,08-08-2026,3,0,0,,FALSE,TRUE
LT 418,CHROMA,0,KETONE LAMINATES LLP,08-08-2026,4,0,0,,FALSE,TRUE
LT 419,CHROMA,0,KETONE LAMINATES LLP,08-08-2026,0,0,0,,FALSE,TRUE
LT 420,CHROMA,0,KETONE LAMINATES LLP,08-08-2026,4,0,0,,FALSE,TRUE
LT 421,CHROMA,0,KETONE LAMINATES LLP,08-08-2026,0,0,0,,FALSE,TRUE
LT 422,CHROMA,0,KETONE LAMINATES LLP,08-08-2026,0,0,0,,FALSE,TRUE
LT 423,CHROMA,0,KETONE LAMINATES LLP,08-08-2026,3,0,0,,FALSE,TRUE
LT 424,CHROMA,0,KETONE LAMINATES LLP,08-08-2026,4,0,0,,FALSE,TRUE
LT 425,CHROMA,0,KETONE LAMINATES LLP,08-08-2026,0,0,0,,FALSE,TRUE
LT 426,CHROMA,0,KETONE LAMINATES LLP,08-08-2026,1,0,0,,FALSE,TRUE
LT 427,CHROMA,0,KETONE LAMINATES LLP,08-08-2026,4,0,0,,FALSE,TRUE
LT 428,CHROMA,0,KETONE LAMINATES LLP,08-08-2026,4,0,0,,FALSE,TRUE
LT 429,CHROMA,0,KETONE LAMINATES LLP,08-08-2026,0,0,0,,FALSE,TRUE
LT 430,CHROMA,1,KETONE LAMINATES LLP,08-08-2026,1,0,0,,FALSE,TRUE
LT 431,CHROMA,0,KETONE LAMINATES LLP,08-08-2026,0,0,0,,FALSE,TRUE
CH 416,CHROMA,0,KETONE LAMINATES LLP,08-08-2026,4,2,0,,FALSE,TRUE
CH 425,CHROMA,0,KETONE LAMINATES LLP,08-08-2026,0,1,0,,FALSE,TRUE
CH 428,CHROMA,0,KETONE LAMINATES LLP,08-08-2026,6,0,0,,FALSE,TRUE
CH 429,CHROMA,0,KETONE LAMINATES LLP,08-08-2026,1,0,0,,FALSE,TRUE
Q21 8177,ROXX LAM,0,RANGOLI LAMINATES PVT. LTD.,08-08-2026,1,0,0,,FALSE,TRUE
Q21 8259,ROXX LAM,0,RANGOLI LAMINATES PVT. LTD.,08-08-2026,2,0,0,,FALSE,TRUE
Q29 8076,ROXX LAM,0,RANGOLI LAMINATES PVT. LTD.,08-08-2026,2,0,1,,FALSE,TRUE
Q29 8255,ROXX LAM,0,RANGOLI LAMINATES PVT. LTD.,08-08-2026,1,1,1,,FALSE,TRUE
Q29 8275,ROXX LAM,0,RANGOLI LAMINATES PVT. LTD.,08-08-2026,3,0,1,,FALSE,TRUE
Q32 8192,ROXX LAM,0,RANGOLI LAMINATES PVT. LTD.,08-08-2026,2,0,0,,FALSE,TRUE
Q32 8263,ROXX LAM,0,RANGOLI LAMINATES PVT. LTD.,08-08-2026,4,0,0,,FALSE,TRUE
Q38 8199,ROXX LAM,0,RANGOLI LAMINATES PVT. LTD.,08-08-2026,6,0,1,,FALSE,TRUE
Q38 8211,ROXX LAM,0,RANGOLI LAMINATES PVT. LTD.,08-08-2026,3,0,1,,FALSE,TRUE
Q41 8303,ROXX LAM,0,RANGOLI LAMINATES PVT. LTD.,08-08-2026,1,0,0,,FALSE,TRUE
Q42 8238,ROXX LAM,0,RANGOLI LAMINATES PVT. LTD.,08-08-2026,5,0,1,,FALSE,TRUE
Q43 7084,ROXX LAM,0,RANGOLI LAMINATES PVT. LTD.,08-08-2026,0,1,0,,FALSE,TRUE
Q43 7085,ROXX LAM,0,RANGOLI LAMINATES PVT. LTD.,08-08-2026,2,0,0,,FALSE,TRUE
Q44 8238,ROXX LAM,0,RANGOLI LAMINATES PVT. LTD.,08-08-2026,8,0,1,,FALSE,TRUE
Q44 8270,ROXX LAM,0,RANGOLI LAMINATES PVT. LTD.,08-08-2026,2,0,0,,FALSE,TRUE
Q46 8267,ROXX LAM,0,RANGOLI LAMINATES PVT. LTD.,08-08-2026,1,0,1,,FALSE,TRUE
Q46 8338,ROXX LAM,0,RANGOLI LAMINATES PVT. LTD.,08-08-2026,2,0,0,,FALSE,TRUE
Q48 8282,ROXX LAM,0,RANGOLI LAMINATES PVT. LTD.,08-08-2026,1,0,0,,FALSE,TRUE
Q52 8192,ROXX LAM,0,RANGOLI LAMINATES PVT. LTD.,08-08-2026,3,0,0,,FALSE,TRUE
Q52 8227,ROXX LAM,0,RANGOLI LAMINATES PVT. LTD.,08-08-2026,3,0,0,,FALSE,TRUE
Q54 7074,ROXX LAM,0,RANGOLI LAMINATES PVT. LTD.,08-08-2026,4,0,0,,FALSE,TRUE
Q55 8252,ROXX LAM,0,RANGOLI LAMINATES PVT. LTD.,08-08-2026,5,0,0,,FALSE,TRUE
Q55 8253,ROXX LAM,0,RANGOLI LAMINATES PVT. LTD.,08-08-2026,5,1,0,,FALSE,TRUE
Q55 8273,ROXX LAM,0,RANGOLI LAMINATES PVT. LTD.,08-08-2026,4,0,0,,FALSE,TRUE
Q57 7084,ROXX LAM,0,RANGOLI LAMINATES PVT. LTD.,08-08-2026,3,0,1,,FALSE,TRUE
Q58 8263,ROXX LAM,0,RANGOLI LAMINATES PVT. LTD.,08-08-2026,2,0,0,,FALSE,TRUE
Q61 8290,ROXX LAM,0,RANGOLI LAMINATES PVT. LTD.,08-08-2026,1,0,0,,FALSE,TRUE
Q62 7033,ROXX LAM,0,RANGOLI LAMINATES PVT. LTD.,08-08-2026,1,0,0,,FALSE,TRUE
Q62 7088,ROXX LAM,0,RANGOLI LAMINATES PVT. LTD.,08-08-2026,7,0,0,,FALSE,TRUE
Q62 7096,ROXX LAM,0,RANGOLI LAMINATES PVT. LTD.,08-08-2026,2,0,0,,FALSE,TRUE
Q64 7085,ROXX LAM,0,RANGOLI LAMINATES PVT. LTD.,08-08-2026,3,0,0,,FALSE,TRUE
Q64 7095,ROXX LAM,0,RANGOLI LAMINATES PVT. LTD.,08-08-2026,3,0,0,,FALSE,TRUE
Q13 7040,ROXX LAM,0,RANGOLI LAMINATES PVT. LTD.,08-08-2026,6,0,0,,FALSE,TRUE
Q13 7055,ROXX LAM,0,RANGOLI LAMINATES PVT. LTD.,08-08-2026,2,0,0,,FALSE,TRUE
Q13 7063,ROXX LAM,0,RANGOLI LAMINATES PVT. LTD.,08-08-2026,1,0,0,,FALSE,TRUE
Q13 7064,ROXX LAM,0,RANGOLI LAMINATES PVT. LTD.,08-08-2026,6,0,0,,FALSE,TRUE
Q13 7082,ROXX LAM,0,RANGOLI LAMINATES PVT. LTD.,08-08-2026,0,1,0,,FALSE,TRUE
Q13 8232,ROXX LAM,0,RANGOLI LAMINATES PVT. LTD.,08-08-2026,1,0,0,,FALSE,TRUE
Q13 8238,ROXX LAM,0,RANGOLI LAMINATES PVT. LTD.,08-08-2026,4,0,1,,FALSE,TRUE
Q13 8281,ROXX LAM,0,RANGOLI LAMINATES PVT. LTD.,08-08-2026,4,0,0,,FALSE,TRUE
Q13 8262,ROXX LAM,0,RANGOLI LAMINATES PVT. LTD.,08-08-2026,3,0,0,,FALSE,TRUE
Q13 8295,ROXX LAM,0,RANGOLI LAMINATES PVT. LTD.,08-08-2026,3,0,0,,FALSE,TRUE
Q13 8297,ROXX LAM,0,RANGOLI LAMINATES PVT. LTD.,08-08-2026,2,0,1,,FALSE,TRUE
Q13 8303,ROXX LAM,0,RANGOLI LAMINATES PVT. LTD.,08-08-2026,1,0,0,,FALSE,TRUE
SF 7037,ROXX LAM,0,RANGOLI LAMINATES PVT. LTD.,08-08-2026,5,0,0,,FALSE,TRUE
SF 7039,ROXX LAM,0,RANGOLI LAMINATES PVT. LTD.,08-08-2026,4,0,0,,FALSE,TRUE
SF 7041,ROXX LAM,0,RANGOLI LAMINATES PVT. LTD.,08-08-2026,3,0,0,,FALSE,TRUE
SF 7046,ROXX LAM,0,RANGOLI LAMINATES PVT. LTD.,08-08-2026,1,0,0,,FALSE,TRUE
SF 7054,ROXX LAM,0,RANGOLI LAMINATES PVT. LTD.,08-08-2026,3,0,0,,FALSE,TRUE
SF 7062,ROXX LAM,0,RANGOLI LAMINATES PVT. LTD.,08-08-2026,4,0,0,,FALSE,TRUE
SF 7063,ROXX LAM,0,RANGOLI LAMINATES PVT. LTD.,08-08-2026,1,0,0,,FALSE,TRUE
SF 7064,ROXX LAM,0,RANGOLI LAMINATES PVT. LTD.,08-08-2026,4,0,0,,FALSE,TRUE
SF 8075,ROXX LAM,0,RANGOLI LAMINATES PVT. LTD.,08-08-2026,4,0,0,,FALSE,TRUE
SF 8076,ROXX LAM,0,RANGOLI LAMINATES PVT. LTD.,08-08-2026,2,0,0,,FALSE,TRUE
SF 8077,ROXX LAM,0,RANGOLI LAMINATES PVT. LTD.,08-08-2026,4,0,0,,FALSE,TRUE
SF 8087,ROXX LAM,0,RANGOLI LAMINATES PVT. LTD.,08-08-2026,3,0,0,,FALSE,TRUE
SF 8107,ROXX LAM,0,RANGOLI LAMINATES PVT. LTD.,08-08-2026,4,0,0,,FALSE,TRUE
SF 8177,ROXX LAM,0,RANGOLI LAMINATES PVT. LTD.,08-08-2026,3,0,0,,FALSE,TRUE
SF 8199,ROXX LAM,0,RANGOLI LAMINATES PVT. LTD.,08-08-2026,5,0,0,,FALSE,TRUE
SF 8227,ROXX LAM,0,RANGOLI LAMINATES PVT. LTD.,08-08-2026,6,0,0,,FALSE,TRUE
SF 8255,ROXX LAM,0,RANGOLI LAMINATES PVT. LTD.,08-08-2026,2,0,0,,FALSE,TRUE
SF 8273,ROXX LAM,0,RANGOLI LAMINATES PVT. LTD.,08-08-2026,2,0,0,,FALSE,TRUE
CR 7040,ROXX LAM,0,RANGOLI LAMINATES PVT. LTD.,08-08-2026,1,0,0,,FALSE,TRUE
CR 7063,ROXX LAM,0,RANGOLI LAMINATES PVT. LTD.,08-08-2026,2,0,0,,FALSE,TRUE
CR 7064,ROXX LAM,0,RANGOLI LAMINATES PVT. LTD.,08-08-2026,6,0,0,,FALSE,TRUE
Q21 8169,ROXX LAM,0,RANGOLI LAMINATES PVT. LTD.,08-08-2026,1,0,0,,FALSE,FALSE
Q21 8260,ROXX LAM,0,RANGOLI LAMINATES PVT. LTD.,08-08-2026,5,0,1,,FALSE,FALSE
Q29 8077,ROXX LAM,0,RANGOLI LAMINATES PVT. LTD.,08-08-2026,4,1,1,,FALSE,FALSE
Q29 8087,ROXX LAM,0,RANGOLI LAMINATES PVT. LTD.,08-08-2026,6,0,1,,FALSE,FALSE
Q29 8325,ROXX LAM,0,RANGOLI LAMINATES PVT. LTD.,08-08-2026,1,0,1,,FALSE,FALSE
Q38 8241,ROXX LAM,0,RANGOLI LAMINATES PVT. LTD.,08-08-2026,0,0,0,,FALSE,FALSE
Q38 8267,ROXX LAM,0,RANGOLI LAMINATES PVT. LTD.,08-08-2026,0,0,0,,FALSE,TRUE
Q38 8333,ROXX LAM,0,RANGOLI LAMINATES PVT. LTD.,08-08-2026,0,0,0,,FALSE,FALSE
Q38 8334,ROXX LAM,0,RANGOLI LAMINATES PVT. LTD.,08-08-2026,0,0,0,,FALSE,FALSE
Q40 8116,ROXX LAM,0,RANGOLI LAMINATES PVT. LTD.,08-08-2026,3,0,0,,FALSE,FALSE
Q40 8325,ROXX LAM,0,RANGOLI LAMINATES PVT. LTD.,08-08-2026,2,0,0,,FALSE,FALSE
Q41 5006,ROXX LAM,0,RANGOLI LAMINATES PVT. LTD.,08-08-2026,0,0,0,,FALSE,FALSE
Q41 5011,ROXX LAM,0,RANGOLI LAMINATES PVT. LTD.,08-08-2026,0,0,0,,FALSE,FALSE
Q41 5016,ROXX LAM,0,RANGOLI LAMINATES PVT. LTD.,08-08-2026,0,0,0,,FALSE,FALSE
Q41 5023,ROXX LAM,0,RANGOLI LAMINATES PVT. LTD.,08-08-2026,0,0,0,,FALSE,FALSE
Q41 5027,ROXX LAM,0,RANGOLI LAMINATES PVT. LTD.,08-08-2026,0,0,0,,FALSE,FALSE
Q41 5028,ROXX LAM,0,RANGOLI LAMINATES PVT. LTD.,08-08-2026,1,0,0,,FALSE,FALSE
Q41 5030,ROXX LAM,0,RANGOLI LAMINATES PVT. LTD.,08-08-2026,0,0,0,,FALSE,FALSE
Q41 5037,ROXX LAM,0,RANGOLI LAMINATES PVT. LTD.,08-08-2026,0,0,0,,FALSE,FALSE
Q41 7031,ROXX LAM,0,RANGOLI LAMINATES PVT. LTD.,08-08-2026,4,0,0,,FALSE,FALSE
Q41 7033,ROXX LAM,0,RANGOLI LAMINATES PVT. LTD.,08-08-2026,2,0,0,,FALSE,FALSE
Q41 7065,ROXX LAM,0,RANGOLI LAMINATES PVT. LTD.,08-08-2026,2,0,0,,FALSE,FALSE
Q41 7084,ROXX LAM,0,RANGOLI LAMINATES PVT. LTD.,08-08-2026,0,0,0,,FALSE,FALSE
Q41 7085,ROXX LAM,0,RANGOLI LAMINATES PVT. LTD.,08-08-2026,3,0,0,,FALSE,FALSE
Q41 7086,ROXX LAM,0,RANGOLI LAMINATES PVT. LTD.,08-08-2026,0,0,0,,FALSE,FALSE
Q41 7089,ROXX LAM,0,RANGOLI LAMINATES PVT. LTD.,08-08-2026,0,0,0,,FALSE,FALSE
Q41 7090,ROXX LAM,0,RANGOLI LAMINATES PVT. LTD.,08-08-2026,4,0,0,,FALSE,FALSE
Q41 7091,ROXX LAM,0,RANGOLI LAMINATES PVT. LTD.,08-08-2026,1,0,0,,FALSE,FALSE
Q41 7092,ROXX LAM,0,RANGOLI LAMINATES PVT. LTD.,08-08-2026,2,0,0,,FALSE,FALSE
Q41 7093,ROXX LAM,0,RANGOLI LAMINATES PVT. LTD.,08-08-2026,2,0,0,,FALSE,FALSE
Q41 7094,ROXX LAM,0,RANGOLI LAMINATES PVT. LTD.,08-08-2026,0,0,0,,FALSE,FALSE
Q41 7095,ROXX LAM,0,RANGOLI LAMINATES PVT. LTD.,08-08-2026,0,0,0,,FALSE,FALSE
Q41 7096,ROXX LAM,0,RANGOLI LAMINATES PVT. LTD.,08-08-2026,1,0,0,,FALSE,FALSE
Q41 8211,ROXX LAM,0,RANGOLI LAMINATES PVT. LTD.,08-08-2026,0,0,0,,FALSE,FALSE
Q41 8260,ROXX LAM,0,RANGOLI LAMINATES PVT. LTD.,08-08-2026,0,0,0,,FALSE,FALSE
Q41 8298,ROXX LAM,0,RANGOLI LAMINATES PVT. LTD.,08-08-2026,0,0,1,,FALSE,FALSE
Q41 8302,ROXX LAM,0,RANGOLI LAMINATES PVT. LTD.,08-08-2026,2,0,1,,FALSE,FALSE
Q41 8304,ROXX LAM,0,RANGOLI LAMINATES PVT. LTD.,08-08-2026,1,0,0,,FALSE,FALSE
Q41 8305,ROXX LAM,0,RANGOLI LAMINATES PVT. LTD.,08-08-2026,1,0,1,,FALSE,FALSE
Q41 8326,ROXX LAM,0,RANGOLI LAMINATES PVT. LTD.,08-08-2026,0,0,0,,FALSE,FALSE
Q41 8328,ROXX LAM,0,RANGOLI LAMINATES PVT. LTD.,08-08-2026,0,0,0,,FALSE,FALSE
Q41 8329,ROXX LAM,0,RANGOLI LAMINATES PVT. LTD.,08-08-2026,0,0,0,,FALSE,FALSE
Q41 8331,ROXX LAM,0,RANGOLI LAMINATES PVT. LTD.,08-08-2026,0,0,0,,FALSE,FALSE
Q41 8336,ROXX LAM,0,RANGOLI LAMINATES PVT. LTD.,08-08-2026,0,0,0,,FALSE,FALSE
Q41 8337,ROXX LAM,0,RANGOLI LAMINATES PVT. LTD.,08-08-2026,0,0,0,,FALSE,FALSE
Q42 8265,ROXX LAM,0,RANGOLI LAMINATES PVT. LTD.,08-08-2026,1,0,0,,FALSE,FALSE
Q43 8233,ROXX LAM,0,RANGOLI LAMINATES PVT. LTD.,08-08-2026,0,0,0,,FALSE,FALSE
Q43 8269,ROXX LAM,0,RANGOLI LAMINATES PVT. LTD.,08-08-2026,3,0,1,,FALSE,FALSE
Q43 8271,ROXX LAM,0,RANGOLI LAMINATES PVT. LTD.,08-08-2026,1,0,1,,FALSE,FALSE
Q43 8294,ROXX LAM,0,RANGOLI LAMINATES PVT. LTD.,08-08-2026,2,0,0,,FALSE,FALSE
Q44 8306,ROXX LAM,0,RANGOLI LAMINATES PVT. LTD.,08-08-2026,14,0,0,,FALSE,FALSE
Q44 8307,ROXX LAM,0,RANGOLI LAMINATES PVT. LTD.,08-08-2026,3,0,0,,FALSE,FALSE
Q46 8338,ROXX LAM,0,RANGOLI LAMINATES PVT. LTD.,08-08-2026,0,0,0,,FALSE,FALSE
Q46 8241,ROXX LAM,0,RANGOLI LAMINATES PVT. LTD.,08-08-2026,0,0,0,,FALSE,FALSE
Q47 8314,ROXX LAM,0,RANGOLI LAMINATES PVT. LTD.,08-08-2026,1,0,0,,FALSE,FALSE
Q47 8315,ROXX LAM,0,RANGOLI LAMINATES PVT. LTD.,08-08-2026,0,0,0,,FALSE,FALSE
Q47 8323,ROXX LAM,0,RANGOLI LAMINATES PVT. LTD.,08-08-2026,0,0,0,,TRUE,FALSE
Q47 8347,ROXX LAM,0,RANGOLI LAMINATES PVT. LTD.,08-08-2026,0,0,0,,FALSE,FALSE
Q48 8318,ROXX LAM,0,RANGOLI LAMINATES PVT. LTD.,08-08-2026,0,0,0,,FALSE,FALSE
Q48 8319,ROXX LAM,0,RANGOLI LAMINATES PVT. LTD.,08-08-2026,0,0,0,,FALSE,FALSE
Q48 8322,ROXX LAM,0,RANGOLI LAMINATES PVT. LTD.,08-08-2026,0,0,0,,FALSE,FALSE
Q52 8128,ROXX LAM,0,RANGOLI LAMINATES PVT. LTD.,08-08-2026,4,0,1,,FALSE,FALSE
Q52 8170,ROXX LAM,0,RANGOLI LAMINATES PVT. LTD.,08-08-2026,3,0,0,,FALSE,FALSE
Q52 8278,ROXX LAM,0,RANGOLI LAMINATES PVT. LTD.,08-08-2026,2,0,0,,FALSE,TRUE
Q52 8279,ROXX LAM,0,RANGOLI LAMINATES PVT. LTD.,08-08-2026,1,0,0,,FALSE,FALSE
Q52 8324,ROXX LAM,0,RANGOLI LAMINATES PVT. LTD.,08-08-2026,0,0,0,,TRUE,FALSE
Q53 8116,ROXX LAM,0,RANGOLI LAMINATES PVT. LTD.,08-08-2026,4,0,0,,FALSE,FALSE
Q53 8128,ROXX LAM,0,RANGOLI LAMINATES PVT. LTD.,08-08-2026,3,0,0,,FALSE,FALSE
Q54 7031,ROXX LAM,0,RANGOLI LAMINATES PVT. LTD.,08-08-2026,9,0,0,,FALSE,FALSE
Q54 7032,ROXX LAM,0,RANGOLI LAMINATES PVT. LTD.,08-08-2026,1,0,0,,FALSE,FALSE
Q54 7033,ROXX LAM,0,RANGOLI LAMINATES PVT. LTD.,08-08-2026,0,0,0,,FALSE,FALSE
Q54 7055,ROXX LAM,0,RANGOLI LAMINATES PVT. LTD.,08-08-2026,2,0,1,,FALSE,FALSE
Q54 7065,ROXX LAM,0,RANGOLI LAMINATES PVT. LTD.,08-08-2026,3,0,0,,FALSE,FALSE
Q54 7073,ROXX LAM,0,RANGOLI LAMINATES PVT. LTD.,08-08-2026,0,0,0,,FALSE,FALSE
Q54 7078,ROXX LAM,0,RANGOLI LAMINATES PVT. LTD.,08-08-2026,1,1,0,,FALSE,FALSE
Q54 7084,ROXX LAM,0,RANGOLI LAMINATES PVT. LTD.,08-08-2026,1,0,0,,FALSE,FALSE
Q54 7085,ROXX LAM,0,RANGOLI LAMINATES PVT. LTD.,08-08-2026,0,0,0,,FALSE,FALSE
Q54 7086,ROXX LAM,0,RANGOLI LAMINATES PVT. LTD.,08-08-2026,0,0,0,,FALSE,FALSE
Q54 7087,ROXX LAM,0,RANGOLI LAMINATES PVT. LTD.,08-08-2026,3,0,0,,FALSE,FALSE
Q56 8283,ROXX LAM,0,RANGOLI LAMINATES PVT. LTD.,08-08-2026,3,0,1,,FALSE,FALSE
Q56 8284,ROXX LAM,0,RANGOLI LAMINATES PVT. LTD.,08-08-2026,0,0,0,,FALSE,FALSE
Q57 8312,ROXX LAM,0,RANGOLI LAMINATES PVT. LTD.,08-08-2026,3,0,1,,FALSE,FALSE
Q57 8313,ROXX LAM,0,RANGOLI LAMINATES PVT. LTD.,08-08-2026,2,0,1,,FALSE,FALSE
Q57 8341,ROXX LAM,0,RANGOLI LAMINATES PVT. LTD.,08-08-2026,0,0,0,,FALSE,FALSE
Q57 8342,ROXX LAM,0,RANGOLI LAMINATES PVT. LTD.,08-08-2026,0,0,0,,FALSE,FALSE
Q57 8343,ROXX LAM,0,RANGOLI LAMINATES PVT. LTD.,08-08-2026,5,0,0,,FALSE,FALSE
Q58 8264,ROXX LAM,0,RANGOLI LAMINATES PVT. LTD.,08-08-2026,6,0,0,,FALSE,FALSE
Q58 8278,ROXX LAM,0,RANGOLI LAMINATES PVT. LTD.,08-08-2026,2,0,0,,FALSE,TRUE
Q58 8279,ROXX LAM,0,RANGOLI LAMINATES PVT. LTD.,08-08-2026,0,0,0,,FALSE,FALSE
Q59 8308,ROXX LAM,0,RANGOLI LAMINATES PVT. LTD.,08-08-2026,7,0,1,,FALSE,FALSE
Q59 8320,ROXX LAM,0,RANGOLI LAMINATES PVT. LTD.,08-08-2026,10,0,0,,FALSE,FALSE
Q59 8321,ROXX LAM,0,RANGOLI LAMINATES PVT. LTD.,08-08-2026,6,0,0,,FALSE,FALSE
Q59 8336,ROXX LAM,0,RANGOLI LAMINATES PVT. LTD.,08-08-2026,6,0,0,,FALSE,FALSE
Q59 8337,ROXX LAM,0,RANGOLI LAMINATES PVT. LTD.,08-08-2026,10,0,0,,FALSE,FALSE
Q59 8345,ROXX LAM,0,RANGOLI LAMINATES PVT. LTD.,08-08-2026,0,0,0,,FALSE,FALSE
Q59 8346,ROXX LAM,0,RANGOLI LAMINATES PVT. LTD.,08-08-2026,0,0,0,,FALSE,FALSE
Q60 8306,ROXX LAM,0,RANGOLI LAMINATES PVT. LTD.,08-08-2026,0,0,0,,FALSE,FALSE
Q60 8307,ROXX LAM,0,RANGOLI LAMINATES PVT. LTD.,08-08-2026,0,0,1,,FALSE,FALSE
Q60 8314,ROXX LAM,0,RANGOLI LAMINATES PVT. LTD.,08-08-2026,10,0,0,,FALSE,FALSE
Q60 8315,ROXX LAM,0,RANGOLI LAMINATES PVT. LTD.,08-08-2026,10,0,0,,FALSE,FALSE
Q60 8338,ROXX LAM,0,RANGOLI LAMINATES PVT. LTD.,08-08-2026,6,0,0,,FALSE,FALSE
Q60 8344,ROXX LAM,0,RANGOLI LAMINATES PVT. LTD.,08-08-2026,0,0,0,,FALSE,FALSE
Q61 7033,ROXX LAM,0,RANGOLI LAMINATES PVT. LTD.,08-08-2026,1,0,0,,FALSE,FALSE
Q61 7089,ROXX LAM,0,RANGOLI LAMINATES PVT. LTD.,08-08-2026,3,0,0,,FALSE,FALSE
Q61 7092,ROXX LAM,0,RANGOLI LAMINATES PVT. LTD.,08-08-2026,8,0,0,,FALSE,FALSE
Q61 7094,ROXX LAM,0,RANGOLI LAMINATES PVT. LTD.,08-08-2026,2,0,0,,FALSE,FALSE
Q61 7095,ROXX LAM,0,RANGOLI LAMINATES PVT. LTD.,08-08-2026,2,0,0,,FALSE,FALSE
Q61 8287,ROXX LAM,0,RANGOLI LAMINATES PVT. LTD.,08-08-2026,1,0,0,,FALSE,FALSE
Q61 8292,ROXX LAM,0,RANGOLI LAMINATES PVT. LTD.,08-08-2026,2,0,0,,FALSE,FALSE
Q61 8299,ROXX LAM,0,RANGOLI LAMINATES PVT. LTD.,08-08-2026,6,0,0,,FALSE,FALSE
Q61 8300,ROXX LAM,0,RANGOLI LAMINATES PVT. LTD.,08-08-2026,10,0,1,,FALSE,FALSE
Q61 8301,ROXX LAM,0,RANGOLI LAMINATES PVT. LTD.,08-08-2026,1,0,1,,FALSE,FALSE
Q61 8310,ROXX LAM,0,RANGOLI LAMINATES PVT. LTD.,08-08-2026,2,0,1,,FALSE,FALSE
Q61 8311,ROXX LAM,0,RANGOLI LAMINATES PVT. LTD.,08-08-2026,3,0,1,,FALSE,FALSE
Q61 8344,ROXX LAM,0,RANGOLI LAMINATES PVT. LTD.,08-08-2026,0,0,0,,FALSE,FALSE
Q62 8116,ROXX LAM,0,RANGOLI LAMINATES PVT. LTD.,08-08-2026,0,0,0,,FALSE,FALSE
Q62 8324,ROXX LAM,0,RANGOLI LAMINATES PVT. LTD.,08-08-2026,0,0,0,,TRUE,FALSE
Q62 8347,ROXX LAM,0,RANGOLI LAMINATES PVT. LTD.,08-08-2026,0,0,0,,FALSE,FALSE
Q63 7031,ROXX LAM,0,RANGOLI LAMINATES PVT. LTD.,08-08-2026,1,0,0,,FALSE,FALSE
Q63 7088,ROXX LAM,0,RANGOLI LAMINATES PVT. LTD.,08-08-2026,3,0,0,,FALSE,FALSE
Q63 7089,ROXX LAM,0,RANGOLI LAMINATES PVT. LTD.,08-08-2026,0,0,0,,FALSE,FALSE
Q63 7091,ROXX LAM,0,RANGOLI LAMINATES PVT. LTD.,08-08-2026,0,0,0,,FALSE,FALSE
Q63 7092,ROXX LAM,0,RANGOLI LAMINATES PVT. LTD.,08-08-2026,0,0,0,,FALSE,FALSE
Q63 7095,ROXX LAM,0,RANGOLI LAMINATES PVT. LTD.,08-08-2026,4,0,0,,FALSE,FALSE
Q63 8323,ROXX LAM,0,RANGOLI LAMINATES PVT. LTD.,08-08-2026,1,0,0,,TRUE,FALSE
Q65 7098,ROXX LAM,0,RANGOLI LAMINATES PVT. LTD.,08-08-2026,0,0,0,,FALSE,FALSE
Q65 7099,ROXX LAM,0,RANGOLI LAMINATES PVT. LTD.,08-08-2026,0,0,0,,FALSE,FALSE
Q65 7100,ROXX LAM,0,RANGOLI LAMINATES PVT. LTD.,08-08-2026,0,0,0,,FALSE,FALSE
Q65 7101,ROXX LAM,0,RANGOLI LAMINATES PVT. LTD.,08-08-2026,0,0,0,,FALSE,FALSE
Q65 7102,ROXX LAM,0,RANGOLI LAMINATES PVT. LTD.,08-08-2026,0,0,0,,FALSE,FALSE
Q65 7103,ROXX LAM,0,RANGOLI LAMINATES PVT. LTD.,08-08-2026,0,0,0,,FALSE,FALSE
Q65 8326,ROXX LAM,0,RANGOLI LAMINATES PVT. LTD.,08-08-2026,1,0,0,,FALSE,FALSE
Q66 7055,ROXX LAM,0,RANGOLI LAMINATES PVT. LTD.,08-08-2026,0,0,0,,FALSE,FALSE
Q66 7065,ROXX LAM,0,RANGOLI LAMINATES PVT. LTD.,08-08-2026,1,0,0,,FALSE,FALSE
Q66 7084,ROXX LAM,0,RANGOLI LAMINATES PVT. LTD.,08-08-2026,2,0,0,,FALSE,FALSE
Q66 7091,ROXX LAM,0,RANGOLI LAMINATES PVT. LTD.,08-08-2026,0,0,0,,FALSE,FALSE
Q66 8320,ROXX LAM,0,RANGOLI LAMINATES PVT. LTD.,08-08-2026,0,0,0,,FALSE,FALSE
Q66 8321,ROXX LAM,0,RANGOLI LAMINATES PVT. LTD.,08-08-2026,0,0,0,,FALSE,FALSE
Q67 7089,ROXX LAM,0,RANGOLI LAMINATES PVT. LTD.,08-08-2026,1,0,0,,FALSE,FALSE
Q67 7094,ROXX LAM,0,RANGOLI LAMINATES PVT. LTD.,08-08-2026,0,0,0,,FALSE,FALSE
Q67 7095,ROXX LAM,0,RANGOLI LAMINATES PVT. LTD.,08-08-2026,0,0,0,,FALSE,FALSE
Q67 7096,ROXX LAM,0,RANGOLI LAMINATES PVT. LTD.,08-08-2026,0,0,0,,FALSE,FALSE
Q67 8304,ROXX LAM,0,RANGOLI LAMINATES PVT. LTD.,08-08-2026,0,0,0,,FALSE,FALSE
Q67 8327,ROXX LAM,0,RANGOLI LAMINATES PVT. LTD.,08-08-2026,2,0,0,,FALSE,FALSE
Q68 8316,ROXX LAM,0,RANGOLI LAMINATES PVT. LTD.,08-08-2026,0,0,0,,FALSE,FALSE
Q68 8317,ROXX LAM,0,RANGOLI LAMINATES PVT. LTD.,08-08-2026,0,0,0,,FALSE,TRUE
Q69 5027,ROXX LAM,0,RANGOLI LAMINATES PVT. LTD.,08-08-2026,0,0,0,,FALSE,FALSE
Q69 5037,ROXX LAM,0,RANGOLI LAMINATES PVT. LTD.,08-08-2026,0,0,0,,FALSE,FALSE
Q69 7073,ROXX LAM,0,RANGOLI LAMINATES PVT. LTD.,08-08-2026,0,0,0,,FALSE,FALSE
Q69 7085,ROXX LAM,0,RANGOLI LAMINATES PVT. LTD.,08-08-2026,0,0,0,,FALSE,FALSE
Q69 7086,ROXX LAM,0,RANGOLI LAMINATES PVT. LTD.,08-08-2026,0,0,0,,FALSE,FALSE
Q70 5016,ROXX LAM,0,RANGOLI LAMINATES PVT. LTD.,08-08-2026,0,0,0,,FALSE,FALSE
Q70 7084,ROXX LAM,0,RANGOLI LAMINATES PVT. LTD.,08-08-2026,0,0,0,,FALSE,FALSE
Q70 7078,ROXX LAM,0,RANGOLI LAMINATES PVT. LTD.,08-08-2026,0,0,0,,FALSE,FALSE
Q70 7093,ROXX LAM,0,RANGOLI LAMINATES PVT. LTD.,08-08-2026,0,0,0,,FALSE,FALSE
Q71 8332,ROXX LAM,0,RANGOLI LAMINATES PVT. LTD.,08-08-2026,3,0,0,,FALSE,FALSE
Q71 8333,ROXX LAM,0,RANGOLI LAMINATES PVT. LTD.,08-08-2026,8,0,0,,FALSE,FALSE
Q71 8334,ROXX LAM,0,RANGOLI LAMINATES PVT. LTD.,08-08-2026,10,0,0,,FALSE,FALSE
Q71 8335,ROXX LAM,0,RANGOLI LAMINATES PVT. LTD.,08-08-2026,13,0,0,,FALSE,FALSE
Q73 8339,ROXX LAM,0,RANGOLI LAMINATES PVT. LTD.,08-08-2026,0,0,0,,FALSE,FALSE
Q73 8340,ROXX LAM,0,RANGOLI LAMINATES PVT. LTD.,08-08-2026,0,0,0,,FALSE,FALSE
Q74 8339,ROXX LAM,0,RANGOLI LAMINATES PVT. LTD.,08-08-2026,0,0,0,,FALSE,FALSE
Q74 7340,ROXX LAM,0,RANGOLI LAMINATES PVT. LTD.,08-08-2026,0,0,0,,FALSE,FALSE
Q74 8341,ROXX LAM,0,RANGOLI LAMINATES PVT. LTD.,08-08-2026,4,0,0,,FALSE,FALSE
Q74 8342,ROXX LAM,0,RANGOLI LAMINATES PVT. LTD.,08-08-2026,6,0,0,,FALSE,FALSE
Q13 7031 HG,ROXX LAM,0,RANGOLI LAMINATES PVT. LTD.,08-08-2026,0,0,0,,FALSE,FALSE
Q13 7033 HG,ROXX LAM,0,RANGOLI LAMINATES PVT. LTD.,08-08-2026,0,0,0,,FALSE,FALSE
Q13 7056 HG,ROXX LAM,0,RANGOLI LAMINATES PVT. LTD.,08-08-2026,0,0,0,,FALSE,FALSE
Q13 7073 HG,ROXX LAM,0,RANGOLI LAMINATES PVT. LTD.,08-08-2026,0,0,0,,FALSE,FALSE
Q13 7078 HG,ROXX LAM,0,RANGOLI LAMINATES PVT. LTD.,08-08-2026,0,0,0,,FALSE,FALSE
Q13 7084 HG,ROXX LAM,0,RANGOLI LAMINATES PVT. LTD.,08-08-2026,2,0,0,,FALSE,FALSE
Q13 7085 HG,ROXX LAM,0,RANGOLI LAMINATES PVT. LTD.,08-08-2026,0,0,0,,FALSE,FALSE
Q13 7086 HG,ROXX LAM,0,RANGOLI LAMINATES PVT. LTD.,08-08-2026,6,0,0,,FALSE,FALSE
Q13 7087 HG,ROXX LAM,0,RANGOLI LAMINATES PVT. LTD.,08-08-2026,0,0,0,,FALSE,FALSE
Q13 7088 HG,ROXX LAM,0,RANGOLI LAMINATES PVT. LTD.,08-08-2026,0,0,0,,FALSE,FALSE
Q13 7089 HG,ROXX LAM,0,RANGOLI LAMINATES PVT. LTD.,08-08-2026,0,0,0,,FALSE,FALSE
Q13 7090 HG,ROXX LAM,0,RANGOLI LAMINATES PVT. LTD.,08-08-2026,0,0,0,,FALSE,FALSE
Q13 7091 HG,ROXX LAM,0,RANGOLI LAMINATES PVT. LTD.,08-08-2026,0,0,0,,FALSE,FALSE
Q13 7092 HG,ROXX LAM,0,RANGOLI LAMINATES PVT. LTD.,08-08-2026,0,0,0,,FALSE,FALSE
Q13 7093 HG,ROXX LAM,0,RANGOLI LAMINATES PVT. LTD.,08-08-2026,0,0,0,,FALSE,FALSE
Q13 7094 HG,ROXX LAM,0,RANGOLI LAMINATES PVT. LTD.,08-08-2026,0,0,0,,FALSE,FALSE
Q13 7095 HG,ROXX LAM,0,RANGOLI LAMINATES PVT. LTD.,08-08-2026,1,0,0,,FALSE,FALSE
Q13 7096 HG,ROXX LAM,0,RANGOLI LAMINATES PVT. LTD.,08-08-2026,2,0,0,,FALSE,FALSE
Q13 7097 HG,ROXX LAM,0,RANGOLI LAMINATES PVT. LTD.,08-08-2026,0,0,0,,FALSE,FALSE
Q13 8126 HG,ROXX LAM,0,RANGOLI LAMINATES PVT. LTD.,08-08-2026,0,0,0,,FALSE,FALSE
Q13 8233 HG,ROXX LAM,0,RANGOLI LAMINATES PVT. LTD.,08-08-2026,3,0,1,,FALSE,FALSE
Q13 8265 HG,ROXX LAM,0,RANGOLI LAMINATES PVT. LTD.,08-08-2026,1,0,0,,FALSE,FALSE
Q13 8283 HG,ROXX LAM,0,RANGOLI LAMINATES PVT. LTD.,08-08-2026,0,0,0,,FALSE,FALSE
Q13 8284 HG,ROXX LAM,0,RANGOLI LAMINATES PVT. LTD.,08-08-2026,0,0,1,,FALSE,FALSE
Q13 8288 HG,ROXX LAM,0,RANGOLI LAMINATES PVT. LTD.,08-08-2026,5,0,1,,FALSE,FALSE
Q13 8289 HG,ROXX LAM,0,RANGOLI LAMINATES PVT. LTD.,08-08-2026,9,0,0,,FALSE,FALSE
Q13 8291 HG,ROXX LAM,0,RANGOLI LAMINATES PVT. LTD.,08-08-2026,1,0,1,,FALSE,FALSE
Q13 8296 HG,ROXX LAM,0,RANGOLI LAMINATES PVT. LTD.,08-08-2026,5,0,1,,FALSE,FALSE
Q13 8299 HG,ROXX LAM,0,RANGOLI LAMINATES PVT. LTD.,08-08-2026,3,0,1,,FALSE,FALSE
Q13 8300 HG,ROXX LAM,0,RANGOLI LAMINATES PVT. LTD.,08-08-2026,3,0,1,,FALSE,FALSE
Q13 8301 HG,ROXX LAM,0,RANGOLI LAMINATES PVT. LTD.,08-08-2026,0,0,0,,FALSE,FALSE
Q13 8302 HG,ROXX LAM,0,RANGOLI LAMINATES PVT. LTD.,08-08-2026,0,0,0,,FALSE,FALSE
Q13 8313 HG,ROXX LAM,0,RANGOLI LAMINATES PVT. LTD.,08-08-2026,3,0,1,,FALSE,FALSE
Q13 8329 HG,ROXX LAM,0,RANGOLI LAMINATES PVT. LTD.,08-08-2026,0,0,0,,FALSE,FALSE
Q13 8330 HG,ROXX LAM,0,RANGOLI LAMINATES PVT. LTD.,08-08-2026,1,0,0,,FALSE,FALSE
SF 7031,ROXX LAM,1,RANGOLI LAMINATES PVT. LTD.,08-08-2026,2,0,0,,FALSE,FALSE
SF 7031,ROXX LAM,2,RANGOLI LAMINATES PVT. LTD.,08-08-2026,1,0,0,,FALSE,FALSE
SF 7032,ROXX LAM,0,RANGOLI LAMINATES PVT. LTD.,08-08-2026,0,0,0,,FALSE,FALSE
SF 7033,ROXX LAM,0,RANGOLI LAMINATES PVT. LTD.,08-08-2026,1,0,0,,FALSE,FALSE
SF 7034,ROXX LAM,0,RANGOLI LAMINATES PVT. LTD.,08-08-2026,1,0,0,,FALSE,FALSE
SF 7055,ROXX LAM,0,RANGOLI LAMINATES PVT. LTD.,08-08-2026,1,0,0,,FALSE,FALSE
SF 7065,ROXX LAM,0,RANGOLI LAMINATES PVT. LTD.,08-08-2026,0,1,0,4X4 NA 2 PEEICE ,FALSE,FALSE
SF 7071,ROXX LAM,0,RANGOLI LAMINATES PVT. LTD.,08-08-2026,0,0,0,,FALSE,FALSE
SF 7073,ROXX LAM,0,RANGOLI LAMINATES PVT. LTD.,08-08-2026,0,0,0,,FALSE,FALSE
SF 7074,ROXX LAM,0,RANGOLI LAMINATES PVT. LTD.,08-08-2026,3,0,0,,FALSE,FALSE
SF 7075,ROXX LAM,0,RANGOLI LAMINATES PVT. LTD.,08-08-2026,3,0,0,,FALSE,FALSE
SF 7077,ROXX LAM,0,RANGOLI LAMINATES PVT. LTD.,08-08-2026,0,0,0,,FALSE,FALSE
SF 7078,ROXX LAM,0,RANGOLI LAMINATES PVT. LTD.,08-08-2026,0,0,0,,FALSE,FALSE
SF 7079,ROXX LAM,0,RANGOLI LAMINATES PVT. LTD.,08-08-2026,0,0,0,,FALSE,FALSE
SF 7084,ROXX LAM,0,RANGOLI LAMINATES PVT. LTD.,08-08-2026,0,1,0,SCRATCHES,FALSE,FALSE
SF 7085,ROXX LAM,0,RANGOLI LAMINATES PVT. LTD.,08-08-2026,0,0,0,,FALSE,FALSE
SF 7086,ROXX LAM,0,RANGOLI LAMINATES PVT. LTD.,08-08-2026,0,0,0,,FALSE,FALSE
SF 7087,ROXX LAM,0,RANGOLI LAMINATES PVT. LTD.,08-08-2026,1,0,0,,FALSE,FALSE
SF 8116,ROXX LAM,0,RANGOLI LAMINATES PVT. LTD.,08-08-2026,1,0,0,,FALSE,FALSE
SF 8128,ROXX LAM,0,RANGOLI LAMINATES PVT. LTD.,08-08-2026,1,0,0,,FALSE,FALSE
SF 8152,ROXX LAM,0,RANGOLI LAMINATES PVT. LTD.,08-08-2026,1,0,0,,FALSE,FALSE
SF 8169,ROXX LAM,0,RANGOLI LAMINATES PVT. LTD.,08-08-2026,4,0,0,,FALSE,FALSE
SF 8170,ROXX LAM,0,RANGOLI LAMINATES PVT. LTD.,08-08-2026,1,0,0,,FALSE,FALSE
SF 8172,ROXX LAM,0,RANGOLI LAMINATES PVT. LTD.,08-08-2026,0,0,0,,FALSE,FALSE
SF 8241,ROXX LAM,0,RANGOLI LAMINATES PVT. LTD.,08-08-2026,1,0,0,,FALSE,FALSE
SF 8258,ROXX LAM,0,RANGOLI LAMINATES PVT. LTD.,08-08-2026,4,0,0,,FALSE,FALSE
SF 8264,ROXX LAM,0,RANGOLI LAMINATES PVT. LTD.,08-08-2026,3,0,0,,FALSE,FALSE
SF 8267,ROXX LAM,0,RANGOLI LAMINATES PVT. LTD.,08-08-2026,3,0,0,,FALSE,TRUE
SF 8278,ROXX LAM,0,RANGOLI LAMINATES PVT. LTD.,08-08-2026,2,0,0,,FALSE,TRUE
SF 8279,ROXX LAM,0,RANGOLI LAMINATES PVT. LTD.,08-08-2026,1,1,0,,FALSE,FALSE
SF 8299,ROXX LAM,0,RANGOLI LAMINATES PVT. LTD.,08-08-2026,4,0,0,,FALSE,FALSE
SF 8300,ROXX LAM,0,RANGOLI LAMINATES PVT. LTD.,08-08-2026,4,0,0,,FALSE,FALSE
SF 8301,ROXX LAM,0,RANGOLI LAMINATES PVT. LTD.,08-08-2026,0,0,0,,FALSE,FALSE
SF 8306,ROXX LAM,0,RANGOLI LAMINATES PVT. LTD.,08-08-2026,5,0,0,,FALSE,FALSE
SF 8307,ROXX LAM,0,RANGOLI LAMINATES PVT. LTD.,08-08-2026,0,0,0,,FALSE,FALSE
SF 8318,ROXX LAM,0,RANGOLI LAMINATES PVT. LTD.,08-08-2026,1,0,0,,FALSE,FALSE
SF 8319,ROXX LAM,0,RANGOLI LAMINATES PVT. LTD.,08-08-2026,0,0,0,,FALSE,FALSE
SF 8320,ROXX LAM,0,RANGOLI LAMINATES PVT. LTD.,08-08-2026,0,0,0,,FALSE,FALSE
SF 8321,ROXX LAM,0,RANGOLI LAMINATES PVT. LTD.,08-08-2026,0,0,0,,FALSE,FALSE
SF 8322,ROXX LAM,0,RANGOLI LAMINATES PVT. LTD.,08-08-2026,0,0,0,,FALSE,FALSE
SF 8323,ROXX LAM,0,RANGOLI LAMINATES PVT. LTD.,08-08-2026,0,0,0,,TRUE,FALSE
SF 8324,ROXX LAM,0,RANGOLI LAMINATES PVT. LTD.,08-08-2026,0,0,0,,TRUE,FALSE
SF 8325,ROXX LAM,0,RANGOLI LAMINATES PVT. LTD.,08-08-2026,0,0,0,,FALSE,FALSE
AF 7033,ROXX LAM,0,RANGOLI LAMINATES PVT. LTD.,08-08-2026,0,0,0,,FALSE,FALSE
AF 7084,ROXX LAM,0,RANGOLI LAMINATES PVT. LTD.,08-08-2026,0,0,0,,FALSE,FALSE
AF 7085,ROXX LAM,0,RANGOLI LAMINATES PVT. LTD.,08-08-2026,0,0,0,,FALSE,FALSE
AF 7091,ROXX LAM,0,RANGOLI LAMINATES PVT. LTD.,08-08-2026,0,0,0,,FALSE,FALSE
AF 7092,ROXX LAM,0,RANGOLI LAMINATES PVT. LTD.,08-08-2026,0,0,0,,FALSE,FALSE
AF 7096,ROXX LAM,0,RANGOLI LAMINATES PVT. LTD.,08-08-2026,0,0,0,,FALSE,FALSE
CR 7031,ROXX LAM,0,RANGOLI LAMINATES PVT. LTD.,08-08-2026,0,0,0,,FALSE,FALSE
CR 7033,ROXX LAM,0,RANGOLI LAMINATES PVT. LTD.,08-08-2026,0,0,0,,FALSE,FALSE
T13 7033,ROXX LAM,0,RANGOLI LAMINATES PVT. LTD.,08-08-2026,0,0,0,,FALSE,FALSE
T13 7086,ROXX LAM,0,RANGOLI LAMINATES PVT. LTD.,08-08-2026,0,0,0,,FALSE,FALSE
T13 7091,ROXX LAM,0,RANGOLI LAMINATES PVT. LTD.,08-08-2026,0,0,0,,FALSE,FALSE
5002/01,YOUR DECOR,204,SHREE ADHYA SHAKTI,08-08-2026,2,0,0,,FALSE,TRUE
5002/06,YOUR DECOR,201,SHREE ADHYA SHAKTI,08-08-2026,2,0,0,,FALSE,TRUE
5002/31,YOUR DECOR,0,SHREE ADHYA SHAKTI,08-08-2026,0,0,0,,FALSE,TRUE
5002/39,YOUR DECOR,0,SHREE ADHYA SHAKTI,08-08-2026,0,0,0,,FALSE,TRUE
5002/147,YOUR DECOR,202,SHREE ADHYA SHAKTI,08-08-2026,10,0,0,,FALSE,TRUE
5002/147,YOUR DECOR,201,SHREE ADHYA SHAKTI,08-08-2026,3,0,0,,FALSE,TRUE
5002/148,YOUR DECOR,201,SHREE ADHYA SHAKTI,08-08-2026,2,0,0,,FALSE,TRUE
5002/149,YOUR DECOR,0,SHREE ADHYA SHAKTI,08-08-2026,0,0,0,,FALSE,TRUE
5003/01,YOUR DECOR,0,SHREE ADHYA SHAKTI,08-08-2026,0,0,0,,FALSE,TRUE
5003/02,YOUR DECOR,204,SHREE ADHYA SHAKTI,08-08-2026,2,0,0,DAMAGE,FALSE,TRUE
5003/10,YOUR DECOR,0,SHREE ADHYA SHAKTI,08-08-2026,0,0,0,,FALSE,TRUE
5003/16,YOUR DECOR,203,SHREE ADHYA SHAKTI,08-08-2026,12,0,0,1 DAMAGE,FALSE,TRUE
5003/32,YOUR DECOR,201,SHREE ADHYA SHAKTI,08-08-2026,74,0,0,,FALSE,TRUE
5003/114,YOUR DECOR,201,SHREE ADHYA SHAKTI,08-08-2026,7,0,0,,FALSE,TRUE
5003/124,YOUR DECOR,0,SHREE ADHYA SHAKTI,08-08-2026,0,0,0,,FALSE,TRUE
5003/142,YOUR DECOR,202,SHREE ADHYA SHAKTI,08-08-2026,1,0,0,,FALSE,TRUE
5004/06,YOUR DECOR,201,SHREE ADHYA SHAKTI,08-08-2026,2,0,0,,FALSE,TRUE
5004/28,YOUR DECOR,0,SHREE ADHYA SHAKTI,08-08-2026,0,0,0,,FALSE,TRUE
5004/29,YOUR DECOR,201,SHREE ADHYA SHAKTI,08-08-2026,15,0,0,,FALSE,TRUE
5004/31,YOUR DECOR,209,SHREE ADHYA SHAKTI,08-08-2026,9,0,0,,FALSE,TRUE
5004/31,YOUR DECOR,205,SHREE ADHYA SHAKTI,08-08-2026,1,0,0,,FALSE,TRUE
5005/02,YOUR DECOR,209,SHREE ADHYA SHAKTI,08-08-2026,1,0,0,,FALSE,TRUE
5005/17,YOUR DECOR,201,SHREE ADHYA SHAKTI,08-08-2026,5,0,0,,FALSE,TRUE
5005/31,YOUR DECOR,0,SHREE ADHYA SHAKTI,08-08-2026,0,0,0,,FALSE,TRUE
5005/32,YOUR DECOR,0,SHREE ADHYA SHAKTI,08-08-2026,0,0,0,,FALSE,TRUE
5005/34,YOUR DECOR,201,SHREE ADHYA SHAKTI,08-08-2026,1,0,0,,FALSE,TRUE
5005/34,YOUR DECOR,205,SHREE ADHYA SHAKTI,08-08-2026,1,0,0,,FALSE,TRUE
5005/34,YOUR DECOR,207,SHREE ADHYA SHAKTI,08-08-2026,1,0,0,,FALSE,TRUE
5005/166,YOUR DECOR,0,SHREE ADHYA SHAKTI,08-08-2026,0,0,0,,FALSE,TRUE
5006/02,YOUR DECOR,201,SHREE ADHYA SHAKTI,08-08-2026,2,0,0,,FALSE,TRUE
5006/33,YOUR DECOR,201,SHREE ADHYA SHAKTI,08-08-2026,4,0,0,,FALSE,TRUE
5006/136,YOUR DECOR,209,SHREE ADHYA SHAKTI,08-08-2026,4,0,0,,FALSE,TRUE
5006/144,YOUR DECOR,201,SHREE ADHYA SHAKTI,08-08-2026,1,0,0,,FALSE,TRUE
5006/144,YOUR DECOR,205,SHREE ADHYA SHAKTI,08-08-2026,1,0,0,,FALSE,TRUE
5007/02,YOUR DECOR,201,SHREE ADHYA SHAKTI,08-08-2026,1,1,0,,FALSE,TRUE
5007/04,YOUR DECOR,202,SHREE ADHYA SHAKTI,08-08-2026,2,0,0,,FALSE,TRUE
5007/36,YOUR DECOR,201,SHREE ADHYA SHAKTI,08-08-2026,3,0,0,,FALSE,TRUE
5007/36,YOUR DECOR,208,SHREE ADHYA SHAKTI,08-08-2026,2,0,0,,FALSE,TRUE
5007/124,YOUR DECOR,201,SHREE ADHYA SHAKTI,08-08-2026,4,0,0,,FALSE,TRUE
5008/36,YOUR DECOR,0,SHREE ADHYA SHAKTI,08-08-2026,2,2,0,,FALSE,TRUE
5008/108,YOUR DECOR,201,SHREE ADHYA SHAKTI,08-08-2026,1,0,0,,FALSE,TRUE
5008/108,YOUR DECOR,204,SHREE ADHYA SHAKTI,08-08-2026,1,1,0,,FALSE,TRUE
5008/110,YOUR DECOR,0,SHREE ADHYA SHAKTI,08-08-2026,0,0,0,,FALSE,TRUE
5008/111,YOUR DECOR,0,SHREE ADHYA SHAKTI,08-08-2026,0,0,0,,FALSE,TRUE
5008/136,YOUR DECOR,201,SHREE ADHYA SHAKTI,08-08-2026,2,2,0,,FALSE,TRUE
5008/141,YOUR DECOR,201,SHREE ADHYA SHAKTI,08-08-2026,1,0,0,,FALSE,TRUE
5009/05,YOUR DECOR,201,SHREE ADHYA SHAKTI,08-08-2026,1,0,0,,FALSE,TRUE
5009/79,YOUR DECOR,0,SHREE ADHYA SHAKTI,08-08-2026,0,0,0,,FALSE,TRUE
5009/115,YOUR DECOR,0,SHREE ADHYA SHAKTI,08-08-2026,0,0,0,,FALSE,TRUE
5009/145,YOUR DECOR,0,SHREE ADHYA SHAKTI,08-08-2026,0,0,0,,FALSE,TRUE
5010/01,YOUR DECOR,0,SHREE ADHYA SHAKTI,08-08-2026,0,0,0,,FALSE,TRUE
5010/96,YOUR DECOR,201,SHREE ADHYA SHAKTI,08-08-2026,45,0,0,,FALSE,TRUE
5010/151,YOUR DECOR,0,SHREE ADHYA SHAKTI,08-08-2026,0,0,0,,FALSE,TRUE
5011/04,YOUR DECOR,202,SHREE ADHYA SHAKTI,08-08-2026,13,1,0,,FALSE,TRUE
5011/148,YOUR DECOR,201,SHREE ADHYA SHAKTI,08-08-2026,33,0,0,,FALSE,TRUE
5011/149,YOUR DECOR,0,SHREE ADHYA SHAKTI,08-08-2026,0,0,0,,FALSE,TRUE
5011/153,YOUR DECOR,0,SHREE ADHYA SHAKTI,08-08-2026,0,0,0,,FALSE,TRUE
5011/154,YOUR DECOR,0,SHREE ADHYA SHAKTI,08-08-2026,0,0,0,,FALSE,TRUE
5011/155,YOUR DECOR,0,SHREE ADHYA SHAKTI,08-08-2026,1,0,0,,FALSE,TRUE
5011/156,YOUR DECOR,202,SHREE ADHYA SHAKTI,08-08-2026,58,0,0,,FALSE,TRUE
5011/157,YOUR DECOR,0,SHREE ADHYA SHAKTI,08-08-2026,0,0,0,,FALSE,TRUE
5011/158,YOUR DECOR,0,SHREE ADHYA SHAKTI,08-08-2026,0,0,0,,FALSE,TRUE
5011/159,YOUR DECOR,203,SHREE ADHYA SHAKTI,08-08-2026,2,0,0,,FALSE,TRUE
5012/37,YOUR DECOR,0,SHREE ADHYA SHAKTI,08-08-2026,0,1,0,,FALSE,TRUE
5012/151,YOUR DECOR,201,SHREE ADHYA SHAKTI,08-08-2026,2,0,0,,FALSE,TRUE
5012/161,YOUR DECOR,201,SHREE ADHYA SHAKTI,08-08-2026,22,0,0,,FALSE,TRUE
5012/163,YOUR DECOR,201,SHREE ADHYA SHAKTI,08-08-2026,5,0,0,,FALSE,TRUE
5013/06,YOUR DECOR,201,SHREE ADHYA SHAKTI,08-08-2026,3,0,0,,FALSE,TRUE
5013/140,YOUR DECOR,207,SHREE ADHYA SHAKTI,08-08-2026,1,0,0,,FALSE,TRUE
5013/141,YOUR DECOR,0,SHREE ADHYA SHAKTI,08-08-2026,0,0,0,,FALSE,TRUE
5013/159,YOUR DECOR,204,SHREE ADHYA SHAKTI,08-08-2026,9,0,0,,FALSE,TRUE
B13/9101,STAR DECK,0,STAR DECK,08-08-2026,15,0,0,,FALSE,TRUE
B13/9201,STAR DECK,0,STAR DECK,08-08-2026,0,0,0,,FALSE,TRUE
B31/1001 L,STAR DECK,0,STAR DECK,08-08-2026,50,0,0,,FALSE,TRUE
B31/1200,STAR DECK,0,STAR DECK,08-08-2026,19,1,0,OTHER BATCH,FALSE,TRUE
B31/1500,STAR DECK,0,STAR DECK,08-08-2026,0,0,0,,FALSE,TRUE
B31/1600,STAR DECK,0,STAR DECK,08-08-2026,27,0,0,,FALSE,TRUE
B31/4292,STAR DECK,0,STAR DECK,08-08-2026,7,3,0,,FALSE,TRUE
B32/1101 L,STAR DECK,0,STAR DECK,08-08-2026,65,0,0,,FALSE,TRUE
B32/1201,STAR DECK,0,STAR DECK,08-08-2026,2,0,0,,FALSE,TRUE
B32/1201 L,STAR DECK,0,STAR DECK,08-08-2026,20,0,0,,FALSE,TRUE
B32/1201 L,STAR DECK,1,STAR DECK,08-08-2026,3,0,0,,FALSE,TRUE
B32/1592,STAR DECK,0,STAR DECK,08-08-2026,0,0,0,,FALSE,TRUE
B32/4101,STAR DECK,0,STAR DECK,08-08-2026,9,0,0,,FALSE,TRUE
B32/4391,STAR DECK,0,STAR DECK,08-08-2026,46,0,0,,FALSE,TRUE
B32/4501,STAR DECK,0,STAR DECK,08-08-2026,47,0,0,,FALSE,TRUE
B32/7391 LE,STAR DECK,0,STAR DECK,08-08-2026,1,0,0,,FALSE,TRUE
B32/7393 C,STAR DECK,0,STAR DECK,08-08-2026,38,0,0,,FALSE,TRUE
B32/4894,STAR DECK,0,STAR DECK,08-08-2026,14,0,0,,FALSE,TRUE
B41/1000,STAR DECK,0,STAR DECK,08-08-2026,9,0,0,,FALSE,TRUE
B41/1192,STAR DECK,0,STAR DECK,08-08-2026,1,0,0,,FALSE,TRUE
B41/1201,STAR DECK,0,STAR DECK,08-08-2026,36,0,0,,FALSE,TRUE
B41/1201,STAR DECK,1,STAR DECK,08-08-2026,4,0,0,,FALSE,TRUE
B41/4301,STAR DECK,0,STAR DECK,08-08-2026,28,0,0,,FALSE,TRUE
B41/4492,STAR DECK,0,STAR DECK,08-08-2026,5,0,0,,FALSE,TRUE
B41/6100,STAR DECK,0,STAR DECK,08-08-2026,16,0,0,,FALSE,TRUE
B91/7001,STAR DECK,0,STAR DECK,08-08-2026,2,0,0,,FALSE,TRUE
B91/7601,STAR DECK,0,STAR DECK,08-08-2026,16,0,0,,FALSE,TRUE
B91/7801,STAR DECK,0,STAR DECK,08-08-2026,5,0,0,,FALSE,TRUE
B91/7801,STAR DECK,1,STAR DECK,08-08-2026,0,1,0,,FALSE,TRUE
B91/7901,STAR DECK,0,STAR DECK,08-08-2026,2,0,0,,FALSE,TRUE
B91/8001,STAR DECK,0,STAR DECK,08-08-2026,7,0,0,,FALSE,TRUE
B91/8102,STAR DECK,0,STAR DECK,08-08-2026,4,0,0,,FALSE,TRUE
B91/8102,STAR DECK,1,STAR DECK,08-08-2026,4,0,0,,FALSE,TRUE
R31/1000,STAR DECK,0,STAR DECK,08-08-2026,24,0,0,,FALSE,TRUE
R31/7190,STAR DECK,0,STAR DECK,08-08-2026,0,0,0,,FALSE,TRUE
R31/7391,STAR DECK,0,STAR DECK,08-08-2026,19,0,0,,FALSE,TRUE
R31/7391,STAR DECK,1,STAR DECK,08-08-2026,0,1,0,,FALSE,TRUE
R51/7000,STAR DECK,0,STAR DECK,08-08-2026,38,0,0,,FALSE,TRUE
R51/7300,STAR DECK,0,STAR DECK,08-08-2026,9,0,0,,FALSE,TRUE
RG 220,ROYAL GLOW,0,SUN INDUSTRIES,08-08-2026,4,0,0,,FALSE,TRUE
RG 214,ROYAL GLOW,0,SUN INDUSTRIES,08-08-2026,3,0,0,,FALSE,TRUE
RG 227,ROYAL GLOW,0,SUN INDUSTRIES,08-08-2026,1,0,0,,FALSE,TRUE
17903 (504),GLORIO,0,GLORIO,08-08-2026,0,0,0,,FALSE,TRUE
17904 (502),GLORIO,0,GLORIO,08-08-2026,0,0,0,,FALSE,TRUE
17905,GLORIO,0,GLORIO,08-08-2026,1,0,0,,FALSE,TRUE
7701 (125),GLORIO,0,GLORIO,08-08-2026,0,0,0,,FALSE,TRUE
7702,GLORIO,0,GLORIO,08-08-2026,0,0,0,,FALSE,TRUE
7703,GLORIO,0,GLORIO,08-08-2026,1,0,0,,FALSE,TRUE
7704,GLORIO,0,GLORIO,08-08-2026,0,0,0,,FALSE,TRUE
7705,GLORIO,0,GLORIO,08-08-2026,0,1,0,,FALSE,TRUE
7706,GLORIO,0,GLORIO,08-08-2026,0,0,0,,FALSE,TRUE
7708,GLORIO,0,GLORIO,08-08-2026,1,0,0,,FALSE,TRUE
7709,GLORIO,0,GLORIO,08-08-2026,0,0,0,,FALSE,TRUE
7710,GLORIO,0,GLORIO,08-08-2026,0,1,0,,FALSE,TRUE
7710,GLORIO,1,GLORIO,08-08-2026,0,1,0,4X4 NA 2 PIECE,FALSE,TRUE
7715,GLORIO,0,GLORIO,08-08-2026,1,0,0,,FALSE,TRUE
7720,GLORIO,0,GLORIO,08-08-2026,0,0,0,,FALSE,TRUE
7722,GLORIO,0,GLORIO,08-08-2026,2,0,0,,FALSE,TRUE
7723,GLORIO,0,GLORIO,08-08-2026,1,0,0,,FALSE,TRUE
7801,GLORIO,0,GLORIO,08-08-2026,0,1,0,SCRATCH,FALSE,TRUE
7803,GLORIO,0,GLORIO,08-08-2026,1,0,0,,FALSE,TRUE
7803,GLORIO,1,GLORIO,08-08-2026,1,0,0,,FALSE,TRUE
7803,GLORIO,2,GLORIO,08-08-2026,1,0,0,,FALSE,TRUE
7804,GLORIO,0,GLORIO,08-08-2026,1,0,0,,FALSE,TRUE
7805,GLORIO,0,GLORIO,08-08-2026,1,0,0,,FALSE,TRUE
7805,GLORIO,1,GLORIO,08-08-2026,1,0,0,,FALSE,TRUE
7807,GLORIO,0,GLORIO,08-08-2026,3,0,0,,FALSE,TRUE
7808,GLORIO,0,GLORIO,08-08-2026,1,0,0,,FALSE,TRUE
7809,GLORIO,0,GLORIO,08-08-2026,1,0,0,,FALSE,TRUE
7810,GLORIO,0,GLORIO,08-08-2026,1,0,0,,FALSE,TRUE
7812,GLORIO,0,GLORIO,08-08-2026,1,0,0,,FALSE,TRUE
7811,GLORIO,0,GLORIO,08-08-2026,1,0,0,,FALSE,TRUE
7813 (502),GLORIO,0,GLORIO,08-08-2026,0,0,0,,FALSE,TRUE
7815,GLORIO,0,GLORIO,08-08-2026,0,0,0,,FALSE,TRUE
7820,GLORIO,0,GLORIO,08-08-2026,3,0,0,,FALSE,TRUE
7820,GLORIO,1,GLORIO,08-08-2026,1,0,0,,FALSE,TRUE
7825,GLORIO,0,GLORIO,08-08-2026,4,0,0,,FALSE,TRUE
7827,GLORIO,0,GLORIO,08-08-2026,0,1,0,6X4 SIZE,FALSE,TRUE
7836,GLORIO,0,GLORIO,08-08-2026,0,0,0,,FALSE,TRUE
7837,GLORIO,0,GLORIO,08-08-2026,0,0,0,,FALSE,TRUE
7838,GLORIO,0,GLORIO,08-08-2026,2,1,0,SCRATCH,FALSE,TRUE
7839,GLORIO,0,GLORIO,08-08-2026,0,0,0,,FALSE,TRUE
7840,GLORIO,0,GLORIO,08-08-2026,1,0,0,,FALSE,TRUE
7951,GLORIO,0,GLORIO,08-08-2026,1,0,0,,FALSE,TRUE
7954,GLORIO,0,GLORIO,08-08-2026,1,0,0,,FALSE,TRUE
7956,GLORIO,0,GLORIO,08-08-2026,4,0,0,,FALSE,TRUE
7956,GLORIO,1,GLORIO,08-08-2026,1,0,0,,FALSE,TRUE
7957,GLORIO,0,GLORIO,08-08-2026,1,0,0,,FALSE,TRUE
7959,GLORIO,0,GLORIO,08-08-2026,1,0,0,,FALSE,TRUE
7961,GLORIO,0,GLORIO,08-08-2026,1,0,0,,FALSE,TRUE
7965,GLORIO,0,GLORIO,08-08-2026,0,0,0,,FALSE,TRUE
7967,GLORIO,0,GLORIO,08-08-2026,1,0,0,,FALSE,TRUE
7968,GLORIO,0,GLORIO,08-08-2026,0,0,0,,FALSE,TRUE
7969,GLORIO,0,GLORIO,08-08-2026,1,0,0,,FALSE,TRUE
7970,GLORIO,0,GLORIO,08-08-2026,1,0,0,,FALSE,TRUE
7971,GLORIO,0,GLORIO,08-08-2026,0,2,0,,FALSE,TRUE
7972,GLORIO,0,GLORIO,08-08-2026,3,0,0,,FALSE,TRUE
7974,GLORIO,0,GLORIO,08-08-2026,1,0,0,,FALSE,TRUE
7975,GLORIO,0,GLORIO,08-08-2026,5,0,0,,FALSE,TRUE
7976,GLORIO,0,GLORIO,08-08-2026,0,0,0,,FALSE,TRUE
7977,GLORIO,0,GLORIO,08-08-2026,2,0,0,,FALSE,TRUE
7979,GLORIO,0,GLORIO,08-08-2026,1,0,0,,FALSE,TRUE
7980,GLORIO,0,GLORIO,08-08-2026,1,0,0,,FALSE,TRUE
7981,GLORIO,0,GLORIO,08-08-2026,1,0,0,,FALSE,TRUE
